item_id,operational_status,quarantine_group,quarantine_reason,can_participate_in_price_propagation,business_review_status,catalog_baseline_cut,catalog_baseline_map_status
78009,HISTORICAL_OR_DISCONTINUED,UD-004,PENDING_BUSINESS_REVIEW_PHYSICAL_WITHOUT_WOO,false,PENDING,WOO-MAP-001A.3,BLOCKED
78012,HISTORICAL_OR_DISCONTINUED,UD-004,PENDING_BUSINESS_REVIEW_PHYSICAL_WITHOUT_WOO,false,PENDING,WOO-MAP-001A.3,BLOCKED
78013,HISTORICAL_OR_DISCONTINUED,UD-004,PENDING_BUSINESS_REVIEW_PHYSICAL_WITHOUT_WOO,false,PENDING,WOO-MAP-001A.3,BLOCKED
201001,OPERATIONAL_BASELINE,,,true,NOT_REQUIRED,WOO-MAP-001A.3,MAPPED_EXACT
201002,OPERATIONAL_BASELINE,,,true,NOT_REQUIRED,WOO-MAP-001A.3,MAPPED_EXACT
201003,OPERATIONAL_BASELINE,,,true,NOT_REQUIRED,WOO-MAP-001A.3,MAPPED_EXACT
201004,OPERATIONAL_BASELINE,,,true,NOT_REQUIRED,WOO-MAP-001A.3,MAPPED_EXACT
201005,OPERATIONAL_BASELINE,,,true,NOT_REQUIRED,WOO-MAP-001A.3,MAPPED_EXACT
201006,OPERATIONAL_BASELINE,,,false,NOT_REQUIRED,WOO-MAP-001A.3,BLOCKED
201007,OPERATIONAL_BASELINE,,,false,NOT_REQUIRED,WOO-MAP-001A.3,BLOCKED
201010,OPERATIONAL_BASELINE,,,true,NOT_REQUIRED,WOO-MAP-001A.3,MAPPED_EXACT
201011,OPERATIONAL_BASELINE,,,true,NOT_REQUIRED,WOO-MAP-001A.3,MAPPED_EXACT
201013,HISTORICAL_OR_DISCONTINUED,UD-004,PENDING_BUSINESS_REVIEW_PHYSICAL_WITHOUT_WOO,false,PENDING,WOO-MAP-001A.3,BLOCKED
201014,OPERATIONAL_BASELINE,,,true,NOT_REQUIRED,WOO-MAP-001A.3,MAPPED_EXACT
206001,HISTORICAL_OR_DISCONTINUED,UD-004,PENDING_BUSINESS_REVIEW_PHYSICAL_WITHOUT_WOO,false,PENDING,WOO-MAP-001A.3,BLOCKED
208001,HISTORICAL_OR_DISCONTINUED,UD-004,PENDING_BUSINESS_REVIEW_PHYSICAL_WITHOUT_WOO,false,PENDING,WOO-MAP-001A.3,BLOCKED
213001,HISTORICAL_OR_DISCONTINUED,UD-004,PENDING_BUSINESS_REVIEW_PHYSICAL_WITHOUT_WOO,false,PENDING,WOO-MAP-001A.3,BLOCKED
214001,HISTORICAL_OR_DISCONTINUED,UD-004,PENDING_BUSINESS_REVIEW_PHYSICAL_WITHOUT_WOO,false,PENDING,WOO-MAP-001A.3,BLOCKED
216001,HISTORICAL_OR_DISCONTINUED,UD-004,PENDING_BUSINESS_REVIEW_PHYSICAL_WITHOUT_WOO,false,PENDING,WOO-MAP-001A.3,BLOCKED
302002,OPERATIONAL_BASELINE,,,true,NOT_REQUIRED,WOO-MAP-001A.3,MAPPED_EXACT
302009,OPERATIONAL_BASELINE,,,true,NOT_REQUIRED,WOO-MAP-001A.3,MAPPED_EXACT
302018,OPERATIONAL_BASELINE,,,true,NOT_REQUIRED,WOO-MAP-001A.3,MAPPED_EXACT
302019,OPERATIONAL_BASELINE,,,true,NOT_REQUIRED,WOO-MAP-001A.3,MAPPED_EXACT
402010,OPERATIONAL_BASELINE,,,true,NOT_REQUIRED,WOO-MAP-001A.3,MAPPED_EXACT
402012,OPERATIONAL_BASELINE,,,true,NOT_REQUIRED,WOO-MAP-001A.3,MAPPED_EXACT
402014,HISTORICAL_OR_DISCONTINUED,UD-004,PENDING_BUSINESS_REVIEW_PHYSICAL_WITHOUT_WOO,false,PENDING,WOO-MAP-001A.3,BLOCKED
402019,OPERATIONAL_BASELINE,,,true,NOT_REQUIRED,WOO-MAP-001A.3,MAPPED_EXACT
402020,OPERATIONAL_BASELINE,,,true,NOT_REQUIRED,WOO-MAP-001A.3,MAPPED_EXACT
402021,HISTORICAL_OR_DISCONTINUED,UD-004,PENDING_BUSINESS_REVIEW_PHYSICAL_WITHOUT_WOO,false,PENDING,WOO-MAP-001A.3,BLOCKED
404005,HISTORICAL_OR_DISCONTINUED,UD-004,PENDING_BUSINESS_REVIEW_PHYSICAL_WITHOUT_WOO,false,PENDING,WOO-MAP-001A.3,BLOCKED
404006,HISTORICAL_OR_DISCONTINUED,UD-004,PENDING_BUSINESS_REVIEW_PHYSICAL_WITHOUT_WOO,false,PENDING,WOO-MAP-001A.3,BLOCKED
404007,HISTORICAL_OR_DISCONTINUED,UD-004,PENDING_BUSINESS_REVIEW_PHYSICAL_WITHOUT_WOO,false,PENDING,WOO-MAP-001A.3,BLOCKED
404017,OPERATIONAL_BASELINE,,,false,NOT_REQUIRED,WOO-MAP-001A.3,BLOCKED
404019,OPERATIONAL_BASELINE,,,true,NOT_REQUIRED,WOO-MAP-001A.3,MAPPED_EXACT
404020,HISTORICAL_OR_DISCONTINUED,UD-004,PENDING_BUSINESS_REVIEW_PHYSICAL_WITHOUT_WOO,false,PENDING,WOO-MAP-001A.3,BLOCKED
404021,HISTORICAL_OR_DISCONTINUED,UD-004,PENDING_BUSINESS_REVIEW_PHYSICAL_WITHOUT_WOO,false,PENDING,WOO-MAP-001A.3,BLOCKED
404022,HISTORICAL_OR_DISCONTINUED,UD-004,PENDING_BUSINESS_REVIEW_PHYSICAL_WITHOUT_WOO,false,PENDING,WOO-MAP-001A.3,BLOCKED
406003,OPERATIONAL_BASELINE,,,true,NOT_REQUIRED,WOO-MAP-001A.3,MAPPED_EXACT
406006,HISTORICAL_OR_DISCONTINUED,UD-004,PENDING_BUSINESS_REVIEW_PHYSICAL_WITHOUT_WOO,false,PENDING,WOO-MAP-001A.3,BLOCKED
502002,OPERATIONAL_BASELINE,,,true,NOT_REQUIRED,WOO-MAP-001A.3,MAPPED_EXACT
502005,OPERATIONAL_BASELINE,,,true,NOT_REQUIRED,WOO-MAP-001A.3,MAPPED_EXACT
502012,OPERATIONAL_BASELINE,,,true,NOT_REQUIRED,WOO-MAP-001A.3,MAPPED_EXACT
504009,OPERATIONAL_BASELINE,,,true,NOT_REQUIRED,WOO-MAP-001A.3,MAPPED_EXACT
504010,OPERATIONAL_BASELINE,,,true,NOT_REQUIRED,WOO-MAP-001A.3,MAPPED_EXACT
504011,OPERATIONAL_BASELINE,,,true,NOT_REQUIRED,WOO-MAP-001A.3,MAPPED_EXACT
504012,OPERATIONAL_BASELINE,,,true,NOT_REQUIRED,WOO-MAP-001A.3,MAPPED_EXACT
504015,HISTORICAL_OR_DISCONTINUED,UD-004,PENDING_BUSINESS_REVIEW_PHYSICAL_WITHOUT_WOO,false,PENDING,WOO-MAP-001A.3,BLOCKED
504016,HISTORICAL_OR_DISCONTINUED,UD-004,PENDING_BUSINESS_REVIEW_PHYSICAL_WITHOUT_WOO,false,PENDING,WOO-MAP-001A.3,BLOCKED
606001,OPERATIONAL_BASELINE,,,true,NOT_REQUIRED,WOO-MAP-001A.3,MAPPED_EXACT
606002,OPERATIONAL_BASELINE,,,true,NOT_REQUIRED,WOO-MAP-001A.3,MAPPED_EXACT
606003,OPERATIONAL_BASELINE,,,false,NOT_REQUIRED,WOO-MAP-001A.3,BLOCKED
606004,OPERATIONAL_BASELINE,,,true,NOT_REQUIRED,WOO-MAP-001A.3,MAPPED_EXACT
606006,HISTORICAL_OR_DISCONTINUED,UD-004,PENDING_BUSINESS_REVIEW_PHYSICAL_WITHOUT_WOO,false,PENDING,WOO-MAP-001A.3,BLOCKED
606007,OPERATIONAL_BASELINE,,,true,NOT_REQUIRED,WOO-MAP-001A.3,MAPPED_EXACT
607001,OPERATIONAL_BASELINE,,,true,NOT_REQUIRED,WOO-MAP-001A.3,MAPPED_EXACT
607002,OPERATIONAL_BASELINE,,,true,NOT_REQUIRED,WOO-MAP-001A.3,BLOCKED
607003,HISTORICAL_OR_DISCONTINUED,UD-004,PENDING_BUSINESS_REVIEW_PHYSICAL_WITHOUT_WOO,false,PENDING,WOO-MAP-001A.3,BLOCKED
607004,HISTORICAL_OR_DISCONTINUED,UD-004,PENDING_BUSINESS_REVIEW_PHYSICAL_WITHOUT_WOO,false,PENDING,WOO-MAP-001A.3,BLOCKED
607006,HISTORICAL_OR_DISCONTINUED,UD-004,PENDING_BUSINESS_REVIEW_PHYSICAL_WITHOUT_WOO,false,PENDING,WOO-MAP-001A.3,BLOCKED
607007,OPERATIONAL_BASELINE,,,true,NOT_REQUIRED,WOO-MAP-001A.3,MAPPED_EXACT
607019,HISTORICAL_OR_DISCONTINUED,UD-004,PENDING_BUSINESS_REVIEW_PHYSICAL_WITHOUT_WOO,false,PENDING,WOO-MAP-001A.3,BLOCKED
608001,OPERATIONAL_BASELINE,,,true,NOT_REQUIRED,WOO-MAP-001A.3,MAPPED_EXACT
608002,OPERATIONAL_BASELINE,,,true,NOT_REQUIRED,WOO-MAP-001A.3,MAPPED_EXACT
608003,OPERATIONAL_BASELINE,,,true,NOT_REQUIRED,WOO-MAP-001A.3,MAPPED_EXACT
608004,OPERATIONAL_BASELINE,,,true,NOT_REQUIRED,WOO-MAP-001A.3,MAPPED_EXACT
608005,OPERATIONAL_BASELINE,,,true,NOT_REQUIRED,WOO-MAP-001A.3,MAPPED_EXACT
608006,OPERATIONAL_BASELINE,,,true,NOT_REQUIRED,WOO-MAP-001A.3,BLOCKED
608007,OPERATIONAL_BASELINE,,,true,NOT_REQUIRED,WOO-MAP-001A.3,MAPPED_EXACT
608010,OPERATIONAL_BASELINE,,,false,NOT_REQUIRED,WOO-MAP-001A.3,BLOCKED
608012,HISTORICAL_OR_DISCONTINUED,UD-004,PENDING_BUSINESS_REVIEW_PHYSICAL_WITHOUT_WOO,false,PENDING,WOO-MAP-001A.3,BLOCKED
608013,OPERATIONAL_BASELINE,,,true,NOT_REQUIRED,WOO-MAP-001A.3,MAPPED_EXACT
608014,OPERATIONAL_BASELINE,,,true,NOT_REQUIRED,WOO-MAP-001A.3,MAPPED_EXACT
608015,OPERATIONAL_BASELINE,,,true,NOT_REQUIRED,WOO-MAP-001A.3,MAPPED_EXACT
608016,OPERATIONAL_BASELINE,,,true,NOT_REQUIRED,WOO-MAP-001A.3,MAPPED_EXACT
608017,HISTORICAL_OR_DISCONTINUED,UD-004,PENDING_BUSINESS_REVIEW_PHYSICAL_WITHOUT_WOO,false,PENDING,WOO-MAP-001A.3,BLOCKED
608018,HISTORICAL_OR_DISCONTINUED,UD-004,PENDING_BUSINESS_REVIEW_PHYSICAL_WITHOUT_WOO,false,PENDING,WOO-MAP-001A.3,BLOCKED
608019,HISTORICAL_OR_DISCONTINUED,UD-004,PENDING_BUSINESS_REVIEW_PHYSICAL_WITHOUT_WOO,false,PENDING,WOO-MAP-001A.3,BLOCKED
609001,OPERATIONAL_BASELINE,,,true,NOT_REQUIRED,WOO-MAP-001A.3,MAPPED_EXACT
609002,OPERATIONAL_BASELINE,,,true,NOT_REQUIRED,WOO-MAP-001A.3,MAPPED_EXACT
609003,HISTORICAL_OR_DISCONTINUED,UD-004,PENDING_BUSINESS_REVIEW_PHYSICAL_WITHOUT_WOO,false,PENDING,WOO-MAP-001A.3,BLOCKED
609004,OPERATIONAL_BASELINE,,,true,NOT_REQUIRED,WOO-MAP-001A.3,MAPPED_EXACT
609006,HISTORICAL_OR_DISCONTINUED,UD-004,PENDING_BUSINESS_REVIEW_PHYSICAL_WITHOUT_WOO,false,PENDING,WOO-MAP-001A.3,BLOCKED
609007,OPERATIONAL_BASELINE,,,true,NOT_REQUIRED,WOO-MAP-001A.3,MAPPED_EXACT
609008,HISTORICAL_OR_DISCONTINUED,UD-004,PENDING_BUSINESS_REVIEW_PHYSICAL_WITHOUT_WOO,false,PENDING,WOO-MAP-001A.3,BLOCKED
614001,HISTORICAL_OR_DISCONTINUED,UD-004,PENDING_BUSINESS_REVIEW_PHYSICAL_WITHOUT_WOO,false,PENDING,WOO-MAP-001A.3,BLOCKED
614002,OPERATIONAL_BASELINE,,,true,NOT_REQUIRED,WOO-MAP-001A.3,BLOCKED
614004,OPERATIONAL_BASELINE,,,true,NOT_REQUIRED,WOO-MAP-001A.3,MAPPED_EXACT
614006,HISTORICAL_OR_DISCONTINUED,UD-004,PENDING_BUSINESS_REVIEW_PHYSICAL_WITHOUT_WOO,false,PENDING,WOO-MAP-001A.3,BLOCKED
614007,OPERATIONAL_BASELINE,,,true,NOT_REQUIRED,WOO-MAP-001A.3,MAPPED_EXACT
615001,OPERATIONAL_BASELINE,,,true,NOT_REQUIRED,WOO-MAP-001A.3,MAPPED_EXACT
615002,OPERATIONAL_BASELINE,,,true,NOT_REQUIRED,WOO-MAP-001A.3,MAPPED_EXACT
615004,OPERATIONAL_BASELINE,,,true,NOT_REQUIRED,WOO-MAP-001A.3,MAPPED_EXACT
615006,HISTORICAL_OR_DISCONTINUED,UD-004,PENDING_BUSINESS_REVIEW_PHYSICAL_WITHOUT_WOO,false,PENDING,WOO-MAP-001A.3,BLOCKED
615007,HISTORICAL_OR_DISCONTINUED,UD-004,PENDING_BUSINESS_REVIEW_PHYSICAL_WITHOUT_WOO,false,PENDING,WOO-MAP-001A.3,BLOCKED
615008,HISTORICAL_OR_DISCONTINUED,UD-004,PENDING_BUSINESS_REVIEW_PHYSICAL_WITHOUT_WOO,false,PENDING,WOO-MAP-001A.3,BLOCKED
615010,HISTORICAL_OR_DISCONTINUED,UD-004,PENDING_BUSINESS_REVIEW_PHYSICAL_WITHOUT_WOO,false,PENDING,WOO-MAP-001A.3,BLOCKED
616001,OPERATIONAL_BASELINE,,,true,NOT_REQUIRED,WOO-MAP-001A.3,MAPPED_EXACT
616002,OPERATIONAL_BASELINE,,,true,NOT_REQUIRED,WOO-MAP-001A.3,MAPPED_EXACT
616003,OPERATIONAL_BASELINE,,,true,NOT_REQUIRED,WOO-MAP-001A.3,MAPPED_EXACT
616004,OPERATIONAL_BASELINE,,,true,NOT_REQUIRED,WOO-MAP-001A.3,MAPPED_EXACT
616005,OPERATIONAL_BASELINE,,,true,NOT_REQUIRED,WOO-MAP-001A.3,MAPPED_EXACT
616006,OPERATIONAL_BASELINE,,,true,NOT_REQUIRED,WOO-MAP-001A.3,BLOCKED
616007,OPERATIONAL_BASELINE,,,true,NOT_REQUIRED,WOO-MAP-001A.3,MAPPED_EXACT
616008,HISTORICAL_OR_DISCONTINUED,UD-004,PENDING_BUSINESS_REVIEW_PHYSICAL_WITHOUT_WOO,false,PENDING,WOO-MAP-001A.3,BLOCKED
616010,HISTORICAL_OR_DISCONTINUED,UD-004,PENDING_BUSINESS_REVIEW_PHYSICAL_WITHOUT_WOO,false,PENDING,WOO-MAP-001A.3,BLOCKED
616012,HISTORICAL_OR_DISCONTINUED,UD-004,PENDING_BUSINESS_REVIEW_PHYSICAL_WITHOUT_WOO,false,PENDING,WOO-MAP-001A.3,BLOCKED
616013,OPERATIONAL_BASELINE,,,true,NOT_REQUIRED,WOO-MAP-001A.3,MAPPED_EXACT
616014,OPERATIONAL_BASELINE,,,true,NOT_REQUIRED,WOO-MAP-001A.3,MAPPED_EXACT
616015,OPERATIONAL_BASELINE,,,true,NOT_REQUIRED,WOO-MAP-001A.3,MAPPED_EXACT
616016,OPERATIONAL_BASELINE,,,true,NOT_REQUIRED,WOO-MAP-001A.3,MAPPED_EXACT
616019,HISTORICAL_OR_DISCONTINUED,UD-004,PENDING_BUSINESS_REVIEW_PHYSICAL_WITHOUT_WOO,false,PENDING,WOO-MAP-001A.3,BLOCKED
617002,OPERATIONAL_BASELINE,,,true,NOT_REQUIRED,WOO-MAP-001A.3,MAPPED_EXACT
617004,OPERATIONAL_BASELINE,,,true,NOT_REQUIRED,WOO-MAP-001A.3,MAPPED_EXACT
617007,HISTORICAL_OR_DISCONTINUED,UD-004,PENDING_BUSINESS_REVIEW_PHYSICAL_WITHOUT_WOO,false,PENDING,WOO-MAP-001A.3,BLOCKED
617018,HISTORICAL_OR_DISCONTINUED,UD-004,PENDING_BUSINESS_REVIEW_PHYSICAL_WITHOUT_WOO,false,PENDING,WOO-MAP-001A.3,BLOCKED
618004,HISTORICAL_OR_DISCONTINUED,UD-004,PENDING_BUSINESS_REVIEW_PHYSICAL_WITHOUT_WOO,false,PENDING,WOO-MAP-001A.3,BLOCKED
619002,OPERATIONAL_BASELINE,,,true,NOT_REQUIRED,WOO-MAP-001A.3,MAPPED_EXACT
619004,OPERATIONAL_BASELINE,,,true,NOT_REQUIRED,WOO-MAP-001A.3,MAPPED_EXACT
619007,OPERATIONAL_BASELINE,,,true,NOT_REQUIRED,WOO-MAP-001A.3,MAPPED_EXACT
619009,OPERATIONAL_BASELINE,,,true,NOT_REQUIRED,WOO-MAP-001A.3,MAPPED_EXACT
619010,OPERATIONAL_BASELINE,,,true,NOT_REQUIRED,WOO-MAP-001A.3,MAPPED_EXACT
619011,HISTORICAL_OR_DISCONTINUED,UD-004,PENDING_BUSINESS_REVIEW_PHYSICAL_WITHOUT_WOO,false,PENDING,WOO-MAP-001A.3,BLOCKED
619013,HISTORICAL_OR_DISCONTINUED,UD-004,PENDING_BUSINESS_REVIEW_PHYSICAL_WITHOUT_WOO,false,PENDING,WOO-MAP-001A.3,BLOCKED
619014,HISTORICAL_OR_DISCONTINUED,UD-004,PENDING_BUSINESS_REVIEW_PHYSICAL_WITHOUT_WOO,false,PENDING,WOO-MAP-001A.3,BLOCKED
721001,OPERATIONAL_BASELINE,,,true,NOT_REQUIRED,WOO-MAP-001A.3,MAPPED_EXACT
721002,OPERATIONAL_BASELINE,,,true,NOT_REQUIRED,WOO-MAP-001A.3,MAPPED_EXACT
721003,OPERATIONAL_BASELINE,,,true,NOT_REQUIRED,WOO-MAP-001A.3,MAPPED_EXACT
722001,OPERATIONAL_BASELINE,,,true,NOT_REQUIRED,WOO-MAP-001A.3,MAPPED_EXACT
722003,OPERATIONAL_BASELINE,,,true,NOT_REQUIRED,WOO-MAP-001A.3,MAPPED_EXACT
724001,OPERATIONAL_BASELINE,,,true,NOT_REQUIRED,WOO-MAP-001A.3,MAPPED_EXACT
724002,OPERATIONAL_BASELINE,,,true,NOT_REQUIRED,WOO-MAP-001A.3,MAPPED_EXACT
724003,OPERATIONAL_BASELINE,,,true,NOT_REQUIRED,WOO-MAP-001A.3,MAPPED_EXACT
724004,OPERATIONAL_BASELINE,,,true,NOT_REQUIRED,WOO-MAP-001A.3,MAPPED_EXACT
724005,OPERATIONAL_BASELINE,,,true,NOT_REQUIRED,WOO-MAP-001A.3,MAPPED_EXACT
724006,OPERATIONAL_BASELINE,,,true,NOT_REQUIRED,WOO-MAP-001A.3,MAPPED_EXACT
724007,OPERATIONAL_BASELINE,,,true,NOT_REQUIRED,WOO-MAP-001A.3,MAPPED_EXACT
724008,OPERATIONAL_BASELINE,,,true,NOT_REQUIRED,WOO-MAP-001A.3,MAPPED_EXACT
724010,HISTORICAL_OR_DISCONTINUED,UD-004,PENDING_BUSINESS_REVIEW_PHYSICAL_WITHOUT_WOO,false,PENDING,WOO-MAP-001A.3,BLOCKED
724011,OPERATIONAL_BASELINE,,,true,NOT_REQUIRED,WOO-MAP-001A.3,MAPPED_EXACT
724012,HISTORICAL_OR_DISCONTINUED,UD-004,PENDING_BUSINESS_REVIEW_PHYSICAL_WITHOUT_WOO,false,PENDING,WOO-MAP-001A.3,BLOCKED
725001,HISTORICAL_OR_DISCONTINUED,UD-004,PENDING_BUSINESS_REVIEW_PHYSICAL_WITHOUT_WOO,false,PENDING,WOO-MAP-001A.3,BLOCKED
725002,HISTORICAL_OR_DISCONTINUED,UD-004,PENDING_BUSINESS_REVIEW_PHYSICAL_WITHOUT_WOO,false,PENDING,WOO-MAP-001A.3,BLOCKED
725003,HISTORICAL_OR_DISCONTINUED,UD-004,PENDING_BUSINESS_REVIEW_PHYSICAL_WITHOUT_WOO,false,PENDING,WOO-MAP-001A.3,BLOCKED
725004,OPERATIONAL_BASELINE,,,false,NOT_REQUIRED,WOO-MAP-001A.3,BLOCKED
725005,HISTORICAL_OR_DISCONTINUED,UD-004,PENDING_BUSINESS_REVIEW_PHYSICAL_WITHOUT_WOO,false,PENDING,WOO-MAP-001A.3,BLOCKED
725006,HISTORICAL_OR_DISCONTINUED,UD-004,PENDING_BUSINESS_REVIEW_PHYSICAL_WITHOUT_WOO,false,PENDING,WOO-MAP-001A.3,BLOCKED
726007,OPERATIONAL_BASELINE,,,true,NOT_REQUIRED,WOO-MAP-001A.3,MAPPED_EXACT
727007,OPERATIONAL_BASELINE,,,true,NOT_REQUIRED,WOO-MAP-001A.3,MAPPED_EXACT
728001,OPERATIONAL_BASELINE,,,true,NOT_REQUIRED,WOO-MAP-001A.3,MAPPED_EXACT
728002,OPERATIONAL_BASELINE,,,true,NOT_REQUIRED,WOO-MAP-001A.3,MAPPED_EXACT
728003,OPERATIONAL_BASELINE,,,true,NOT_REQUIRED,WOO-MAP-001A.3,MAPPED_EXACT
728004,OPERATIONAL_BASELINE,,,true,NOT_REQUIRED,WOO-MAP-001A.3,MAPPED_EXACT
728005,OPERATIONAL_BASELINE,,,true,NOT_REQUIRED,WOO-MAP-001A.3,MAPPED_EXACT
728006,OPERATIONAL_BASELINE,,,true,NOT_REQUIRED,WOO-MAP-001A.3,MAPPED_EXACT
728007,OPERATIONAL_BASELINE,,,true,NOT_REQUIRED,WOO-MAP-001A.3,MAPPED_EXACT
728009,OPERATIONAL_BASELINE,,,true,NOT_REQUIRED,WOO-MAP-001A.3,MAPPED_EXACT
728012,HISTORICAL_OR_DISCONTINUED,UD-004,PENDING_BUSINESS_REVIEW_PHYSICAL_WITHOUT_WOO,false,PENDING,WOO-MAP-001A.3,BLOCKED
730001,OPERATIONAL_BASELINE,,,true,NOT_REQUIRED,WOO-MAP-001A.3,MAPPED_EXACT
730002,OPERATIONAL_BASELINE,,,true,NOT_REQUIRED,WOO-MAP-001A.3,MAPPED_EXACT
730003,OPERATIONAL_BASELINE,,,true,NOT_REQUIRED,WOO-MAP-001A.3,MAPPED_EXACT
730004,OPERATIONAL_BASELINE,,,true,NOT_REQUIRED,WOO-MAP-001A.3,MAPPED_EXACT
730005,OPERATIONAL_BASELINE,,,true,NOT_REQUIRED,WOO-MAP-001A.3,MAPPED_EXACT
730006,OPERATIONAL_BASELINE,,,true,NOT_REQUIRED,WOO-MAP-001A.3,MAPPED_EXACT
730007,OPERATIONAL_BASELINE,,,true,NOT_REQUIRED,WOO-MAP-001A.3,MAPPED_EXACT
730008,HISTORICAL_OR_DISCONTINUED,UD-004,PENDING_BUSINESS_REVIEW_PHYSICAL_WITHOUT_WOO,false,PENDING,WOO-MAP-001A.3,BLOCKED
730009,OPERATIONAL_BASELINE,,,true,NOT_REQUIRED,WOO-MAP-001A.3,MAPPED_EXACT
730012,OPERATIONAL_BASELINE,,,true,NOT_REQUIRED,WOO-MAP-001A.3,MAPPED_EXACT
730013,OPERATIONAL_BASELINE,,,true,NOT_REQUIRED,WOO-MAP-001A.3,MAPPED_EXACT
731001,OPERATIONAL_BASELINE,,,true,NOT_REQUIRED,WOO-MAP-001A.3,MAPPED_EXACT
731002,OPERATIONAL_BASELINE,,,true,NOT_REQUIRED,WOO-MAP-001A.3,MAPPED_EXACT
731003,OPERATIONAL_BASELINE,,,true,NOT_REQUIRED,WOO-MAP-001A.3,MAPPED_EXACT
731004,OPERATIONAL_BASELINE,,,true,NOT_REQUIRED,WOO-MAP-001A.3,MAPPED_EXACT
731005,OPERATIONAL_BASELINE,,,true,NOT_REQUIRED,WOO-MAP-001A.3,MAPPED_EXACT
731006,OPERATIONAL_BASELINE,,,true,NOT_REQUIRED,WOO-MAP-001A.3,MAPPED_EXACT
733001,OPERATIONAL_BASELINE,,,true,NOT_REQUIRED,WOO-MAP-001A.3,MAPPED_EXACT
733002,OPERATIONAL_BASELINE,,,true,NOT_REQUIRED,WOO-MAP-001A.3,MAPPED_EXACT
733003,OPERATIONAL_BASELINE,,,true,NOT_REQUIRED,WOO-MAP-001A.3,MAPPED_EXACT
733004,OPERATIONAL_BASELINE,,,true,NOT_REQUIRED,WOO-MAP-001A.3,MAPPED_EXACT
733005,OPERATIONAL_BASELINE,,,true,NOT_REQUIRED,WOO-MAP-001A.3,MAPPED_EXACT
733006,OPERATIONAL_BASELINE,,,true,NOT_REQUIRED,WOO-MAP-001A.3,MAPPED_EXACT
758001,OPERATIONAL_BASELINE,,,true,NOT_REQUIRED,WOO-MAP-001A.3,MAPPED_EXACT
758002,OPERATIONAL_BASELINE,,,true,NOT_REQUIRED,WOO-MAP-001A.3,MAPPED_EXACT
758003,OPERATIONAL_BASELINE,,,true,NOT_REQUIRED,WOO-MAP-001A.3,MAPPED_EXACT
758004,OPERATIONAL_BASELINE,,,true,NOT_REQUIRED,WOO-MAP-001A.3,MAPPED_EXACT
758005,OPERATIONAL_BASELINE,,,true,NOT_REQUIRED,WOO-MAP-001A.3,MAPPED_EXACT
758006,OPERATIONAL_BASELINE,,,true,NOT_REQUIRED,WOO-MAP-001A.3,MAPPED_EXACT
758087,HISTORICAL_OR_DISCONTINUED,UD-004,PENDING_BUSINESS_REVIEW_PHYSICAL_WITHOUT_WOO,false,PENDING,WOO-MAP-001A.3,BLOCKED
759003,OPERATIONAL_BASELINE,,,true,NOT_REQUIRED,WOO-MAP-001A.3,MAPPED_EXACT
759004,OPERATIONAL_BASELINE,,,true,NOT_REQUIRED,WOO-MAP-001A.3,MAPPED_EXACT
759005,OPERATIONAL_BASELINE,,,true,NOT_REQUIRED,WOO-MAP-001A.3,MAPPED_EXACT
759006,OPERATIONAL_BASELINE,,,true,NOT_REQUIRED,WOO-MAP-001A.3,MAPPED_EXACT
759007,OPERATIONAL_BASELINE,,,true,NOT_REQUIRED,WOO-MAP-001A.3,MAPPED_EXACT
759008,OPERATIONAL_BASELINE,,,true,NOT_REQUIRED,WOO-MAP-001A.3,MAPPED_EXACT
759009,OPERATIONAL_BASELINE,,,true,NOT_REQUIRED,WOO-MAP-001A.3,MAPPED_EXACT
759010,OPERATIONAL_BASELINE,,,true,NOT_REQUIRED,WOO-MAP-001A.3,MAPPED_EXACT
770001,OPERATIONAL_BASELINE,,,true,NOT_REQUIRED,WOO-MAP-001A.3,MAPPED_EXACT
770002,OPERATIONAL_BASELINE,,,true,NOT_REQUIRED,WOO-MAP-001A.3,MAPPED_EXACT
770003,OPERATIONAL_BASELINE,,,true,NOT_REQUIRED,WOO-MAP-001A.3,MAPPED_EXACT
770005,OPERATIONAL_BASELINE,,,true,NOT_REQUIRED,WOO-MAP-001A.3,MAPPED_EXACT
770006,OPERATIONAL_BASELINE,,,true,NOT_REQUIRED,WOO-MAP-001A.3,MAPPED_EXACT
770007,OPERATIONAL_BASELINE,,,true,NOT_REQUIRED,WOO-MAP-001A.3,MAPPED_EXACT
770008,OPERATIONAL_BASELINE,,,true,NOT_REQUIRED,WOO-MAP-001A.3,MAPPED_EXACT
780001,OPERATIONAL_BASELINE,,,true,NOT_REQUIRED,WOO-MAP-001A.3,MAPPED_EXACT
780002,HISTORICAL_OR_DISCONTINUED,UD-004,PENDING_BUSINESS_REVIEW_PHYSICAL_WITHOUT_WOO,false,PENDING,WOO-MAP-001A.3,BLOCKED
780003,OPERATIONAL_BASELINE,,,true,NOT_REQUIRED,WOO-MAP-001A.3,MAPPED_EXACT
780004,OPERATIONAL_BASELINE,,,true,NOT_REQUIRED,WOO-MAP-001A.3,MAPPED_EXACT
780005,OPERATIONAL_BASELINE,,,true,NOT_REQUIRED,WOO-MAP-001A.3,MAPPED_EXACT
780006,OPERATIONAL_BASELINE,,,true,NOT_REQUIRED,WOO-MAP-001A.3,MAPPED_EXACT
780007,HISTORICAL_OR_DISCONTINUED,UD-004,PENDING_BUSINESS_REVIEW_PHYSICAL_WITHOUT_WOO,false,PENDING,WOO-MAP-001A.3,BLOCKED
780008,OPERATIONAL_BASELINE,,,true,NOT_REQUIRED,WOO-MAP-001A.3,MAPPED_EXACT
780009,OPERATIONAL_BASELINE,,,true,NOT_REQUIRED,WOO-MAP-001A.3,MAPPED_EXACT
780010,OPERATIONAL_BASELINE,,,true,NOT_REQUIRED,WOO-MAP-001A.3,MAPPED_EXACT
780012,OPERATIONAL_BASELINE,,,true,NOT_REQUIRED,WOO-MAP-001A.3,MAPPED_EXACT
780013,OPERATIONAL_BASELINE,,,true,NOT_REQUIRED,WOO-MAP-001A.3,MAPPED_EXACT
780014,OPERATIONAL_BASELINE,,,true,NOT_REQUIRED,WOO-MAP-001A.3,MAPPED_EXACT
808001,OPERATIONAL_BASELINE,,,true,NOT_REQUIRED,WOO-MAP-001A.3,MAPPED_EXACT
808003,OPERATIONAL_BASELINE,,,true,NOT_REQUIRED,WOO-MAP-001A.3,MAPPED_EXACT
809001,OPERATIONAL_BASELINE,,,true,NOT_REQUIRED,WOO-MAP-001A.3,MAPPED_EXACT
809003,OPERATIONAL_BASELINE,,,true,NOT_REQUIRED,WOO-MAP-001A.3,MAPPED_EXACT
813001,OPERATIONAL_BASELINE,,,true,NOT_REQUIRED,WOO-MAP-001A.3,MAPPED_EXACT
813003,OPERATIONAL_BASELINE,,,true,NOT_REQUIRED,WOO-MAP-001A.3,MAPPED_EXACT
814001,HISTORICAL_OR_DISCONTINUED,UD-004,PENDING_BUSINESS_REVIEW_PHYSICAL_WITHOUT_WOO,false,PENDING,WOO-MAP-001A.3,BLOCKED
814003,HISTORICAL_OR_DISCONTINUED,UD-004,PENDING_BUSINESS_REVIEW_PHYSICAL_WITHOUT_WOO,false,PENDING,WOO-MAP-001A.3,BLOCKED
816001,OPERATIONAL_BASELINE,,,true,NOT_REQUIRED,WOO-MAP-001A.3,MAPPED_EXACT
816003,OPERATIONAL_BASELINE,,,true,NOT_REQUIRED,WOO-MAP-001A.3,MAPPED_EXACT
817001,OPERATIONAL_BASELINE,,,true,NOT_REQUIRED,WOO-MAP-001A.3,MAPPED_EXACT
817003,OPERATIONAL_BASELINE,,,true,NOT_REQUIRED,WOO-MAP-001A.3,MAPPED_EXACT
818001,OPERATIONAL_BASELINE,,,true,NOT_REQUIRED,WOO-MAP-001A.3,MAPPED_EXACT
818002,OPERATIONAL_BASELINE,,,true,NOT_REQUIRED,WOO-MAP-001A.3,MAPPED_EXACT
859001,HISTORICAL_OR_DISCONTINUED,UD-004,PENDING_BUSINESS_REVIEW_PHYSICAL_WITHOUT_WOO,false,PENDING,WOO-MAP-001A.3,BLOCKED
859002,OPERATIONAL_BASELINE,,,true,NOT_REQUIRED,WOO-MAP-001A.3,BLOCKED
902005,HISTORICAL_OR_DISCONTINUED,UD-004,PENDING_BUSINESS_REVIEW_PHYSICAL_WITHOUT_WOO,false,PENDING,WOO-MAP-001A.3,BLOCKED
903001,OPERATIONAL_BASELINE,,,true,NOT_REQUIRED,WOO-MAP-001A.3,MAPPED_EXACT
1002004,OPERATIONAL_BASELINE,,,true,NOT_REQUIRED,WOO-MAP-001A.3,MAPPED_EXACT
1002011,OPERATIONAL_BASELINE,,,true,NOT_REQUIRED,WOO-MAP-001A.3,MAPPED_EXACT
1003001,OPERATIONAL_BASELINE,,,true,NOT_REQUIRED,WOO-MAP-001A.3,MAPPED_EXACT
1003003,OPERATIONAL_BASELINE,,,true,NOT_REQUIRED,WOO-MAP-001A.3,MAPPED_EXACT
1110002,OPERATIONAL_BASELINE,,,true,NOT_REQUIRED,WOO-MAP-001A.3,MAPPED_EXACT
1110003,OPERATIONAL_BASELINE,,,true,NOT_REQUIRED,WOO-MAP-001A.3,MAPPED_EXACT
1110009,OPERATIONAL_BASELINE,,,true,NOT_REQUIRED,WOO-MAP-001A.3,MAPPED_EXACT
1110010,OPERATIONAL_BASELINE,,,true,NOT_REQUIRED,WOO-MAP-001A.3,MAPPED_EXACT
1110011,OPERATIONAL_BASELINE,,,true,NOT_REQUIRED,WOO-MAP-001A.3,MAPPED_EXACT
1110013,OPERATIONAL_BASELINE,,,true,NOT_REQUIRED,WOO-MAP-001A.3,MAPPED_EXACT
1110015,OPERATIONAL_BASELINE,,,true,NOT_REQUIRED,WOO-MAP-001A.3,MAPPED_EXACT
1242001,OPERATIONAL_BASELINE,,,true,NOT_REQUIRED,WOO-MAP-001A.3,MAPPED_EXACT
1242002,HISTORICAL_OR_DISCONTINUED,UD-004,PENDING_BUSINESS_REVIEW_PHYSICAL_WITHOUT_WOO,false,PENDING,WOO-MAP-001A.3,BLOCKED
1243001,HISTORICAL_OR_DISCONTINUED,UD-004,PENDING_BUSINESS_REVIEW_PHYSICAL_WITHOUT_WOO,false,PENDING,WOO-MAP-001A.3,BLOCKED
1244001,OPERATIONAL_BASELINE,,,true,NOT_REQUIRED,WOO-MAP-001A.3,MAPPED_EXACT
1245001,OPERATIONAL_BASELINE,,,true,NOT_REQUIRED,WOO-MAP-001A.3,BLOCKED
1249001,OPERATIONAL_BASELINE,,,true,NOT_REQUIRED,WOO-MAP-001A.3,MAPPED_EXACT
1251006,OPERATIONAL_BASELINE,,,true,NOT_REQUIRED,WOO-MAP-001A.3,BLOCKED
1252005,OPERATIONAL_BASELINE,,,true,NOT_REQUIRED,WOO-MAP-001A.3,BLOCKED
1253003,OPERATIONAL_BASELINE,,,true,NOT_REQUIRED,WOO-MAP-001A.3,MAPPED_EXACT
1254005,OPERATIONAL_BASELINE,,,true,NOT_REQUIRED,WOO-MAP-001A.3,MAPPED_EXACT
