"item_id","heca_reference","hub_item_code","base_item_code","item_record_type","is_pack","name","family","size","filter_family","filter_group","filter_size","filter_gama","physical_validation_source","canonical_resolution_status","ui_eligibility_status"
"302009","0302009","0302009","","simple","false","Base Tatami Macao 180 x 200 cm, Natural","Bases para Tatamis","180x200","Bases para Tatamis","Macao","180x200","Natural","DAT","VALIDATED_PHYSICAL_ROW","PHYSICAL_UI_ELIGIBLE"
"302002","0302002","0302002","","simple","false","Base Tatami Provence, 180 x 200 cm, Natural","Bases para Tatamis","180x200","Bases para Tatamis","Provence","180x200","Natural","DAT","VALIDATED_PHYSICAL_ROW","PHYSICAL_UI_ELIGIBLE"
"302018","0302018","0302018","","simple","false","Base Tatami Tokio 160 x 200 x 20 cm, Natural UN","Bases para Tatamis","160x200x20","Bases para Tatamis","Tokio","160x200x20","Natural","DAT","VALIDATED_PHYSICAL_ROW","PHYSICAL_UI_ELIGIBLE"
"302019","0302019","0302019","","simple","false","Base Tatami Tokio 180 x 200 x 20 cm, Natural UN","Bases para Tatamis","180x200x20","Bases para Tatamis","Tokio","180x200x20","Natural","DAT","VALIDATED_PHYSICAL_ROW","PHYSICAL_UI_ELIGIBLE"
"406006","","406006","","simple","false","Cama Sumatra 160x200, natural","","160x200","Camas","Cama Sumatra","160x200","Natural","MAESTRO","SOURCE_BACKED_USER_APPROVED","PHYSICAL_UI_ELIGIBLE"
"404017","0404017","0404017","","simple","false","Cama Chalet Brus, 160 x 200 cm, Natural","Camas","160x200","Camas","Chalet Brus","160x200","Natural","DAT","VALIDATED_PHYSICAL_ROW","PHYSICAL_UI_ELIGIBLE"
"404019","0404019","0404019","","simple","false","Cama Chalet Brus, 180 x 200 cm, Natural","Camas","180x200","Camas","Chalet Brus","180x200","Natural","DAT","VALIDATED_PHYSICAL_ROW","PHYSICAL_UI_ELIGIBLE"
"404021","0404021","0404021","","simple","false","Cama Eko-bed, 120 x 200 cm, Crudo","Camas","120x200","Camas","Eko-bed","120x200","Crudo","DAT","VALIDATED_PHYSICAL_ROW","PHYSICAL_UI_ELIGIBLE"
"404005","0404005","0404005","","simple","false","Cama Eko-bed, 140 x 200 cm, Crudo","Camas","140x200","Camas","Eko-bed","140x200","Crudo","DAT","VALIDATED_PHYSICAL_ROW","PHYSICAL_UI_ELIGIBLE"
"404006","0404006","0404006","","simple","false","Cama Eko-bed, 150 x 200 cm, Crudo","Camas","150x200","Camas","Eko-bed","150x200","Crudo","DAT","VALIDATED_PHYSICAL_ROW","PHYSICAL_UI_ELIGIBLE"
"404007","0404007","0404007","","simple","false","Cama Eko-bed, 160 x 200 cm, Crudo","Camas","160x200","Camas","Eko-bed","160x200","Crudo","DAT","VALIDATED_PHYSICAL_ROW","PHYSICAL_UI_ELIGIBLE"
"404020","0404020","0404020","","simple","false","Cama Eko-bed, 180 x 200 cm, Crudo","Camas","180x200","Camas","Eko-bed","180x200","Crudo","DAT","VALIDATED_PHYSICAL_ROW","PHYSICAL_UI_ELIGIBLE"
"404022","0404022","0404022","","simple","false","Cama Eko-bed, 90 x 200 cm, Crudo","Camas","90x200","Camas","Eko-bed","90x200","Crudo","DAT","VALIDATED_PHYSICAL_ROW","PHYSICAL_UI_ELIGIBLE"
"402014","0402014","0402014","","simple","false","Cama Macao, 180 x 200 cm, Natural","Camas","180x200","Camas","Macao","180x200","Natural","DAT","VALIDATED_PHYSICAL_ROW","PHYSICAL_UI_ELIGIBLE"
"402020","0402020","0402020","","simple","false","Somier enrollable, 80 x 200 cm, Natural","Camas","80x200","Camas","Somier enrollable","80x200","Natural","DAT","VALIDATED_PHYSICAL_ROW","PHYSICAL_UI_ELIGIBLE"
"402019","0402019","0402019","","simple","false","Somier enrollable, 90 x 200 cm, Natural","Camas","90x200","Camas","Somier enrollable","90x200","Natural","DAT","VALIDATED_PHYSICAL_ROW","PHYSICAL_UI_ELIGIBLE"
"402010","0402010","0402010","","simple","false","Cama Tokio 160 x 200 x 40 cm,, Natural","Camas","160x200x40","Camas","Tokio","160x200x40","Natural","DAT","VALIDATED_PHYSICAL_ROW","PHYSICAL_UI_ELIGIBLE"
"402012","0402012","0402012","","simple","false","Cama Tokio 180 x 200 x 40 cm,, Natural","Camas","180x200x40","Camas","Tokio","180x200x40","Natural","DAT","VALIDATED_PHYSICAL_ROW","PHYSICAL_UI_ELIGIBLE"
"402021","0402021","0402021","","simple","false","Cama Yoko-Bed 200 x 150 cm, Natural","Camas","150x200","Camas","Yoko-Bed","150x200","Natural","DAT","VALIDATED_PHYSICAL_ROW","PHYSICAL_UI_ELIGIBLE"
"406003","","0406003","","simple","false","Cama Sumatra 140x200, natural","Camas Japonesas","140x200","Camas Japonesas","Camas Japonesas","140x200","Natural","MAESTRO","VALIDATED_PHYSICAL_ROW","PHYSICAL_UI_ELIGIBLE"
"1002011","1002011","1002011","","simple","false","Lámpara Orient Grande 20 x 20 x 50 cm,  Natural","Complementos","20x20x50","Complementos","Lámparas","20x20x50","Natural","MAESTRO","SOURCE_BACKED_USER_APPROVED","PHYSICAL_UI_ELIGIBLE"
"902005","0902005","0902005","","simple","false","Mesita Okinawa, 45x45x25 cm, Natural","Mesitas","45x45x25","Complementos","Mesitas","45x45x25","Natural","DAT","VALIDATED_PHYSICAL_ROW","PHYSICAL_UI_ELIGIBLE"
"903001","0903001","0903001","","simple","false","Mesita Okinawa, 45x45x40 cm, Natural","Mesitas","45x45x40","Complementos","Mesitas","45x45x40","Natural","MAESTRO","SOURCE_BACKED_USER_APPROVED","PHYSICAL_UI_ELIGIBLE"
"1002004","1002004","1002004","","simple","false","Cajón Sofá cama Yokahoma, Natural","Complementos","143x52x22","Complementos","Otros complementos","143x52x22","Natural","DAT","VALIDATED_PHYSICAL_ROW","PHYSICAL_UI_ELIGIBLE"
"1003001","1003001","1003001","","simple","false","Cajón Frontal Tokio 160, Natural","Complementos","160x200x40","Complementos","Otros complementos","160x200x40","Natural","DAT","VALIDATED_PHYSICAL_ROW","PHYSICAL_UI_ELIGIBLE"
"1003003","1003003","1003003","","simple","false","Cajón Frontal Tokio 180, Natural","Complementos","180x200x40","Complementos","Otros complementos","180x200x40","Natural","DAT","VALIDATED_PHYSICAL_ROW","PHYSICAL_UI_ELIGIBLE"
"1110009","","1110009","","simple","false","Topper Algodón, 140x200x2 cm","Complementos","140x200x2","Complementos","Toppers","140x200x2","NO_GAMA","MAESTRO","VALIDATED_PHYSICAL_ROW","PHYSICAL_UI_ELIGIBLE"
"1110010","","1110010","","simple","false","Topper Algodón, 150x200x2 cm","Complementos","150x200x2","Complementos","Toppers","150x200x2","NO_GAMA","MAESTRO","VALIDATED_PHYSICAL_ROW","PHYSICAL_UI_ELIGIBLE"
"1110011","","1110011","","simple","false","Topper Algodón, 160x200x2 cm","Complementos","160x200x2","Complementos","Toppers","160x200x2","NO_GAMA","MAESTRO","VALIDATED_PHYSICAL_ROW","PHYSICAL_UI_ELIGIBLE"
"1110013","","1110013","","simple","false","Topper Algodón, 180x200x2 cm","Complementos","180x200x2","Complementos","Toppers","180x200x2","NO_GAMA","MAESTRO","VALIDATED_PHYSICAL_ROW","PHYSICAL_UI_ELIGIBLE"
"1110015","","1110015","","simple","false","Topper Algodón, 200x200x2 cm","Complementos","200x200x2","Complementos","Toppers","200x200x2","NO_GAMA","MAESTRO","VALIDATED_PHYSICAL_ROW","PHYSICAL_UI_ELIGIBLE"
"1110002","","1110002","","simple","false","Topper Algodón, 80x200x2 cm","Complementos","80x200x2","Complementos","Toppers","80x200x2","NO_GAMA","MAESTRO","VALIDATED_PHYSICAL_ROW","PHYSICAL_UI_ELIGIBLE"
"1110003","","1110003","","simple","false","Topper Algodón, 90x200x2 cm","Complementos","90x200x2","Complementos","Toppers","90x200x2","NO_GAMA","MAESTRO","VALIDATED_PHYSICAL_ROW","PHYSICAL_UI_ELIGIBLE"
"608019","","608019","","simple","false","Funda para cojines Cilindricos de 50x20cm, Crudo","","50x20","Fundas","Funda Almohada","50x20","Crudo","MAESTRO","SOURCE_BACKED_USER_APPROVED","PHYSICAL_UI_ELIGIBLE"
"616019","","616019","","simple","false","Funda para cojines Cilindricos de 50x20cm, Negra","","50x20","Fundas","Funda Almohada","50x20","Negra","MAESTRO","SOURCE_BACKED_USER_APPROVED","PHYSICAL_UI_ELIGIBLE"
"607019","","607019","","simple","false","Funda para cojines Cilindricos de 50x20cm, Rojo","","50x20","Fundas","Funda Almohada","50x20","Rojo","MAESTRO","SOURCE_BACKED_USER_APPROVED","PHYSICAL_UI_ELIGIBLE"
"608018","","608018","","simple","false","Funda Cojines 50x50 cm, Crudo","","50x50","Fundas","Funda Almohada","50x50","Crudo","MAESTRO","SOURCE_BACKED_USER_APPROVED","PHYSICAL_UI_ELIGIBLE"
"617018","","617018","","simple","false","Funda Cojines 50x50 cm, Gris jaspeado","","50x50","Fundas","Funda Almohada","50x50","Gris jaspeado","MAESTRO","SOURCE_BACKED_USER_APPROVED","PHYSICAL_UI_ELIGIBLE"
"608017","0608017","0608017","","simple","false","Funda Almohada 70x40 cm, Crudo","Fundas para futón","70x40","Fundas","Funda Almohada","70x40","Crudo","DAT","VALIDATED_PHYSICAL_ROW","PHYSICAL_UI_ELIGIBLE"
"608010","0608010","0608010","","simple","false","Funda Futón 200 x 120 x 14 cm, Crudo","Fundas para futón","120x200x14","Fundas","Funda Futón","120x200x14","Crudo","DAT","VALIDATED_PHYSICAL_ROW","PHYSICAL_UI_ELIGIBLE"
"615010","0615010","0615010","","simple","false","Funda Futón 200 x 120 x 14 cm, Amarilla","Fundas para futón","120x200x14","Fundas","Funda Futón","120x200x14","NO_GAMA","DAT","VALIDATED_PHYSICAL_ROW","PHYSICAL_UI_ELIGIBLE"
"616010","0616010","0616010","","simple","false","Funda Futón 200 x 120 x 14 cm, Negra","Fundas para futón","120x200x14","Fundas","Funda Futón","120x200x14","NO_GAMA","DAT","VALIDATED_PHYSICAL_ROW","PHYSICAL_UI_ELIGIBLE"
"609006","0609006","0609006","","simple","false","Funda Futón 190 x 140 x 14 cm, Azul","Fundas para futón","140x190x14","Fundas","Funda Futón","140x190x14","Azul","DAT","VALIDATED_PHYSICAL_ROW","PHYSICAL_UI_ELIGIBLE"
"608006","0608006","0608006","","simple","false","Funda Futón 190 x 140 x 14 cm, Crudo","Fundas para futón","140x190x14","Fundas","Funda Futón","140x190x14","Crudo","DAT","VALIDATED_PHYSICAL_ROW","PHYSICAL_UI_ELIGIBLE"
"606006","0606006","0606006","","simple","false","Funda Futón 190 x 140 x 14 cm, Granate","Fundas para futón","140x190x14","Fundas","Funda Futón","140x190x14","Granate","DAT","VALIDATED_PHYSICAL_ROW","PHYSICAL_UI_ELIGIBLE"
"615006","0615006","0615006","","simple","false","Funda Futón 190 x 140 x 14 cm, Amarilla","Fundas para futón","140x190x14","Fundas","Funda Futón","140x190x14","NO_GAMA","DAT","VALIDATED_PHYSICAL_ROW","PHYSICAL_UI_ELIGIBLE"
"616006","0616006","0616006","","simple","false","Funda Futón 190 x 140 x 14 cm, Negra","Fundas para futón","140x190x14","Fundas","Funda Futón","140x190x14","NO_GAMA","DAT","VALIDATED_PHYSICAL_ROW","PHYSICAL_UI_ELIGIBLE"
"607006","0607006","0607006","","simple","false","Funda Futón 190 x 140 x 14 cm, Rojo","Fundas para futón","140x190x14","Fundas","Funda Futón","140x190x14","Rojo","DAT","VALIDATED_PHYSICAL_ROW","PHYSICAL_UI_ELIGIBLE"
"614006","0614006","0614006","","simple","false","Funda Futón 190 x 140 x 14 cm, Verde","Fundas para futón","140x190x14","Fundas","Funda Futón","140x190x14","Verde","DAT","VALIDATED_PHYSICAL_ROW","PHYSICAL_UI_ELIGIBLE"
"609002","0609002","0609002","","simple","false","Funda Futón 200 x 140 x 14 cm, Azul","Fundas para futón","140x200x14","Fundas","Funda Futón","140x200x14","Azul","DAT","VALIDATED_PHYSICAL_ROW","PHYSICAL_UI_ELIGIBLE"
"619002","0619002","0619002","","simple","false","Funda/cover · 140x200x14,5 cm","Fundas","140x200x14","Fundas","Funda Futón","140x200x14","Beige jaspeado","MAESTRO","SOURCE_BACKED_USER_APPROVED","PHYSICAL_UI_ELIGIBLE"
"608002","0608002","0608002","","simple","false","Funda Futón 200 x 140 x 14 cm, Crudo","Fundas para futón","140x200x14","Fundas","Funda Futón","140x200x14","Crudo","DAT","VALIDATED_PHYSICAL_ROW","PHYSICAL_UI_ELIGIBLE"
"606002","0606002","0606002","","simple","false","Funda Futón 200 x 140 x 14 cm, Granate","Fundas para futón","140x200x14","Fundas","Funda Futón","140x200x14","Granate","DAT","VALIDATED_PHYSICAL_ROW","PHYSICAL_UI_ELIGIBLE"
"617002","0617002","0617002","","simple","false","Funda Futón 200 x 140 x 14 cm, Gris","Fundas para futón","140x200x14","Fundas","Funda Futón","140x200x14","Gris","DAT","VALIDATED_PHYSICAL_ROW","PHYSICAL_UI_ELIGIBLE"
"615002","0615002","0615002","","simple","false","Funda Futón 200 x 140 x 14 cm, Amarilla","Fundas para futón","140x200x14","Fundas","Funda Futón","140x200x14","NO_GAMA","DAT","VALIDATED_PHYSICAL_ROW","PHYSICAL_UI_ELIGIBLE"
"616002","0616002","0616002","","simple","false","Funda Futón 200 x 140 x 14 cm, Negra","Fundas para futón","140x200x14","Fundas","Funda Futón","140x200x14","NO_GAMA","DAT","VALIDATED_PHYSICAL_ROW","PHYSICAL_UI_ELIGIBLE"
"607002","0607002","0607002","","simple","false","Funda Futón 200 x 140 x 14 cm, Rojo","Fundas para futón","140x200x14","Fundas","Funda Futón","140x200x14","Rojo","DAT","VALIDATED_PHYSICAL_ROW","PHYSICAL_UI_ELIGIBLE"
"614002","0614002","0614002","","simple","false","Funda Futón 200 x 140 x 14 cm, Verde","Fundas para futón","140x200x14","Fundas","Funda Futón","140x200x14","Verde","DAT","VALIDATED_PHYSICAL_ROW","PHYSICAL_UI_ELIGIBLE"
"619009","0619009","0619009","","simple","false","Funda/cover · 140x200x14,5cm · Marrón chocolate color 80","Fundas","140x200x14,5cm","Fundas","Funda Futón","140x200x14,5","Marrón chocolate","USER_CONFIRMED","USER_CONFIRMED_PHYSICAL_IDENTITY","PHYSICAL_UI_ELIGIBLE"
"608013","0608013","0608013","","simple","false","Funda Futón 200 x 140 x 19 cm, Crudo","Fundas para futón","140x200x19","Fundas","Funda Futón","140x200x19","Crudo","DAT","VALIDATED_PHYSICAL_ROW","PHYSICAL_UI_ELIGIBLE"
"616013","0616013","0616013","","simple","false","Funda Futón 200 x 140 x 19 cm, Negra","Fundas para futón","140x200x19","Fundas","Funda Futón","140x200x19","NO_GAMA","DAT","VALIDATED_PHYSICAL_ROW","PHYSICAL_UI_ELIGIBLE"
"609008","0609008","0609008","","simple","false","Funda Futón 190 x 150 x 14 cm, Azul","Fundas para futón","150x190x14","Fundas","Funda Futón","150x190x14","Azul","DAT","VALIDATED_PHYSICAL_ROW","PHYSICAL_UI_ELIGIBLE"
"615008","0615008","0615008","","simple","false","Funda Futón 190 x 150 x 14 cm, Amarilla","Fundas para futón","150x190x14","Fundas","Funda Futón","150x190x14","NO_GAMA","DAT","VALIDATED_PHYSICAL_ROW","PHYSICAL_UI_ELIGIBLE"
"616008","0616008","0616008","","simple","false","Funda Futón 190 x 150 x 14 cm, Negra","Fundas para futón","150x190x14","Fundas","Funda Futón","150x190x14","NO_GAMA","DAT","VALIDATED_PHYSICAL_ROW","PHYSICAL_UI_ELIGIBLE"
"609004","0609004","0609004","","simple","false","Funda Futón 200 x 150 x 14 cm, Azul","Fundas para futón","150x200x14","Fundas","Funda Futón","150x200x14","Azul","DAT","VALIDATED_PHYSICAL_ROW","PHYSICAL_UI_ELIGIBLE"
"618004","0618004","0618004","","simple","false","Funda Futón 200 x 150 x 14 cm, Azul Marino","Fundas para futón","150x200x14","Fundas","Funda Futón","150x200x14","Azul","DAT","VALIDATED_PHYSICAL_ROW","PHYSICAL_UI_ELIGIBLE"
"619004","0619004","0619004","","simple","false","Funda/cover · 150x200x14,5 cm · color 72 (beige jaspeado)","Fundas","150x200x14","Fundas","Funda Futón","150x200x14","Beige jaspeado","MAESTRO","SOURCE_BACKED_USER_APPROVED","PHYSICAL_UI_ELIGIBLE"
"608004","0608004","0608004","","simple","false","Funda Futón 200 x 150 x 14 cm, Crudo","Fundas para futón","150x200x14","Fundas","Funda Futón","150x200x14","Crudo","DAT","VALIDATED_PHYSICAL_ROW","PHYSICAL_UI_ELIGIBLE"
"606004","0606004","0606004","","simple","false","Funda Futón 200 x 150 x 14 cm, Granate","Fundas para futón","150x200x14","Fundas","Funda Futón","150x200x14","Granate","DAT","VALIDATED_PHYSICAL_ROW","PHYSICAL_UI_ELIGIBLE"
"617004","0617004","0617004","","simple","false","Funda Futón 200 x 150 x 14 cm, Gris","Fundas para futón","150x200x14","Fundas","Funda Futón","150x200x14","Gris","DAT","VALIDATED_PHYSICAL_ROW","PHYSICAL_UI_ELIGIBLE"
"616004","0616004","0616004","","simple","false","Funda Futón 200 x 150 x 14 cm, Negra","Fundas para futón","150x200x14","Fundas","Funda Futón","150x200x14","Negro","DAT","VALIDATED_PHYSICAL_ROW","PHYSICAL_UI_ELIGIBLE"
"615004","0615004","0615004","","simple","false","Funda Futón 200 x 150 x 14 cm, Amarilla","Fundas para futón","150x200x14","Fundas","Funda Futón","150x200x14","NO_GAMA","DAT","VALIDATED_PHYSICAL_ROW","PHYSICAL_UI_ELIGIBLE"
"607004","0607004","0607004","","simple","false","Funda Futón 200 x 150 x 14 cm, Rojo","Fundas para futón","150x200x14","Fundas","Funda Futón","150x200x14","Rojo","DAT","VALIDATED_PHYSICAL_ROW","PHYSICAL_UI_ELIGIBLE"
"614004","0614004","0614004","","simple","false","Funda Futón 200 x 150 x 14 cm, Verde","Fundas para futón","150x200x14","Fundas","Funda Futón","150x200x14","Verde","DAT","VALIDATED_PHYSICAL_ROW","PHYSICAL_UI_ELIGIBLE"
"619010","0619010","0619010","","simple","false","Funda/cover · 150x200x14,5 cm · Marrón chocolate color 80","Fundas","150x200x14,5 cm","Fundas","Funda Futón","150x200x14,5","Marrón chocolate","USER_CONFIRMED","USER_CONFIRMED_PHYSICAL_IDENTITY","PHYSICAL_UI_ELIGIBLE"
"608014","0608014","0608014","","simple","false","Funda Futón 200 x 150 x 19 cm, Crudo","Fundas para futón","150x200x19","Fundas","Funda Futón","150x200x19","Crudo","DAT","VALIDATED_PHYSICAL_ROW","PHYSICAL_UI_ELIGIBLE"
"616014","0616014","0616014","","simple","false","Funda Futón 200 x 150 x 19 cm, Negra","Fundas para futón","150x200x19","Fundas","Funda Futón","150x200x19","NO_GAMA","DAT","VALIDATED_PHYSICAL_ROW","PHYSICAL_UI_ELIGIBLE"
"609003","0609003","0609003","","simple","false","Funda Futón 200 x 160 x 14 cm, Azul","Fundas para futón","160x200x14","Fundas","Funda Futón","160x200x14","Azul","DAT","VALIDATED_PHYSICAL_ROW","PHYSICAL_UI_ELIGIBLE"
"608003","0608003","0608003","","simple","false","Funda Futón 200 x 160 x 14 cm, Crudo","Fundas para futón","160x200x14","Fundas","Funda Futón","160x200x14","Crudo","DAT","VALIDATED_PHYSICAL_ROW","PHYSICAL_UI_ELIGIBLE"
"606003","0606003","0606003","","simple","false","Funda Futón 200 x 160 x 14 cm, Granate","Fundas para futón","160x200x14","Fundas","Funda Futón","160x200x14","Granate","DAT","VALIDATED_PHYSICAL_ROW","PHYSICAL_UI_ELIGIBLE"
"616003","0616003","0616003","","simple","false","Funda Futón 200 x 160 x 14 cm, Negra","Fundas para futón","160x200x14","Fundas","Funda Futón","160x200x14","NO_GAMA","DAT","VALIDATED_PHYSICAL_ROW","PHYSICAL_UI_ELIGIBLE"
"607003","0607003","0607003","","simple","false","Funda Futón 200 x 160 x 14 cm, Rojo","Fundas para futón","160x200x14","Fundas","Funda Futón","160x200x14","Rojo","DAT","VALIDATED_PHYSICAL_ROW","PHYSICAL_UI_ELIGIBLE"
"608015","0608015","0608015","","simple","false","Funda Futón 200 x 160 x 19 cm, Crudo","Fundas para futón","160x200x19","Fundas","Funda Futón","160x200x19","Crudo","DAT","VALIDATED_PHYSICAL_ROW","PHYSICAL_UI_ELIGIBLE"
"616015","0616015","0616015","","simple","false","Funda Futón 200 x 160 x 19 cm, Negra","Fundas para futón","160x200x19","Fundas","Funda Futón","160x200x19","NO_GAMA","DAT","VALIDATED_PHYSICAL_ROW","PHYSICAL_UI_ELIGIBLE"
"608005","0608005","0608005","","simple","false","Funda Futón 200 x 180 x 14 cm, Crudo","Fundas para futón","180x200x14","Fundas","Funda Futón","180x200x14","Crudo","DAT","VALIDATED_PHYSICAL_ROW","PHYSICAL_UI_ELIGIBLE"
"616005","0616005","0616005","","simple","false","Funda Futón 200 x 180 x 14 cm, Negra","Fundas para futón","180x200x14","Fundas","Funda Futón","180x200x14","NO_GAMA","DAT","VALIDATED_PHYSICAL_ROW","PHYSICAL_UI_ELIGIBLE"
"608016","0608016","0608016","","simple","false","Funda Futón 200 x 180 x 19 cm, Crudo","Fundas para futón","180x200x19","Fundas","Funda Futón","180x200x19","Crudo","DAT","VALIDATED_PHYSICAL_ROW","PHYSICAL_UI_ELIGIBLE"
"616016","0616016","0616016","","simple","false","Funda Futón 200 x 180 x 19 cm, Negra","Fundas para futón","180x200x19","Fundas","Funda Futón","180x200x19","NO_GAMA","DAT","VALIDATED_PHYSICAL_ROW","PHYSICAL_UI_ELIGIBLE"
"609007","0609007","0609007","","simple","false","Funda Futón Sésamo 200 x 80 x 13 cm, Azul","Fundas para futón","80x200x13","Fundas","Funda Futón","80x200x13","Azul","DAT","VALIDATED_PHYSICAL_ROW","PHYSICAL_UI_ELIGIBLE"
"608007","0608007","0608007","","simple","false","Funda Futón Sésamo  200 x 80 x 13 cm, Crudo","Fundas para futón","80x200x13","Fundas","Funda Futón","80x200x13","Crudo","DAT","CANONICAL_RESOLVED_ALLOWLIST","PHYSICAL_UI_ELIGIBLE"
"606007","0606007","0606007","","simple","false","Funda Futón Sésamo 200 x 80 x 13 cm, Granate","Fundas para futón","80x200x13","Fundas","Funda Futón","80x200x13","Granate","DAT","VALIDATED_PHYSICAL_ROW","PHYSICAL_UI_ELIGIBLE"
"617007","0617007","0617007","","simple","false","Funda Futón Sésamo 200 x 80 x 13 cm, Gris","Fundas para futón","80x200x13","Fundas","Funda Futón","80x200x13","Gris","DAT","VALIDATED_PHYSICAL_ROW","PHYSICAL_UI_ELIGIBLE"
"616007","0616007","0616007","","simple","false","Funda Futón Sésamo 200 x 80 x 13 cm, Negra","Fundas para futón","80x200x13","Fundas","Funda Futón","80x200x13","Negro","DAT","VALIDATED_PHYSICAL_ROW","PHYSICAL_UI_ELIGIBLE"
"615007","0615007","0615007","","simple","false","Funda Futón Sésamo 200 x 80 x 13 cm, Amarilla","Fundas para futón","80x200x13","Fundas","Funda Futón","80x200x13","NO_GAMA","DAT","VALIDATED_PHYSICAL_ROW","PHYSICAL_UI_ELIGIBLE"
"619007","0619007","0619007","","simple","false","Funda/cover and 2 cover pillows 50x50 cm · 80x200x13 cm","Fundas","80x200x13 cm","Fundas","Funda Futón","80x200x13","NO_GAMA","USER_CONFIRMED","USER_CONFIRMED_PHYSICAL_IDENTITY","PHYSICAL_UI_ELIGIBLE"
"607007","0607007","0607007","","simple","false","Funda Futón Sésamo 200 x 80 x 13 cm, Rojo","Fundas para futón","80x200x13","Fundas","Funda Futón","80x200x13","Rojo","DAT","CANONICAL_RESOLVED_ALLOWLIST","PHYSICAL_UI_ELIGIBLE"
"614007","0614007","0614007","","simple","false","Funda Futón Sésamo 200 x 80 x 13 cm, Verde","Fundas para futón","80x200x13","Fundas","Funda Futón","80x200x13","Verde","DAT","VALIDATED_PHYSICAL_ROW","PHYSICAL_UI_ELIGIBLE"
"609001","0609001","0609001","","simple","false","Funda Futón 200 x 90 x 14 cm, Azul","Fundas para futón","90x200x14","Fundas","Funda Futón","90x200x14","Azul","DAT","VALIDATED_PHYSICAL_ROW","PHYSICAL_UI_ELIGIBLE"
"608001","0608001","0608001","","simple","false","Funda Futón 200 x 90 x 14 cm, Crudo","Fundas para futón","90x200x14","Fundas","Funda Futón","90x200x14","Crudo","DAT","VALIDATED_PHYSICAL_ROW","PHYSICAL_UI_ELIGIBLE"
"606001","0606001","0606001","","simple","false","Funda Futón 200 x 90 x 14 cm, Granate","Fundas para futón","90x200x14","Fundas","Funda Futón","90x200x14","Granate","DAT","VALIDATED_PHYSICAL_ROW","PHYSICAL_UI_ELIGIBLE"
"615001","0615001","0615001","","simple","false","Funda Futón 200 x 90 x 14 cm, Amarilla","Fundas para futón","90x200x14","Fundas","Funda Futón","90x200x14","NO_GAMA","DAT","VALIDATED_PHYSICAL_ROW","PHYSICAL_UI_ELIGIBLE"
"616001","0616001","0616001","","simple","false","Funda Futón 200 x 90 x 14 cm, Negra","Fundas para futón","90x200x14","Fundas","Funda Futón","90x200x14","NO_GAMA","DAT","CANONICAL_RESOLVED_ALLOWLIST","PHYSICAL_UI_ELIGIBLE"
"607001","0607001","0607001","","simple","false","Funda Futón 200 x 90 x 14 cm, Rojo","Fundas para futón","90x200x14","Fundas","Funda Futón","90x200x14","Rojo","DAT","VALIDATED_PHYSICAL_ROW","PHYSICAL_UI_ELIGIBLE"
"614001","0614001","0614001","","simple","false","Funda Futón 200 x 90 x 14 cm, Verde","Fundas para futón","90x200x14","Fundas","Funda Futón","90x200x14","Verde","DAT","VALIDATED_PHYSICAL_ROW","PHYSICAL_UI_ELIGIBLE"
"619014","0619014","0619014","","simple","false","Funda/cover · 90x200x14,5 cm · Color 72 (beige jaspeado)","Fundas","90x200x14,5 cm","Fundas","Funda Futón","90x200x14,5","Beige jaspeado","USER_CONFIRMED","USER_CONFIRMED_PHYSICAL_IDENTITY","PHYSICAL_UI_ELIGIBLE"
"619013","0619013","0619013","","simple","false","Funda/cover · 90x200x14,5 cm · Color Sun 91 (gris jaspeado)","Fundas","90x200x14,5 cm","Fundas","Funda Futón","90x200x14,5","Gris jaspeado","USER_CONFIRMED","USER_CONFIRMED_PHYSICAL_IDENTITY","PHYSICAL_UI_ELIGIBLE"
"619011","0619011","0619011","","simple","false","Funda/cover · 90x200x14,5 cm · Marrón chocolate color 80","Fundas","90x200x14,5 cm","Fundas","Funda Futón","90x200x14,5","Marrón chocolate","USER_CONFIRMED","USER_CONFIRMED_PHYSICAL_IDENTITY","PHYSICAL_UI_ELIGIBLE"
"608012","0608012","0608012","","simple","false","Funda Futón 200 x 90 x 19 cm, Crudo","Fundas para futón","90x200x19","Fundas","Funda Futón","90x200x19","Crudo","DAT","VALIDATED_PHYSICAL_ROW","PHYSICAL_UI_ELIGIBLE"
"616012","0616012","0616012","","simple","false","Funda Futón 200 x 90 x 19 cm, Negra","Fundas para futón","90x200x19","Fundas","Funda Futón","90x200x19","NO_GAMA","DAT","VALIDATED_PHYSICAL_ROW","PHYSICAL_UI_ELIGIBLE"
"725002","0725002","0725002","","simple","false","Futon de Algodón 120x200x12 cm.","Futones","120x200x12","Futones","Algodón","120x200x12","Crudo","DAT","VALIDATED_PHYSICAL_ROW","PHYSICAL_UI_ELIGIBLE"
"724002","0724002","0724002","","simple","false","Futón de Algodón 120 x 200 x 14 cm.","Futones","120x200x14","Futones","Algodón","120x200x14","Crudo","DAT","VALIDATED_PHYSICAL_ROW","PHYSICAL_UI_ELIGIBLE"
"721002","0721002","0721002","","simple","false","Futón de Algodón 120 x 200 x 6 cm.","Futones","120x200x6","Futones","Algodón","120x200x6","Crudo","DAT","VALIDATED_PHYSICAL_ROW","PHYSICAL_UI_ELIGIBLE"
"724010","0724010","0724010","","simple","false","Futón de Algodón 135 x 190 x 14 cm.","Futones","135x190x14","Futones","Algodón","135x190x14","Crudo","DAT","VALIDATED_PHYSICAL_ROW","PHYSICAL_UI_ELIGIBLE"
"724008","0724008","0724008","","simple","false","Futón de Algodón 140 x 190 x 14 cm.","Futones","140x190x14","Futones","Algodón","140x190x14","Crudo","DAT","VALIDATED_PHYSICAL_ROW","PHYSICAL_UI_ELIGIBLE"
"725003","0725003","0725003","","simple","false","Futon de Algodón 140x200x12 cm.","Futones","140x200x12","Futones","Algodón","140x200x12","Crudo","DAT","VALIDATED_PHYSICAL_ROW","PHYSICAL_UI_ELIGIBLE"
"724003","0724003","0724003","","simple","false","Futón de Algodón 140 x 200 x 14 cm.","Futones","140x200x14","Futones","Algodón","140x200x14","Crudo","DAT","VALIDATED_PHYSICAL_ROW","PHYSICAL_UI_ELIGIBLE"
"1253003","1253003","1253003","","simple","false","Futón de Algodón, 140x200x14 cm, color Gris oscuro","Futones de colores","140x200x14","Futones","Algodón","140x200x14","Gris","DAT","CANONICAL_RESOLVED_ALLOWLIST","PHYSICAL_UI_ELIGIBLE"
"1254005","1254005","1254005","","simple","false","Futón de Algodón, 140x200x14 cm, color Rojo","Futones de colores","140x200x14","Futones","Algodón","140x200x14","Rojo","DAT","CANONICAL_RESOLVED_ALLOWLIST","PHYSICAL_UI_ELIGIBLE"
"1252005","1252005","1252005","","simple","false","Futón de Algodón, 140x200x14 cm, color Verde","Futones de colores","140x200x14","Futones","Algodón","140x200x14","Verde Pistacho","DAT","VALIDATED_PHYSICAL_ROW","PHYSICAL_UI_ELIGIBLE"
"1251006","1251006","1251006","","simple","false","Futón de Algodón, 140x200x14 cm, color Violeta","Futones de colores","140x200x14","Futones","Algodón","140x200x14","Violeta","DAT","VALIDATED_PHYSICAL_ROW","PHYSICAL_UI_ELIGIBLE"
"721003","0721003","0721003","","simple","false","Futón de Algodón 140 x 200 x 6 cm.","Futones","140x200x6","Futones","Algodón","140x200x6","Crudo","DAT","VALIDATED_PHYSICAL_ROW","PHYSICAL_UI_ELIGIBLE"
"722003","0722003","0722003","","simple","false","Futón de Algodón 140 x 200 x 8 cm.","Futones","140x200x8","Futones","Algodón","140x200x8","Crudo","DAT","CANONICAL_RESOLVED_ALLOWLIST","PHYSICAL_UI_ELIGIBLE"
"724012","0724012","0724012","","simple","false","Futón de Algodón 150 x 190 x 14cm.","Futones","150x190x14","Futones","Algodón","150x190x14","Crudo","DAT","VALIDATED_PHYSICAL_ROW","PHYSICAL_UI_ELIGIBLE"
"725004","0725004","0725004","","simple","false","Futon de Algodón 150x200x12 cm.","Futones","150x200x12","Futones","Algodón","150x200x12","Crudo","DAT","VALIDATED_PHYSICAL_ROW","PHYSICAL_UI_ELIGIBLE"
"724004","0724004","0724004","","simple","false","Futón de Algodón 150 x 200 x 14 cm.","Futones","150x200x14","Futones","Algodón","150x200x14","Crudo","DAT","CANONICAL_RESOLVED_ALLOWLIST","PHYSICAL_UI_ELIGIBLE"
"725005","0725005","0725005","","simple","false","Futon de Algodón 160x200x12 cm.","Futones","160x200x12","Futones","Algodón","160x200x12","Crudo","DAT","VALIDATED_PHYSICAL_ROW","PHYSICAL_UI_ELIGIBLE"
"724005","0724005","0724005","","simple","false","Futón de Algodón 160 x 200 x 14cm.","Futones","160x200x14","Futones","Algodón","160x200x14","Crudo","DAT","VALIDATED_PHYSICAL_ROW","PHYSICAL_UI_ELIGIBLE"
"725006","0725006","0725006","","simple","false","Futon de Algodón 180x200x12 cm.","Futones","180x200x12","Futones","Algodón","180x200x12","Crudo","DAT","VALIDATED_PHYSICAL_ROW","PHYSICAL_UI_ELIGIBLE"
"724006","0724006","0724006","","simple","false","Futón de Algodón 180 x 200 x 14 cm.","Futones","180x200x14","Futones","Algodón","180x200x14","Crudo","DAT","VALIDATED_PHYSICAL_ROW","PHYSICAL_UI_ELIGIBLE"
"724007","0724007","0724007","","simple","false","Futón de Algodón 200 x 200 x 14 cm.","Futones","200x200x14","Futones","Algodón","200x200x14","Crudo","DAT","VALIDATED_PHYSICAL_ROW","PHYSICAL_UI_ELIGIBLE"
"1249001","1249001","1249001","","simple","false","Futón de Algodon 80x200x13 cm, (2 cojines) crudo","Futones de colores","80x200x13","Futones","Algodón","80x200x13","Crudo","DAT","CANONICAL_RESOLVED_ALLOWLIST","PHYSICAL_UI_ELIGIBLE"
"1244001","1244001","1244001","","simple","false","Futón de Algodon 80x200x13 cm, (2 cojines) Negro","Futones de colores","80x200x13","Futones","Algodón","80x200x13","Negro","DAT","VALIDATED_PHYSICAL_ROW","PHYSICAL_UI_ELIGIBLE"
"1245001","1245001","1245001","","simple","false","Futón de Algodon 80x200x13 cm, (2 cojines) Rojo","Futones de colores","80x200x13","Futones","Algodón","80x200x13","Rojo","DAT","VALIDATED_PHYSICAL_ROW","PHYSICAL_UI_ELIGIBLE"
"1243001","1243001","1243001","","simple","false","Futón de Algodon 80x200x13 cm, (2 cojines) Verde","Futones de colores","80x200x13","Futones","Algodón","80x200x13","Verde Pistacho","DAT","VALIDATED_PHYSICAL_ROW","PHYSICAL_UI_ELIGIBLE"
"1242002","1242002","1242002","","simple","false","Futón Algodon 80x200x13 cm, (2 cojines) Violeta OS","Futones de colores","80x200x13","Futones","Algodón","80x200x13","Violeta","DAT","VALIDATED_PHYSICAL_ROW","PHYSICAL_UI_ELIGIBLE"
"1242001","1242001","1242001","","simple","false","Futón de Algodon 80x200x13 cm, (2 cojines) Violeta","Futones de colores","80x200x13","Futones","Algodón","80x200x13","Violeta","DAT","VALIDATED_PHYSICAL_ROW","PHYSICAL_UI_ELIGIBLE"
"724011","0724011","0724011","","simple","false","Futón de Algodón 90 x 190 x 14 cm.","Futones","90x190x14","Futones","Algodón","90x190x14","Crudo","DAT","CANONICAL_RESOLVED_ALLOWLIST","PHYSICAL_UI_ELIGIBLE"
"725001","0725001","0725001","","simple","false","Futon de Algodón 90x200x12 cm.","Futones","90x200x12","Futones","Algodón","90x200x12","Crudo","DAT","VALIDATED_PHYSICAL_ROW","PHYSICAL_UI_ELIGIBLE"
"724001","0724001","0724001","","simple","false","Futón de Algodón 90 x 200 x 14 cm.","Futones","90x200x14","Futones","Algodón","90x200x14","Crudo","DAT","VALIDATED_PHYSICAL_ROW","PHYSICAL_UI_ELIGIBLE"
"721001","0721001","0721001","","simple","false","Futón de Algodón 90 x 200 x 6 cm.","Futones","90x200x6","Futones","Algodón","90x200x6","Crudo","DAT","VALIDATED_PHYSICAL_ROW","PHYSICAL_UI_ELIGIBLE"
"722001","0722001","0722001","","simple","false","Futón de Algodón 90 x 200 x 8 cm.","Futones","90x200x8","Futones","Algodón","90x200x8","Crudo","DAT","CANONICAL_RESOLVED_ALLOWLIST","PHYSICAL_UI_ELIGIBLE"
"728009","0728009","0728009","","simple","false","Futón Algodón con 4 cm de látex, 120x200x14 cm.","Futones","120x200x14","Futones","Algodón 1 Látex","120x200x14","NO_GAMA","DAT","VALIDATED_PHYSICAL_ROW","PHYSICAL_UI_ELIGIBLE"
"728007","0728007","0728007","","simple","false","Futón Algodón con 4 cm de látex, 140x190x14 cm.","Futones","140x190x14","Futones","Algodón 1 Látex","140x190x14","NO_GAMA","DAT","VALIDATED_PHYSICAL_ROW","PHYSICAL_UI_ELIGIBLE"
"728002","0728002","0728002","","simple","false","Futón Algodón con 4 cm de látex, 140x200x14 cm.","Futones","140x200x14","Futones","Algodón 1 Látex","140x200x14","NO_GAMA","DAT","VALIDATED_PHYSICAL_ROW","PHYSICAL_UI_ELIGIBLE"
"728012","0728012","0728012","","simple","false","Futón Algodón con 4 cm de látex, 150x190x14 cm.","Futones","150x190x14","Futones","Algodón 1 Látex","150x190x14","NO_GAMA","DAT","VALIDATED_PHYSICAL_ROW","PHYSICAL_UI_ELIGIBLE"
"728003","0728003","0728003","","simple","false","Futón Algodón con 4 cm de látex, 150x200x14 cm.","Futones","150x200x14","Futones","Algodón 1 Látex","150x200x14","NO_GAMA","DAT","CANONICAL_RESOLVED_ALLOWLIST","PHYSICAL_UI_ELIGIBLE"
"728004","0728004","0728004","","simple","false","Futón Algodón con 4 cm de látex, 160x200x14 cm.","Futones","160x200x14","Futones","Algodón 1 Látex","160x200x14","NO_GAMA","DAT","VALIDATED_PHYSICAL_ROW","PHYSICAL_UI_ELIGIBLE"
"728005","0728005","0728005","","simple","false","Futón Algodón con 4 cm de látex, 180x200x14 cm.","Futones","180x200x14","Futones","Algodón 1 Látex","180x200x14","NO_GAMA","DAT","VALIDATED_PHYSICAL_ROW","PHYSICAL_UI_ELIGIBLE"
"728006","0728006","0728006","","simple","false","Futón Algodón con 4 cm de látex, 200x200x14 cm.","Futones","200x200x14","Futones","Algodón 1 Látex","200x200x14","NO_GAMA","DAT","VALIDATED_PHYSICAL_ROW","PHYSICAL_UI_ELIGIBLE"
"727007","0727007","0727007","","simple","false","Futón Algodón 1 Látex + 2 Cojines, 80x200x13 cm.","Futones","80x200x13","Futones","Algodón 1 Látex","80x200x13","NO_GAMA","DAT","VALIDATED_PHYSICAL_ROW","PHYSICAL_UI_ELIGIBLE"
"726007","0726007","0726007","","simple","false","Futón Algodón con 4 cm de látex, 90x190x14 cm.","Futones","90x190x14","Futones","Algodón 1 Látex","90x190x14","NO_GAMA","DAT","VALIDATED_PHYSICAL_ROW","PHYSICAL_UI_ELIGIBLE"
"728001","0728001","0728001","","simple","false","Futón Algodón con 4 cm de látex, 90x200x14 cm.","Futones","90x200x14","Futones","Algodón 1 Látex","90x200x14","NO_GAMA","DAT","VALIDATED_PHYSICAL_ROW","PHYSICAL_UI_ELIGIBLE"
"730012","0730012","0730012","","simple","false","Futón Algodón con 8 cm látex, 120 x 200 x 14 cm.","Futones","120x200x14","Futones","Algodón 2 Látex","120x200x14","NO_GAMA","DAT","CANONICAL_RESOLVED_ALLOWLIST","PHYSICAL_UI_ELIGIBLE"
"730007","0730007","0730007","","simple","false","Futón Algodón con 8 cm látex, 140 x 190 x 14 cm.","Futones","140x190x14","Futones","Algodón 2 Látex","140x190x14","NO_GAMA","DAT","VALIDATED_PHYSICAL_ROW","PHYSICAL_UI_ELIGIBLE"
"730002","0730002","0730002","","simple","false","Futón Algodón con 8 cm látex, 140 x 200 x 14 cm.","Futones","140x200x14","Futones","Algodón 2 Látex","140x200x14","NO_GAMA","DAT","CANONICAL_RESOLVED_ALLOWLIST","PHYSICAL_UI_ELIGIBLE"
"730008","0730008","0730008","","simple","false","Futón Algodón con 8 cm látex, 150 x 190 x 14 cm.","Futones","150x190x14","Futones","Algodón 2 Látex","150x190x14","NO_GAMA","DAT","VALIDATED_PHYSICAL_ROW","PHYSICAL_UI_ELIGIBLE"
"730003","0730003","0730003","","simple","false","Futón Algodón con 8 cm látex, 150 x 200 x 14 cm.","Futones","150x200x14","Futones","Algodón 2 Látex","150x200x14","NO_GAMA","DAT","VALIDATED_PHYSICAL_ROW","PHYSICAL_UI_ELIGIBLE"
"730004","0730004","0730004","","simple","false","Futón Algodón con 8 cm látex, 160 x 200 x 14 cm.","Futones","160x200x14","Futones","Algodón 2 Látex","160x200x14","NO_GAMA","DAT","VALIDATED_PHYSICAL_ROW","PHYSICAL_UI_ELIGIBLE"
"730005","0730005","0730005","","simple","false","Futón Algodón con 8 cm látex, 180 x 200 x 14 cm.","Futones","180x200x14","Futones","Algodón 2 Látex","180x200x14","NO_GAMA","DAT","VALIDATED_PHYSICAL_ROW","PHYSICAL_UI_ELIGIBLE"
"730006","0730006","0730006","","simple","false","Futón Algodón con 8 cm látex, 200 x 200 x 14 cm.","Futones","200x200x14","Futones","Algodón 2 Látex","200x200x14","NO_GAMA","DAT","VALIDATED_PHYSICAL_ROW","PHYSICAL_UI_ELIGIBLE"
"730009","0730009","0730009","","simple","false","Futón Algodón 2 Látex + 2 Cojines, 80x200x13 cm.","Futones","80x200x13","Futones","Algodón 2 Látex","80x200x13","NO_GAMA","DAT","CANONICAL_RESOLVED_ALLOWLIST","PHYSICAL_UI_ELIGIBLE"
"730013","0730013","0730013","","simple","false","Futón Algodón con 8 cm látex,  90 x 190 x 14 cm.","Futones","90x190x14","Futones","Algodón 2 Látex","90x190x14","NO_GAMA","DAT","VALIDATED_PHYSICAL_ROW","PHYSICAL_UI_ELIGIBLE"
"730001","0730001","0730001","","simple","false","Futón Algodón con 8 cm látex, 90 x 200 x 14 cm.","Futones","90x200x14","Futones","Algodón 2 Látex","90x200x14","NO_GAMA","DAT","VALIDATED_PHYSICAL_ROW","PHYSICAL_UI_ELIGIBLE"
"770002","0770002","0770002","","simple","false","Futon Duo (algodón y lana) 120x200x14 cm","Futones","120x200x14","Futones","Algodón Lana","120x200x14","NO_GAMA","USER_CONFIRMED","USER_CONFIRMED_PHYSICAL_IDENTITY","PHYSICAL_UI_ELIGIBLE"
"770003","0770003","0770003","","simple","false","Futon Duo (algodón y lana) 140x200x14 cm","Futones","140x200x14","Futones","Algodón Lana","140x200x14","NO_GAMA","DAT","VALIDATED_PHYSICAL_ROW","PHYSICAL_UI_ELIGIBLE"
"770005","0770005","0770005","","simple","false","Futon Duo (algodón y lana) 150x200x14 cm","Futones","150x200x14","Futones","Algodón Lana","150x200x14","NO_GAMA","DAT","VALIDATED_PHYSICAL_ROW","PHYSICAL_UI_ELIGIBLE"
"770006","0770006","0770006","","simple","false","Futon Duo (algodón y lana) 160x200x14 cm","Futones","160x200x14","Futones","Algodón Lana","160x200x14","NO_GAMA","DAT","VALIDATED_PHYSICAL_ROW","PHYSICAL_UI_ELIGIBLE"
"770007","0770007","0770007","","simple","false","Futon Duo (algodón y lana) 180x200x14 cm","Futones","180x200x14","Futones","Algodón Lana","180x200x14","NO_GAMA","DAT","VALIDATED_PHYSICAL_ROW","PHYSICAL_UI_ELIGIBLE"
"770008","0770008","0770008","","simple","false","Futon Duo (algodón y lana) 200x200x14 cm","Futones","200x200x14","Futones","Algodón Lana","200x200x14","NO_GAMA","USER_CONFIRMED","USER_CONFIRMED_PHYSICAL_IDENTITY","PHYSICAL_UI_ELIGIBLE"
"770001","0770001","0770001","","simple","false","Futon Duo (algodón y lana) 90x200x14 cm","Futones","90x200x14","Futones","Algodón Lana","90x200x14","NO_GAMA","DAT","VALIDATED_PHYSICAL_ROW","PHYSICAL_UI_ELIGIBLE"
"731002","0731002","0731002","","simple","false","FutónAlgodón, Núcleo Látex 10 cm, 140x200x16 cm.","Futones","140x200x16","Futones","Algodón Látex 10 cm","140x200x16","NO_GAMA","DAT","VALIDATED_PHYSICAL_ROW","PHYSICAL_UI_ELIGIBLE"
"731003","0731003","0731003","","simple","false","FutónAlgodón, Núcleo Látex 10 cm, 150x200x16 cm.","Futones","150x200x16","Futones","Algodón Látex 10 cm","150x200x16","NO_GAMA","DAT","VALIDATED_PHYSICAL_ROW","PHYSICAL_UI_ELIGIBLE"
"731004","0731004","0731004","","simple","false","FutónAlgodón, Núcleo Látex 10 cm, 160x200x16 cm.","Futones","160x200x16","Futones","Algodón Látex 10 cm","160x200x16","NO_GAMA","DAT","VALIDATED_PHYSICAL_ROW","PHYSICAL_UI_ELIGIBLE"
"731005","0731005","0731005","","simple","false","FutónAlgodón, Núcleo Látex 10 cm, 180x200x16 cm.","Futones","180x200x16","Futones","Algodón Látex 10 cm","180x200x16","NO_GAMA","DAT","VALIDATED_PHYSICAL_ROW","PHYSICAL_UI_ELIGIBLE"
"731006","0731006","0731006","","simple","false","FutónAlgodón, Núcleo Látex 10 cm, 200x200x16 cm.","Futones","200x200x16","Futones","Algodón Látex 10 cm","200x200x16","NO_GAMA","DAT","VALIDATED_PHYSICAL_ROW","PHYSICAL_UI_ELIGIBLE"
"731001","0731001","0731001","","simple","false","FutónAlgodón, Núcleo Látex 10 cm, 90x200x16 cm.","Futones","90x200x16","Futones","Algodón Látex 10 cm","90x200x16","NO_GAMA","DAT","VALIDATED_PHYSICAL_ROW","PHYSICAL_UI_ELIGIBLE"
"733002","0733002","0733002","","simple","false","FutónAlgodón, Núcleo Látex 15 cm, 140x200x19 cm.","Futones","140x200x19","Futones","Algodón Látex 15 cm","140x200x19","NO_GAMA","DAT","CANONICAL_RESOLVED_ALLOWLIST","PHYSICAL_UI_ELIGIBLE"
"733003","0733003","0733003","","simple","false","FutónAlgodón, Núcleo Látex 15 cm, 150x200x19 cm.","Futones","150x200x19","Futones","Algodón Látex 15 cm","150x200x19","NO_GAMA","DAT","VALIDATED_PHYSICAL_ROW","PHYSICAL_UI_ELIGIBLE"
"733004","0733004","0733004","","simple","false","FutónAlgodón, Núcleo Látex 15 cm, 160x200x19 cm.","Futones","160x200x19","Futones","Algodón Látex 15 cm","160x200x19","NO_GAMA","DAT","VALIDATED_PHYSICAL_ROW","PHYSICAL_UI_ELIGIBLE"
"733005","0733005","0733005","","simple","false","FutónAlgodón, Núcleo Látex 15 cm, 180x200x19 cm.","Futones","180x200x19","Futones","Algodón Látex 15 cm","180x200x19","NO_GAMA","DAT","VALIDATED_PHYSICAL_ROW","PHYSICAL_UI_ELIGIBLE"
"733006","0733006","0733006","","simple","false","FutónAlgodón, Núcleo Látex 15 cm, 200x200x19 cm.","Futones","200x200x19","Futones","Algodón Látex 15 cm","200x200x19","NO_GAMA","DAT","VALIDATED_PHYSICAL_ROW","PHYSICAL_UI_ELIGIBLE"
"733001","0733001","0733001","","simple","false","FutónAlgodón, Núcleo Látex 15 cm, 90x200x19 cm.","Futones","90x200x19","Futones","Algodón Látex 15 cm","90x200x19","NO_GAMA","DAT","VALIDATED_PHYSICAL_ROW","PHYSICAL_UI_ELIGIBLE"
"78009","0078009","","","simple","false","Duo Látex","Futones","140x200x16","Futones","Dúo Látex","140x200x16","NO_GAMA","USER_CONFIRMED","USER_CONFIRMED_PHYSICAL_IDENTITY","PHYSICAL_UI_ELIGIBLE"
"780009","0780009","","","simple","false","Futón Duo y Látex · 140x200x16 cm","Futones","140x200x16","Futones","Dúo Látex","140x200x16","NO_GAMA","USER_CONFIRMED","USER_CONFIRMED_PHYSICAL_IDENTITY","PHYSICAL_UI_ELIGIBLE"
"780010","0780010","0780010","","simple","false","Futón Duo y Látex · 150x200x16 cm","Futones","150x200x16 cm","Futones","Dúo Látex","150x200x16","NO_GAMA","USER_CONFIRMED","USER_CONFIRMED_PHYSICAL_IDENTITY","PHYSICAL_UI_ELIGIBLE"
"78012","0078012","","","simple","false","Dúo Látex","Futones","160x200x16","Futones","Dúo Látex","160x200x16","NO_GAMA","USER_CONFIRMED","USER_CONFIRMED_PHYSICAL_IDENTITY","PHYSICAL_UI_ELIGIBLE"
"780012","0780012","","","simple","false","Futón Duo y Látex · 160x200x16 cm","Futones","160x200x16","Futones","Dúo Látex","160x200x16","NO_GAMA","USER_CONFIRMED","USER_CONFIRMED_PHYSICAL_IDENTITY","PHYSICAL_UI_ELIGIBLE"
"78013","0078013","","","simple","false","Dúo Látex","Futones","180x200x16","Futones","Dúo Látex","180x200x16","NO_GAMA","USER_CONFIRMED","USER_CONFIRMED_PHYSICAL_IDENTITY","PHYSICAL_UI_ELIGIBLE"
"780013","0780013","","","simple","false","Futón Duo y Látex · 180x200x16 cm","Futones","180x200x16","Futones","Dúo Látex","180x200x16","NO_GAMA","USER_CONFIRMED","USER_CONFIRMED_PHYSICAL_IDENTITY","PHYSICAL_UI_ELIGIBLE"
"780014","0780014","0780014","","simple","false","Futón Duo y Látex · 200x200x16 cm","Futones","200x200x16 cm","Futones","Dúo Látex","200x200x16","NO_GAMA","USER_CONFIRMED","USER_CONFIRMED_PHYSICAL_IDENTITY","PHYSICAL_UI_ELIGIBLE"
"780008","0780008","0780008","","simple","false","Futón Duo y Látex · 90x200x16 cm","Futones","90x200x16 cm","Futones","Dúo Látex","90x200x16","NO_GAMA","USER_CONFIRMED","USER_CONFIRMED_PHYSICAL_IDENTITY","PHYSICAL_UI_ELIGIBLE"
"780002","0780002","0780002","","simple","false","Futón Lana 120x200x14 cm","Futones","120x200x14","Futones","Lana","120x200x14","NO_GAMA","MAESTRO","SOURCE_BACKED_USER_APPROVED","PHYSICAL_UI_ELIGIBLE"
"780003","","0780003","","simple","false","Futón Lana 140x200x14 cm","Futones","140x200x14","Futones","Lana","140x200x14","NO_GAMA","MAESTRO","SOURCE_BACKED_USER_APPROVED","PHYSICAL_UI_ELIGIBLE"
"780004","0780004","0780004","","simple","false","Futón Lana 150x200x14 cm","Futones","150x200x14","Futones","Lana","150x200x14","NO_GAMA","MAESTRO","SOURCE_BACKED_USER_APPROVED","PHYSICAL_UI_ELIGIBLE"
"780005","","0780005","","simple","false","Futón Lana 160x200x14 cm","Futones","160x200x14","Futones","Lana","160x200x14","NO_GAMA","MAESTRO","SOURCE_BACKED_USER_APPROVED","PHYSICAL_UI_ELIGIBLE"
"780006","0780006","0780006","","simple","false","Futón Lana 180x200x14 cm","Futones","180x200x14","Futones","Lana","180x200x14","NO_GAMA","MAESTRO","SOURCE_BACKED_USER_APPROVED","PHYSICAL_UI_ELIGIBLE"
"780007","0780007","0780007","","simple","false","Futón Lana 200x200x14 cm","Futones","200x200x14","Futones","Lana","200x200x14","NO_GAMA","MAESTRO","SOURCE_BACKED_USER_APPROVED","PHYSICAL_UI_ELIGIBLE"
"780001","","0780001","","simple","false","Futón Lana 90x200x14 cm","Futones","90x200x14","Futones","Lana","90x200x14","NO_GAMA","MAESTRO","SOURCE_BACKED_USER_APPROVED","PHYSICAL_UI_ELIGIBLE"
"759006","0759006","0759006","","simple","false","Futón Plus Coco 120x200x14 cm.","Futones","120x200x14","Futones","Plus Coco","120x200x14","NO_GAMA","USER_APPROVED","USER_APPROVED_PLUS_COCO_003B_2A","PHYSICAL_UI_ELIGIBLE"
"759008","0759008","0759008","","simple","false","Futón Plus Coco 140x190x14 cm.","Futones","140x190x14","Futones","Plus Coco","140x190x14","NO_GAMA","USER_APPROVED","USER_APPROVED_PLUS_COCO_003B_2A","PHYSICAL_UI_ELIGIBLE"
"759007","0759007","0759007","","simple","false","Futón Plus Coco 140x200x14 cm.","Futones","140x200x14","Futones","Plus Coco","140x200x14","NO_GAMA","USER_APPROVED","USER_APPROVED_PLUS_COCO_003B_2A","PHYSICAL_UI_ELIGIBLE"
"759003","0759003","0759003","","simple","false","Futón Plus Coco 150x200x14 cm.","Futones","150x200x14","Futones","Plus Coco","150x200x14","NO_GAMA","DAT","VALIDATED_PHYSICAL_ROW","PHYSICAL_UI_ELIGIBLE"
"759004","0759004","0759004","","simple","false","Futón Plus Coco 160x200x14 cm","Futones","160x200x14","Futones","Plus Coco","160x200x14","NO_GAMA","DAT","CANONICAL_RESOLVED_ALLOWLIST","PHYSICAL_UI_ELIGIBLE"
"759009","0759009","0759009","","simple","false","Futón Plus Coco 180x200x14 cm.","Futones","180x200x14","Futones","Plus Coco","180x200x14","NO_GAMA","USER_APPROVED","USER_APPROVED_PLUS_COCO_003B_2A","PHYSICAL_UI_ELIGIBLE"
"759010","0759010","0759010","","simple","false","Futón Plus Coco 200x200x14 cm.","Futones","200x200x14","Futones","Plus Coco","200x200x14","NO_GAMA","USER_APPROVED","USER_APPROVED_PLUS_COCO_003B_2A","PHYSICAL_UI_ELIGIBLE"
"759005","0759005","0759005","","simple","false","Futón Plus Coco 90x200x14 cm.","Futones","90x200x14","Futones","Plus Coco","90x200x14","NO_GAMA","USER_APPROVED","USER_APPROVED_PLUS_COCO_003B_2A","PHYSICAL_UI_ELIGIBLE"
"809003","0809003","0809003","","simple","false","Futón portátil, 140x200x4 cm, Azul","Futones portátiles","140x200x4","Futones","Portátil","140x200x4","Azul","DAT","VALIDATED_PHYSICAL_ROW","PHYSICAL_UI_ELIGIBLE"
"808003","0808003","0808003","","simple","false","Futón portátil, 140x200x4 cm, Crudo","Futones portátiles","140x200x4","Futones","Portátil","140x200x4","Crudo","DAT","CANONICAL_RESOLVED_ALLOWLIST","PHYSICAL_UI_ELIGIBLE"
"818002","0818002","0818002","","simple","false","Futon portatil · 140x200x4 cm · Marrón chocolate color 80","Futones","140x200x4 cm","Futones","Portátil","140x200x4","Marrón chocolate","USER_CONFIRMED","USER_CONFIRMED_PHYSICAL_IDENTITY","PHYSICAL_UI_ELIGIBLE"
"817003","0817003","0817003","","simple","false","Futón portátil, 140x200x4 cm, Morado","Futones portátiles","140x200x4","Futones","Portátil","140x200x4","Morado","DAT","VALIDATED_PHYSICAL_ROW","PHYSICAL_UI_ELIGIBLE"
"813003","0813003","0813003","","simple","false","Futón portátil, 140x200x4 cm, Naranja","Futones portátiles","140x200x4","Futones","Portátil","140x200x4","Naranja","DAT","VALIDATED_PHYSICAL_ROW","PHYSICAL_UI_ELIGIBLE"
"816003","0816003","0816003","","simple","false","Futón portátil, 140x200x4 cm, Negra","Futones portátiles","140x200x4","Futones","Portátil","140x200x4","Negro","DAT","CANONICAL_RESOLVED_ALLOWLIST","PHYSICAL_UI_ELIGIBLE"
"814003","0814003","0814003","","simple","false","Futón portátil, 140x200x4 cm, Verde","Futones portátiles","140x200x4","Futones","Portátil","140x200x4","Verde","DAT","VALIDATED_PHYSICAL_ROW","PHYSICAL_UI_ELIGIBLE"
"859001","0859001","0859001","","simple","false","Futón portátil, 140x200x4 cm, Verde Oscuro","Futones portátiles","140x200x4","Futones","Portátil","140x200x4","Verde","DAT","VALIDATED_PHYSICAL_ROW","PHYSICAL_UI_ELIGIBLE"
"809001","0809001","0809001","","simple","false","Futón portátil, 80x200x4 cm, Azul","Futones portátiles","80x200x4","Futones","Portátil","80x200x4","Azul","DAT","VALIDATED_PHYSICAL_ROW","PHYSICAL_UI_ELIGIBLE"
"808001","0808001","0808001","","simple","false","Futón portátil, 80x200x 4 cm, Crudo","Futones portátiles","80x200x4","Futones","Portátil","80x200x4","Crudo","DAT","CANONICAL_RESOLVED_ALLOWLIST","PHYSICAL_UI_ELIGIBLE"
"818001","0818001","0818001","","simple","false","Futon portatil · 80x200x4 cm · Marrón chocolate color 80","Futones","80x200x4 cm","Futones","Portátil","80x200x4","Marrón chocolate","USER_CONFIRMED","USER_CONFIRMED_PHYSICAL_IDENTITY","PHYSICAL_UI_ELIGIBLE"
"817001","0817001","0817001","","simple","false","Futón portátil, 80x200x4 cm, Morado","Futones portátiles","80x200x4","Futones","Portátil","80x200x4","Morado","DAT","VALIDATED_PHYSICAL_ROW","PHYSICAL_UI_ELIGIBLE"
"813001","0813001","0813001","","simple","false","Futón portátil, 80x200x4 cm, Naranja","Futones portátiles","80x200x4","Futones","Portátil","80x200x4","Naranja","DAT","VALIDATED_PHYSICAL_ROW","PHYSICAL_UI_ELIGIBLE"
"816001","0816001","0816001","","simple","false","Futón portátil, 80x 200x4 cm, Negro","Futones portátiles","80x200x4","Futones","Portátil","80x200x4","Negro","DAT","VALIDATED_PHYSICAL_ROW","PHYSICAL_UI_ELIGIBLE"
"814001","0814001","0814001","","simple","false","Futón portátil, 80x200x4 cm, Verde","Futones portátiles","80x200x4","Futones","Portátil","80x200x4","Verde","DAT","VALIDATED_PHYSICAL_ROW","PHYSICAL_UI_ELIGIBLE"
"859002","0859002","0859002","","simple","false","Futón portátil, 80x200x4 cm, Verde Oscuro","Futones portátiles","80x200x4","Futones","Portátil","80x200x4","Verde","DAT","VALIDATED_PHYSICAL_ROW","PHYSICAL_UI_ELIGIBLE"
"758087","0758087","0758087","","simple","false","Premium (winter/summer) · 120x200x17 cm · Tela futon","Futones","120x200x17 cm","Futones","Premium","120x200x17","Invierno/Verano","USER_CONFIRMED","USER_CONFIRMED_PHYSICAL_IDENTITY","PHYSICAL_UI_ELIGIBLE"
"758002","0758002","0758002","","simple","false","Futón de coco Premium, 140 x 200 x 17 cm.","Futones","140x200x17","Futones","Premium","140x200x17","Invierno/Verano","DAT","VALIDATED_PHYSICAL_ROW","PHYSICAL_UI_ELIGIBLE"
"758003","0758003","0758003","","simple","false","Futón de coco Premium, 150 x 200 x 17 cm.","Futones","150x200x17","Futones","Premium","150x200x17","Invierno/Verano","DAT","VALIDATED_PHYSICAL_ROW","PHYSICAL_UI_ELIGIBLE"
"758004","0758004","0758004","","simple","false","Futón de Coco  Premium 160 x 200 x 17 cm.","Futones","160x200x17","Futones","Premium","160x200x17","Invierno/Verano","DAT","VALIDATED_PHYSICAL_ROW","PHYSICAL_UI_ELIGIBLE"
"758005","0758005","0758005","","simple","false","Futón de Coco  Premium 180 x 200 x 17 cm.","Futones","180x200x17","Futones","Premium","180x200x17","Invierno/Verano","DAT","VALIDATED_PHYSICAL_ROW","PHYSICAL_UI_ELIGIBLE"
"758006","0758006","0758006","","simple","false","Futón de Coco  Premium 200 x 200 x 17 cm.","Futones","200x200x17","Futones","Premium","200x200x17","Invierno/Verano","DAT","VALIDATED_PHYSICAL_ROW","PHYSICAL_UI_ELIGIBLE"
"758001","0758001","0758001","","simple","false","Futón de coco Premium,  90 x 200 x 17 cm.","Futones","90x200x17","Futones","Premium","90x200x17","Invierno/Verano","DAT","VALIDATED_PHYSICAL_ROW","PHYSICAL_UI_ELIGIBLE"
"504012","0504012","0504012","","simple","false","Sofá cama A-Frame, 140 x 200 cm, Natural","Sofás Cama","140x200","Sofás Cama","A-Frame","140x200","Natural","DAT","VALIDATED_PHYSICAL_ROW","PHYSICAL_UI_ELIGIBLE"
"504015","0504015","0504015","","simple","false","Sofá cama Luna 120 x 200 cm, Natural","Sofás Cama","120x200","Sofás Cama","Luna","120x200","Natural","DAT","VALIDATED_PHYSICAL_ROW","PHYSICAL_UI_ELIGIBLE"
"504010","0504010","0504010","","simple","false","Sofá cama Luna, 140 x 200 cm, Natural","Sofás Cama","140x200","Sofás Cama","Luna","140x200","Natural","DAT","VALIDATED_PHYSICAL_ROW","PHYSICAL_UI_ELIGIBLE"
"504016","0504016","0504016","","simple","false","Sofá cama Luna 160 x 200 cm, Natural","Sofás Cama","160x200","Sofás Cama","Luna","160x200","Natural","DAT","VALIDATED_PHYSICAL_ROW","PHYSICAL_UI_ELIGIBLE"
"504009","0504009","0504009","","simple","false","Sofá cama Luna 90 x 200 cm, Natural","Sofás Cama","90x200","Sofás Cama","Luna","90x200","Natural","DAT","VALIDATED_PHYSICAL_ROW","PHYSICAL_UI_ELIGIBLE"
"502005","0502005","0502005","","simple","false","Sofá cama Sésamo, 80 x 200 cm, Natural","Sofás Cama","80x200","Sofás Cama","Sésamo","80x200","Natural","DAT","VALIDATED_PHYSICAL_ROW","PHYSICAL_UI_ELIGIBLE"
"502002","0502002","0502002","","simple","false","Sofá cama Vienna, 140 x 190 cm, Natural","Sofás Cama","140x190","Sofás Cama","Vienna","140x190","Natural","DAT","VALIDATED_PHYSICAL_ROW","PHYSICAL_UI_ELIGIBLE"
"502012","0502012","0502012","","simple","false","Sofá cama Yokahoma,  150 x 200 cm, Natural","Sofás Cama","150x200","Sofás Cama","Yokahoma","150x200","Natural","DAT","VALIDATED_PHYSICAL_ROW","PHYSICAL_UI_ELIGIBLE"
"504011","0504011","0504011","","simple","false","Sofá cama Zúrich 140 x 200 cm, Natural","Sofás Cama","140x200","Sofás Cama","Zúrich","140x200","Natural","DAT","VALIDATED_PHYSICAL_ROW","PHYSICAL_UI_ELIGIBLE"
"201010","0201010","0201010","","simple","false","Tatami, 100 x 200 x 5,5 cm","Tatamis","100x200x5.5","Tatamis","Tatami","100x200x5,5","Negro","DAT","CANONICAL_RESOLVED_ALLOWLIST","PHYSICAL_UI_ELIGIBLE"
"201014","","0201014","","simple","false","Tatami, 60x200x5,5","Tatamis","60x200x5,5","Tatamis","Tatami","60x200x5,5","NO_GAMA","MAESTRO","SOURCE_BACKED_USER_APPROVED","PHYSICAL_UI_ELIGIBLE"
"201003","0201003","0201003","","simple","false","Tatami, 70 x 200 x 5,5 cm","Tatamis","70x200x5,5","Tatamis","Tatami","70x200x5,5","Negro","DAT","CANONICAL_RESOLVED_ALLOWLIST","PHYSICAL_UI_ELIGIBLE"
"201004","0201004","0201004","","simple","false","Tatami, 76 x 200 x 5,5 cm","Tatamis","76x200x5.5","Tatamis","Tatami","76x200x5,5","Negro","DAT","VALIDATED_PHYSICAL_ROW","PHYSICAL_UI_ELIGIBLE"
"201001","0201001","0201001","","simple","false","Tatami, 80 x 200 x 5,5 cm.","Tatamis","80x200x5,5","Tatamis","Tatami","80x200x5,5","Negro","DAT","VALIDATED_PHYSICAL_ROW","PHYSICAL_UI_ELIGIBLE"
"201005","0201005","0201005","","simple","false","Tatami, 90 x 180 x 5,5 cm","Tatamis","90x180x5.5","Tatamis","Tatami","90x180x5,5","Negro","DAT","CANONICAL_RESOLVED_ALLOWLIST","PHYSICAL_UI_ELIGIBLE"
"201002","0201002","0201002","","simple","false","Tatami, 90 x 200 x 5,5 cm","Tatamis","90x200x5.5","Tatamis","Tatami","90x200x5,5","Negro","DAT","CANONICAL_RESOLVED_ALLOWLIST","PHYSICAL_UI_ELIGIBLE"
"201013","0201013","0201013","","simple","false","Tatami Plegable de 90 cm + Futón Portátil  Azul","Tatamis","90x200x1,2","Tatamis","Tatami plegable","90x200x1,2","Azul","DAT","VALIDATED_PHYSICAL_ROW","PHYSICAL_UI_ELIGIBLE"
"208001","0208001","0208001","","simple","false","Tatami Plegable de 90 cm + Futón Portátil Crudo","Tatamis","90x200x1,2","Tatamis","Tatami plegable","90x200x1,2","Crudo","DAT","VALIDATED_PHYSICAL_ROW","PHYSICAL_UI_ELIGIBLE"
"206001","0206001","0206001","","simple","false","Tatami Plegable de 90 cm + Futón Portátil Granate","Tatamis","90x200x1,2","Tatamis","Tatami plegable","90x200x1,2","Granate","DAT","VALIDATED_PHYSICAL_ROW","PHYSICAL_UI_ELIGIBLE"
"213001","0213001","0213001","","simple","false","Tatami Plegable de 90 cm + Futón Portátil Naranja","Tatamis","90x200x1,2","Tatamis","Tatami plegable","90x200x1,2","Naranja","DAT","VALIDATED_PHYSICAL_ROW","PHYSICAL_UI_ELIGIBLE"
"216001","0216001","0216001","","simple","false","Tatami Plegable de 90 cm + Futón Portátil Negro","Tatamis","90x200x1,2","Tatamis","Tatami plegable","90x200x1,2","Negro","DAT","VALIDATED_PHYSICAL_ROW","PHYSICAL_UI_ELIGIBLE"
"201011","0201011","0201011","","simple","false","Tatami Plegable, 90 x 200 x 1,2 cm","Tatamis","90x200x1,2","Tatamis","Tatami plegable","90x200x1,2","NO_GAMA","DAT","VALIDATED_PHYSICAL_ROW","PHYSICAL_UI_ELIGIBLE"
"214001","0214001","0214001","","simple","false","Tatami Plegable de 90 cm + Futón Portátil Verde","Tatamis","90x200x1,2","Tatamis","Tatami plegable","90x200x1,2","Verde","DAT","VALIDATED_PHYSICAL_ROW","PHYSICAL_UI_ELIGIBLE"
"201007","0201007","0201007","","simple","false","Tatami Suport, 80x200x11cm","Tatamis","80x200x11","Tatamis","Tatami support","80x200x11","NO_GAMA","MAESTRO","SOURCE_BACKED_USER_APPROVED","PHYSICAL_UI_ELIGIBLE"
"201006","0201006","0201006","","simple","false","Tatami Suport, 90x200x11cm","Tatamis","90x200x11","Tatamis","Tatami support","90x200x11","NO_GAMA","MAESTRO","SOURCE_BACKED_USER_APPROVED","PHYSICAL_UI_ELIGIBLE"
