decision_group_id,entity_type,entity_id,sku_or_signature,woo_id,source,source_row,name,quarantine_reason,affected_edges,affected_combinations,original_status,quarantine_status,worker_review_status,notes
TECH-001,UNRESOLVED_SOURCE_COMPOSITION,0201001|0201001|0201001|0201001|1242001|1242001|1242001|1242001,0201001|0201001|0201001|0201001|1242001|1242001|1242001|1242001,,MAESTRO,311,,UNRESOLVED_EXACT_EVIDENCE_OUTSIDE_BUSINESS_SCOPE,2,0,HISTORICAL_COMPOSITION_EVIDENCE,PENDING_TECHNICAL_EVIDENCE,NOT_SUBMITTED_TECHNICAL,Source evidence retained outside the operational graph pending exact identity evidence.
TECH-001,UNRESOLVED_SOURCE_COMPOSITION,0201001|0201001|0201001|0201001|1243001|1243001|1243001|1243001,0201001|0201001|0201001|0201001|1243001|1243001|1243001|1243001,,MAESTRO,312,,UNRESOLVED_EXACT_EVIDENCE_OUTSIDE_BUSINESS_SCOPE,2,0,HISTORICAL_COMPOSITION_EVIDENCE,PENDING_TECHNICAL_EVIDENCE,NOT_SUBMITTED_TECHNICAL,Source evidence retained outside the operational graph pending exact identity evidence.
TECH-001,UNRESOLVED_SOURCE_COMPOSITION,0201001|0201001|0201001|0201001|1244001|1244001|1244001|1244001,0201001|0201001|0201001|0201001|1244001|1244001|1244001|1244001,,MAESTRO,314,,UNRESOLVED_EXACT_EVIDENCE_OUTSIDE_BUSINESS_SCOPE,2,0,HISTORICAL_COMPOSITION_EVIDENCE,PENDING_TECHNICAL_EVIDENCE,NOT_SUBMITTED_TECHNICAL,Source evidence retained outside the operational graph pending exact identity evidence.
TECH-001,UNRESOLVED_SOURCE_COMPOSITION,0201001|0201001|0201001|0201001|1245001|1245001|1245001|1245001,0201001|0201001|0201001|0201001|1245001|1245001|1245001|1245001,,MAESTRO,313,,UNRESOLVED_EXACT_EVIDENCE_OUTSIDE_BUSINESS_SCOPE,2,0,HISTORICAL_COMPOSITION_EVIDENCE,PENDING_TECHNICAL_EVIDENCE,NOT_SUBMITTED_TECHNICAL,Source evidence retained outside the operational graph pending exact identity evidence.
TECH-001,UNRESOLVED_SOURCE_COMPOSITION,0201001|0201001|0201001|0201001|1249001|1249001|1249001|1249001,0201001|0201001|0201001|0201001|1249001|1249001|1249001|1249001,,MAESTRO,315,,UNRESOLVED_EXACT_EVIDENCE_OUTSIDE_BUSINESS_SCOPE,2,0,HISTORICAL_COMPOSITION_EVIDENCE,PENDING_TECHNICAL_EVIDENCE,NOT_SUBMITTED_TECHNICAL,Source evidence retained outside the operational graph pending exact identity evidence.
TECH-001,UNRESOLVED_SOURCE_COMPOSITION,0201001|0201001|0727007|0727007,0201001|0201001|0727007|0727007,,MAESTRO,357,,UNRESOLVED_EXACT_EVIDENCE_OUTSIDE_BUSINESS_SCOPE,2,0,HISTORICAL_COMPOSITION_EVIDENCE,PENDING_TECHNICAL_EVIDENCE,NOT_SUBMITTED_TECHNICAL,Source evidence retained outside the operational graph pending exact identity evidence.
TECH-001,UNRESOLVED_SOURCE_COMPOSITION,0201001|0201001|0727007|0727007|0608007|0608007,0201001|0201001|0727007|0727007|0608007|0608007,,MAESTRO,358,,UNRESOLVED_EXACT_EVIDENCE_OUTSIDE_BUSINESS_SCOPE,3,0,HISTORICAL_COMPOSITION_EVIDENCE,PENDING_TECHNICAL_EVIDENCE,NOT_SUBMITTED_TECHNICAL,Source evidence retained outside the operational graph pending exact identity evidence.
TECH-001,UNRESOLVED_SOURCE_COMPOSITION,0201001|0201001|0730009|0730009,0201001|0201001|0730009|0730009,,MAESTRO,359,,UNRESOLVED_EXACT_EVIDENCE_OUTSIDE_BUSINESS_SCOPE,2,0,HISTORICAL_COMPOSITION_EVIDENCE,PENDING_TECHNICAL_EVIDENCE,NOT_SUBMITTED_TECHNICAL,Source evidence retained outside the operational graph pending exact identity evidence.
TECH-001,UNRESOLVED_SOURCE_COMPOSITION,0201001|0201001|0730009|0730009|0608007|0608007,0201001|0201001|0730009|0730009|0608007|0608007,,MAESTRO,360,,UNRESOLVED_EXACT_EVIDENCE_OUTSIDE_BUSINESS_SCOPE,3,0,HISTORICAL_COMPOSITION_EVIDENCE,PENDING_TECHNICAL_EVIDENCE,NOT_SUBMITTED_TECHNICAL,Source evidence retained outside the operational graph pending exact identity evidence.
TECH-001,UNRESOLVED_SOURCE_COMPOSITION,0404017|0402020|0402020,0404017|0402020|0402020,,MAESTRO,13,,UNRESOLVED_EXACT_EVIDENCE_OUTSIDE_BUSINESS_SCOPE,2,0,HISTORICAL_COMPOSITION_EVIDENCE,PENDING_TECHNICAL_EVIDENCE,NOT_SUBMITTED_TECHNICAL,Source evidence retained outside the operational graph pending exact identity evidence.
TECH-001,UNRESOLVED_SOURCE_COMPOSITION,0504010|1251006,0504010|1251006,,MAESTRO,330,,UNRESOLVED_EXACT_EVIDENCE_OUTSIDE_BUSINESS_SCOPE,2,0,HISTORICAL_COMPOSITION_EVIDENCE,PENDING_TECHNICAL_EVIDENCE,NOT_SUBMITTED_TECHNICAL,Source evidence retained outside the operational graph pending exact identity evidence.
TECH-001,UNRESOLVED_SOURCE_COMPOSITION,0504010|1251006|0608002,0504010|1251006|0608002,,MAESTRO,331,,UNRESOLVED_EXACT_EVIDENCE_OUTSIDE_BUSINESS_SCOPE,3,0,HISTORICAL_COMPOSITION_EVIDENCE,PENDING_TECHNICAL_EVIDENCE,NOT_SUBMITTED_TECHNICAL,Source evidence retained outside the operational graph pending exact identity evidence.
TECH-001,UNRESOLVED_SOURCE_COMPOSITION,0504015|0724002,0504015|0724002,,MAESTRO,333 | 335 | 337,,UNRESOLVED_EXACT_EVIDENCE_OUTSIDE_BUSINESS_SCOPE,6,0,HISTORICAL_COMPOSITION_EVIDENCE,PENDING_TECHNICAL_EVIDENCE,NOT_SUBMITTED_TECHNICAL,Source evidence retained outside the operational graph pending exact identity evidence.
TECH-001,UNRESOLVED_SOURCE_COMPOSITION,0504015|0724002|0616010,0504015|0724002|0616010,,MAESTRO,334 | 336 | 338,,UNRESOLVED_EXACT_EVIDENCE_OUTSIDE_BUSINESS_SCOPE,9,0,HISTORICAL_COMPOSITION_EVIDENCE,PENDING_TECHNICAL_EVIDENCE,NOT_SUBMITTED_TECHNICAL,Source evidence retained outside the operational graph pending exact identity evidence.
TECH-001,UNRESOLVED_SOURCE_COMPOSITION,0504016|0724002,0504016|0724002,,MAESTRO,340,,UNRESOLVED_EXACT_EVIDENCE_OUTSIDE_BUSINESS_SCOPE,2,0,HISTORICAL_COMPOSITION_EVIDENCE,PENDING_TECHNICAL_EVIDENCE,NOT_SUBMITTED_TECHNICAL,Source evidence retained outside the operational graph pending exact identity evidence.
TECH-001,UNRESOLVED_SOURCE_COMPOSITION,0504016|0724002|0608003,0504016|0724002|0608003,,MAESTRO,341,,UNRESOLVED_EXACT_EVIDENCE_OUTSIDE_BUSINESS_SCOPE,3,0,HISTORICAL_COMPOSITION_EVIDENCE,PENDING_TECHNICAL_EVIDENCE,NOT_SUBMITTED_TECHNICAL,Source evidence retained outside the operational graph pending exact identity evidence.
TECH-001,UNRESOLVED_SOURCE_COMPOSITION,0504016|0724005,0504016|0724005,,MAESTRO,342,,UNRESOLVED_EXACT_EVIDENCE_OUTSIDE_BUSINESS_SCOPE,2,0,HISTORICAL_COMPOSITION_EVIDENCE,PENDING_TECHNICAL_EVIDENCE,NOT_SUBMITTED_TECHNICAL,Source evidence retained outside the operational graph pending exact identity evidence.
TECH-001,UNRESOLVED_SOURCE_COMPOSITION,0504016|0724005|0608003,0504016|0724005|0608003,,MAESTRO,343,,UNRESOLVED_EXACT_EVIDENCE_OUTSIDE_BUSINESS_SCOPE,3,0,HISTORICAL_COMPOSITION_EVIDENCE,PENDING_TECHNICAL_EVIDENCE,NOT_SUBMITTED_TECHNICAL,Source evidence retained outside the operational graph pending exact identity evidence.
TECH-001,UNRESOLVED_SOURCE_COMPOSITION,0504016|0728004,0504016|0728004,,MAESTRO,344,,UNRESOLVED_EXACT_EVIDENCE_OUTSIDE_BUSINESS_SCOPE,2,0,HISTORICAL_COMPOSITION_EVIDENCE,PENDING_TECHNICAL_EVIDENCE,NOT_SUBMITTED_TECHNICAL,Source evidence retained outside the operational graph pending exact identity evidence.
TECH-001,UNRESOLVED_SOURCE_COMPOSITION,0504016|0728004|0608003,0504016|0728004|0608003,,MAESTRO,345,,UNRESOLVED_EXACT_EVIDENCE_OUTSIDE_BUSINESS_SCOPE,3,0,HISTORICAL_COMPOSITION_EVIDENCE,PENDING_TECHNICAL_EVIDENCE,NOT_SUBMITTED_TECHNICAL,Source evidence retained outside the operational graph pending exact identity evidence.
TECH-001,UNRESOLVED_WOO_COMBINATION,11726,0201001|0201001|1244001|1245001-1,11726,WOO_MAP_001A_2_CANONICAL_GRAPH,,"Negro, Rojo, Sin funda, Sin funda",UNRESOLVED_EXACT_EVIDENCE_OUTSIDE_BUSINESS_SCOPE,3,1,BLOCKED_INCOMPLETE_COMPOSITION,PENDING_TECHNICAL_EVIDENCE,NOT_SUBMITTED_TECHNICAL,blocked_components=0201001 | 1244001 | 1245001-1; exact full-SKU evidence still absent.
TECH-001,UNRESOLVED_WOO_COMBINATION,11723,0201001|0201001|1244001|1249001-1,11723,WOO_MAP_001A_2_CANONICAL_GRAPH,,"Negro, Crudo, Sin funda, Sin funda",UNRESOLVED_EXACT_EVIDENCE_OUTSIDE_BUSINESS_SCOPE,3,1,BLOCKED_INCOMPLETE_COMPOSITION,PENDING_TECHNICAL_EVIDENCE,NOT_SUBMITTED_TECHNICAL,blocked_components=0201001 | 1244001 | 1249001-1; exact full-SKU evidence still absent.
TECH-001,UNRESOLVED_WOO_COMBINATION,11731,0201001|0201001|1245001|1244001-1,11731,WOO_MAP_001A_2_CANONICAL_GRAPH,,"Rojo, Negro, Sin funda, Sin funda",UNRESOLVED_EXACT_EVIDENCE_OUTSIDE_BUSINESS_SCOPE,3,1,BLOCKED_INCOMPLETE_COMPOSITION,PENDING_TECHNICAL_EVIDENCE,NOT_SUBMITTED_TECHNICAL,blocked_components=0201001 | 1244001-1 | 1245001; exact full-SKU evidence still absent.
TECH-001,UNRESOLVED_WOO_COMBINATION,11718,0201001|0201001|1245001|1245001-1,11718,WOO_MAP_001A_2_CANONICAL_GRAPH,,"Rojo, Rojo, Sin funda, Sin funda",UNRESOLVED_EXACT_EVIDENCE_OUTSIDE_BUSINESS_SCOPE,3,1,BLOCKED_INCOMPLETE_COMPOSITION,PENDING_TECHNICAL_EVIDENCE,NOT_SUBMITTED_TECHNICAL,blocked_components=0201001 | 1245001 | 1245001-1; exact full-SKU evidence still absent.
TECH-001,UNRESOLVED_WOO_COMBINATION,11729,0201001|0201001|1245001|1249001-1,11729,WOO_MAP_001A_2_CANONICAL_GRAPH,,"Rojo, Crudo, Sin funda, Sin funda",UNRESOLVED_EXACT_EVIDENCE_OUTSIDE_BUSINESS_SCOPE,3,1,BLOCKED_INCOMPLETE_COMPOSITION,PENDING_TECHNICAL_EVIDENCE,NOT_SUBMITTED_TECHNICAL,blocked_components=0201001 | 1245001 | 1249001-1; exact full-SKU evidence still absent.
TECH-001,UNRESOLVED_WOO_COMBINATION,11719,0201001|0201001|1249001|1244001-1,11719,WOO_MAP_001A_2_CANONICAL_GRAPH,,"Crudo, Negro, Sin funda, Sin funda",UNRESOLVED_EXACT_EVIDENCE_OUTSIDE_BUSINESS_SCOPE,3,1,BLOCKED_INCOMPLETE_COMPOSITION,PENDING_TECHNICAL_EVIDENCE,NOT_SUBMITTED_TECHNICAL,blocked_components=0201001 | 1244001-1 | 1249001; exact full-SKU evidence still absent.
TECH-001,UNRESOLVED_WOO_COMBINATION,11720,0201001|0201001|1249001|1245001-1,11720,WOO_MAP_001A_2_CANONICAL_GRAPH,,"Crudo, Rojo, Sin funda, Sin funda",UNRESOLVED_EXACT_EVIDENCE_OUTSIDE_BUSINESS_SCOPE,3,1,BLOCKED_INCOMPLETE_COMPOSITION,PENDING_TECHNICAL_EVIDENCE,NOT_SUBMITTED_TECHNICAL,blocked_components=0201001 | 1245001-1 | 1249001; exact full-SKU evidence still absent.
TECH-001,UNRESOLVED_WOO_COMBINATION,11717,0201001|0201001|1249001|1249001-1,11717,WOO_MAP_001A_2_CANONICAL_GRAPH,,"Crudo, Crudo, Sin funda, Sin funda",UNRESOLVED_EXACT_EVIDENCE_OUTSIDE_BUSINESS_SCOPE,3,1,BLOCKED_INCOMPLETE_COMPOSITION,PENDING_TECHNICAL_EVIDENCE,NOT_SUBMITTED_TECHNICAL,blocked_components=0201001 | 1249001 | 1249001-1; exact full-SKU evidence still absent.
TECH-001,UNRESOLVED_WOO_COMBINATION,7337,0504011|0724003-1,7337,WOO_MAP_001A_2_CANONICAL_GRAPH,,"Futón de algodón, 140x200x14,5 cm, Sin funda",UNRESOLVED_EXACT_EVIDENCE_OUTSIDE_BUSINESS_SCOPE,2,1,BLOCKED_INCOMPLETE_COMPOSITION,PENDING_TECHNICAL_EVIDENCE,NOT_SUBMITTED_TECHNICAL,blocked_components=0504011 | 0724003-1; exact full-SKU evidence still absent.
TECH-001,UNRESOLVED_WOO_COMBINATION,7340,0504011|0724003|0606002-1,7340,WOO_MAP_001A_2_CANONICAL_GRAPH,,"Futón de algodón, 140x200x14,5 cm, Granate",UNRESOLVED_EXACT_EVIDENCE_OUTSIDE_BUSINESS_SCOPE,3,1,BLOCKED_INCOMPLETE_COMPOSITION,PENDING_TECHNICAL_EVIDENCE,NOT_SUBMITTED_TECHNICAL,blocked_components=0504011 | 0606002-1 | 0724003; exact full-SKU evidence still absent.
TECH-001,UNRESOLVED_WOO_COMBINATION,7343,0504011|0724003|0607002-1,7343,WOO_MAP_001A_2_CANONICAL_GRAPH,,"Futón de algodón, 140x200x14,5 cm, Rojo",UNRESOLVED_EXACT_EVIDENCE_OUTSIDE_BUSINESS_SCOPE,3,1,BLOCKED_INCOMPLETE_COMPOSITION,PENDING_TECHNICAL_EVIDENCE,NOT_SUBMITTED_TECHNICAL,blocked_components=0504011 | 0607002-1 | 0724003; exact full-SKU evidence still absent.
TECH-001,UNRESOLVED_WOO_COMBINATION,7339,0504011|0724003|0608002-1,7339,WOO_MAP_001A_2_CANONICAL_GRAPH,,"Futón de algodón, 140x200x14,5 cm, Crudo",UNRESOLVED_EXACT_EVIDENCE_OUTSIDE_BUSINESS_SCOPE,3,1,BLOCKED_INCOMPLETE_COMPOSITION,PENDING_TECHNICAL_EVIDENCE,NOT_SUBMITTED_TECHNICAL,blocked_components=0504011 | 0608002-1 | 0724003; exact full-SKU evidence still absent.
TECH-001,UNRESOLVED_WOO_COMBINATION,7338,0504011|0724003|0609002-1,7338,WOO_MAP_001A_2_CANONICAL_GRAPH,,"Futón de algodón, 140x200x14,5 cm, Azul",UNRESOLVED_EXACT_EVIDENCE_OUTSIDE_BUSINESS_SCOPE,3,1,BLOCKED_INCOMPLETE_COMPOSITION,PENDING_TECHNICAL_EVIDENCE,NOT_SUBMITTED_TECHNICAL,blocked_components=0504011 | 0609002-1 | 0724003; exact full-SKU evidence still absent.
TECH-001,UNRESOLVED_WOO_COMBINATION,7344,0504011|0724003|0614002-1,7344,WOO_MAP_001A_2_CANONICAL_GRAPH,,"Futón de algodón, 140x200x14,5 cm, Verde",UNRESOLVED_EXACT_EVIDENCE_OUTSIDE_BUSINESS_SCOPE,3,1,BLOCKED_INCOMPLETE_COMPOSITION,PENDING_TECHNICAL_EVIDENCE,NOT_SUBMITTED_TECHNICAL,blocked_components=0504011 | 0614002-1 | 0724003; exact full-SKU evidence still absent.
TECH-001,UNRESOLVED_WOO_COMBINATION,7335,0504011|0724003|0615002-1,7335,WOO_MAP_001A_2_CANONICAL_GRAPH,,"Futón de algodón, 140x200x14,5 cm, Amarillo",UNRESOLVED_EXACT_EVIDENCE_OUTSIDE_BUSINESS_SCOPE,3,1,BLOCKED_INCOMPLETE_COMPOSITION,PENDING_TECHNICAL_EVIDENCE,NOT_SUBMITTED_TECHNICAL,blocked_components=0504011 | 0615002-1 | 0724003; exact full-SKU evidence still absent.
TECH-001,UNRESOLVED_WOO_COMBINATION,7342,0504011|0724003|0616002-1,7342,WOO_MAP_001A_2_CANONICAL_GRAPH,,"Futón de algodón, 140x200x14,5 cm, Negro",UNRESOLVED_EXACT_EVIDENCE_OUTSIDE_BUSINESS_SCOPE,3,1,BLOCKED_INCOMPLETE_COMPOSITION,PENDING_TECHNICAL_EVIDENCE,NOT_SUBMITTED_TECHNICAL,blocked_components=0504011 | 0616002-1 | 0724003; exact full-SKU evidence still absent.
TECH-001,UNRESOLVED_WOO_COMBINATION,7334,0504011|0724003|0617002-1,7334,WOO_MAP_001A_2_CANONICAL_GRAPH,,"Futón de algodón, 140x200x14,5 cm, Gris jaspeado",UNRESOLVED_EXACT_EVIDENCE_OUTSIDE_BUSINESS_SCOPE,3,1,BLOCKED_INCOMPLETE_COMPOSITION,PENDING_TECHNICAL_EVIDENCE,NOT_SUBMITTED_TECHNICAL,blocked_components=0504011 | 0617002-1 | 0724003; exact full-SKU evidence still absent.
TECH-001,UNRESOLVED_WOO_COMBINATION,7333,0504011|0724003|0619002-1,7333,WOO_MAP_001A_2_CANONICAL_GRAPH,,"Futón de algodón, 140x200x14,5 cm, Beige jaspeado",UNRESOLVED_EXACT_EVIDENCE_OUTSIDE_BUSINESS_SCOPE,3,1,BLOCKED_INCOMPLETE_COMPOSITION,PENDING_TECHNICAL_EVIDENCE,NOT_SUBMITTED_TECHNICAL,blocked_components=0504011 | 0619002-1 | 0724003; exact full-SKU evidence still absent.
TECH-001,UNRESOLVED_WOO_COMBINATION,7347,0504011|0728002-1,7347,WOO_MAP_001A_2_CANONICAL_GRAPH,,"Futón con una capa de látex, 140x200x14,5 cm, Sin funda",UNRESOLVED_EXACT_EVIDENCE_OUTSIDE_BUSINESS_SCOPE,2,1,BLOCKED_INCOMPLETE_COMPOSITION,PENDING_TECHNICAL_EVIDENCE,NOT_SUBMITTED_TECHNICAL,blocked_components=0504011 | 0728002-1; exact full-SKU evidence still absent.
TECH-001,UNRESOLVED_WOO_COMBINATION,7351,0504011|0728002|0606002-1,7351,WOO_MAP_001A_2_CANONICAL_GRAPH,,"Futón con una capa de látex, 140x200x14,5 cm, Granate",UNRESOLVED_EXACT_EVIDENCE_OUTSIDE_BUSINESS_SCOPE,3,1,BLOCKED_INCOMPLETE_COMPOSITION,PENDING_TECHNICAL_EVIDENCE,NOT_SUBMITTED_TECHNICAL,blocked_components=0504011 | 0606002-1 | 0728002; exact full-SKU evidence still absent.
TECH-001,UNRESOLVED_WOO_COMBINATION,7353,0504011|0728002|0607002-1,7353,WOO_MAP_001A_2_CANONICAL_GRAPH,,"Futón con una capa de látex, 140x200x14,5 cm, Rojo",UNRESOLVED_EXACT_EVIDENCE_OUTSIDE_BUSINESS_SCOPE,3,1,BLOCKED_INCOMPLETE_COMPOSITION,PENDING_TECHNICAL_EVIDENCE,NOT_SUBMITTED_TECHNICAL,blocked_components=0504011 | 0607002-1 | 0728002; exact full-SKU evidence still absent.
TECH-001,UNRESOLVED_WOO_COMBINATION,7350,0504011|0728002|0608002-1,7350,WOO_MAP_001A_2_CANONICAL_GRAPH,,"Futón con una capa de látex, 140x200x14,5 cm, Crudo",UNRESOLVED_EXACT_EVIDENCE_OUTSIDE_BUSINESS_SCOPE,3,1,BLOCKED_INCOMPLETE_COMPOSITION,PENDING_TECHNICAL_EVIDENCE,NOT_SUBMITTED_TECHNICAL,blocked_components=0504011 | 0608002-1 | 0728002; exact full-SKU evidence still absent.
TECH-001,UNRESOLVED_WOO_COMBINATION,7349,0504011|0728002|0609002-1,7349,WOO_MAP_001A_2_CANONICAL_GRAPH,,"Futón con una capa de látex, 140x200x14,5 cm, Azul",UNRESOLVED_EXACT_EVIDENCE_OUTSIDE_BUSINESS_SCOPE,3,1,BLOCKED_INCOMPLETE_COMPOSITION,PENDING_TECHNICAL_EVIDENCE,NOT_SUBMITTED_TECHNICAL,blocked_components=0504011 | 0609002-1 | 0728002; exact full-SKU evidence still absent.
TECH-001,UNRESOLVED_WOO_COMBINATION,7354,0504011|0728002|0614002-1,7354,WOO_MAP_001A_2_CANONICAL_GRAPH,,"Futón con una capa de látex, 140x200x14,5 cm, Verde",UNRESOLVED_EXACT_EVIDENCE_OUTSIDE_BUSINESS_SCOPE,3,1,BLOCKED_INCOMPLETE_COMPOSITION,PENDING_TECHNICAL_EVIDENCE,NOT_SUBMITTED_TECHNICAL,blocked_components=0504011 | 0614002-1 | 0728002; exact full-SKU evidence still absent.
TECH-001,UNRESOLVED_WOO_COMBINATION,7348,0504011|0728002|0615002-1,7348,WOO_MAP_001A_2_CANONICAL_GRAPH,,"Futón con una capa de látex, 140x200x14,5 cm, Amarillo",UNRESOLVED_EXACT_EVIDENCE_OUTSIDE_BUSINESS_SCOPE,3,1,BLOCKED_INCOMPLETE_COMPOSITION,PENDING_TECHNICAL_EVIDENCE,NOT_SUBMITTED_TECHNICAL,blocked_components=0504011 | 0615002-1 | 0728002; exact full-SKU evidence still absent.
TECH-001,UNRESOLVED_WOO_COMBINATION,7352,0504011|0728002|0616002-1,7352,WOO_MAP_001A_2_CANONICAL_GRAPH,,"Futón con una capa de látex, 140x200x14,5 cm, Negro",UNRESOLVED_EXACT_EVIDENCE_OUTSIDE_BUSINESS_SCOPE,3,1,BLOCKED_INCOMPLETE_COMPOSITION,PENDING_TECHNICAL_EVIDENCE,NOT_SUBMITTED_TECHNICAL,blocked_components=0504011 | 0616002-1 | 0728002; exact full-SKU evidence still absent.
TECH-001,UNRESOLVED_WOO_COMBINATION,7355,0504011|0730002-1,7355,WOO_MAP_001A_2_CANONICAL_GRAPH,,"Futón con dos capas de látex, 140x200x14,5 cm, Sin funda",UNRESOLVED_EXACT_EVIDENCE_OUTSIDE_BUSINESS_SCOPE,2,1,BLOCKED_INCOMPLETE_COMPOSITION,PENDING_TECHNICAL_EVIDENCE,NOT_SUBMITTED_TECHNICAL,blocked_components=0504011 | 0730002-1; exact full-SKU evidence still absent.
TECH-001,UNRESOLVED_WOO_COMBINATION,7359,0504011|0730002|0606002-1,7359,WOO_MAP_001A_2_CANONICAL_GRAPH,,"Futón con dos capas de látex, 140x200x14,5 cm, Granate",UNRESOLVED_EXACT_EVIDENCE_OUTSIDE_BUSINESS_SCOPE,3,1,BLOCKED_INCOMPLETE_COMPOSITION,PENDING_TECHNICAL_EVIDENCE,NOT_SUBMITTED_TECHNICAL,blocked_components=0504011 | 0606002-1 | 0730002; exact full-SKU evidence still absent.
TECH-001,UNRESOLVED_WOO_COMBINATION,7341,0504011|0730002|0607002-1,7341,WOO_MAP_001A_2_CANONICAL_GRAPH,,"Futón con dos capas de látex, 140x200x14,5 cm, Rojo",UNRESOLVED_EXACT_EVIDENCE_OUTSIDE_BUSINESS_SCOPE,3,1,BLOCKED_INCOMPLETE_COMPOSITION,PENDING_TECHNICAL_EVIDENCE,NOT_SUBMITTED_TECHNICAL,blocked_components=0504011 | 0607002-1 | 0730002; exact full-SKU evidence still absent.
TECH-001,UNRESOLVED_WOO_COMBINATION,7358,0504011|0730002|0608002-1,7358,WOO_MAP_001A_2_CANONICAL_GRAPH,,"Futón con dos capas de látex, 140x200x14,5 cm, Crudo",UNRESOLVED_EXACT_EVIDENCE_OUTSIDE_BUSINESS_SCOPE,3,1,BLOCKED_INCOMPLETE_COMPOSITION,PENDING_TECHNICAL_EVIDENCE,NOT_SUBMITTED_TECHNICAL,blocked_components=0504011 | 0608002-1 | 0730002; exact full-SKU evidence still absent.
TECH-001,UNRESOLVED_WOO_COMBINATION,7357,0504011|0730002|0609002-1,7357,WOO_MAP_001A_2_CANONICAL_GRAPH,,"Futón con dos capas de látex, 140x200x14,5 cm, Azul",UNRESOLVED_EXACT_EVIDENCE_OUTSIDE_BUSINESS_SCOPE,3,1,BLOCKED_INCOMPLETE_COMPOSITION,PENDING_TECHNICAL_EVIDENCE,NOT_SUBMITTED_TECHNICAL,blocked_components=0504011 | 0609002-1 | 0730002; exact full-SKU evidence still absent.
TECH-001,UNRESOLVED_WOO_COMBINATION,7336,0504011|0730002|0614002-1,7336,WOO_MAP_001A_2_CANONICAL_GRAPH,,"Futón con dos capas de látex, 140x200x14,5 cm, Verde",UNRESOLVED_EXACT_EVIDENCE_OUTSIDE_BUSINESS_SCOPE,3,1,BLOCKED_INCOMPLETE_COMPOSITION,PENDING_TECHNICAL_EVIDENCE,NOT_SUBMITTED_TECHNICAL,blocked_components=0504011 | 0614002-1 | 0730002; exact full-SKU evidence still absent.
TECH-001,UNRESOLVED_WOO_COMBINATION,7356,0504011|0730002|0615002-1,7356,WOO_MAP_001A_2_CANONICAL_GRAPH,,"Futón con dos capas de látex, 140x200x14,5 cm, Amarillo",UNRESOLVED_EXACT_EVIDENCE_OUTSIDE_BUSINESS_SCOPE,3,1,BLOCKED_INCOMPLETE_COMPOSITION,PENDING_TECHNICAL_EVIDENCE,NOT_SUBMITTED_TECHNICAL,blocked_components=0504011 | 0615002-1 | 0730002; exact full-SKU evidence still absent.
TECH-001,UNRESOLVED_WOO_COMBINATION,7360,0504011|0730002|0616002-1,7360,WOO_MAP_001A_2_CANONICAL_GRAPH,,"Futón con dos capas de látex, 140x200x14,5 cm, Negro",UNRESOLVED_EXACT_EVIDENCE_OUTSIDE_BUSINESS_SCOPE,3,1,BLOCKED_INCOMPLETE_COMPOSITION,PENDING_TECHNICAL_EVIDENCE,NOT_SUBMITTED_TECHNICAL,blocked_components=0504011 | 0616002-1 | 0730002; exact full-SKU evidence still absent.
TECH-001,UNRESOLVED_WOO_COMBINATION,7346,0504011|0730002|0617002-1,7346,WOO_MAP_001A_2_CANONICAL_GRAPH,,"Futón con dos capas de látex, 140x200x14,5 cm, Gris jaspeado",UNRESOLVED_EXACT_EVIDENCE_OUTSIDE_BUSINESS_SCOPE,3,1,BLOCKED_INCOMPLETE_COMPOSITION,PENDING_TECHNICAL_EVIDENCE,NOT_SUBMITTED_TECHNICAL,blocked_components=0504011 | 0617002-1 | 0730002; exact full-SKU evidence still absent.
TECH-001,UNRESOLVED_WOO_COMBINATION,7345,0504011|0730002|0619002-1,7345,WOO_MAP_001A_2_CANONICAL_GRAPH,,"Futón con dos capas de látex, 140x200x14,5 cm, Beige jaspeado",UNRESOLVED_EXACT_EVIDENCE_OUTSIDE_BUSINESS_SCOPE,3,1,BLOCKED_INCOMPLETE_COMPOSITION,PENDING_TECHNICAL_EVIDENCE,NOT_SUBMITTED_TECHNICAL,blocked_components=0504011 | 0619002-1 | 0730002; exact full-SKU evidence still absent.
TECH-001,UNRESOLVED_WOO_COMBINATION,7369,0504011|1251006-1,7369,WOO_MAP_001A_2_CANONICAL_GRAPH,,"futon-de-algodon-de-colores-de-dos-plazas-140x200x14-cm-violeta, Sin funda",UNRESOLVED_EXACT_EVIDENCE_OUTSIDE_BUSINESS_SCOPE,2,1,BLOCKED_INCOMPLETE_COMPOSITION,PENDING_TECHNICAL_EVIDENCE,NOT_SUBMITTED_TECHNICAL,blocked_components=0504011 | 1251006-1; exact full-SKU evidence still absent.
TECH-001,UNRESOLVED_WOO_COMBINATION,7373,0504011|1251006|0606002-1,7373,WOO_MAP_001A_2_CANONICAL_GRAPH,,"futon-de-algodon-de-colores-de-dos-plazas-140x200x14-cm-violeta, Granate",UNRESOLVED_EXACT_EVIDENCE_OUTSIDE_BUSINESS_SCOPE,3,1,BLOCKED_INCOMPLETE_COMPOSITION,PENDING_TECHNICAL_EVIDENCE,NOT_SUBMITTED_TECHNICAL,blocked_components=0504011 | 0606002-1 | 1251006; exact full-SKU evidence still absent.
TECH-001,UNRESOLVED_WOO_COMBINATION,7375,0504011|1251006|0607002-1,7375,WOO_MAP_001A_2_CANONICAL_GRAPH,,"futon-de-algodon-de-colores-de-dos-plazas-140x200x14-cm-violeta, Rojo",UNRESOLVED_EXACT_EVIDENCE_OUTSIDE_BUSINESS_SCOPE,3,1,BLOCKED_INCOMPLETE_COMPOSITION,PENDING_TECHNICAL_EVIDENCE,NOT_SUBMITTED_TECHNICAL,blocked_components=0504011 | 0607002-1 | 1251006; exact full-SKU evidence still absent.
TECH-001,UNRESOLVED_WOO_COMBINATION,7372,0504011|1251006|0608002-1,7372,WOO_MAP_001A_2_CANONICAL_GRAPH,,"futon-de-algodon-de-colores-de-dos-plazas-140x200x14-cm-violeta, Crudo",UNRESOLVED_EXACT_EVIDENCE_OUTSIDE_BUSINESS_SCOPE,3,1,BLOCKED_INCOMPLETE_COMPOSITION,PENDING_TECHNICAL_EVIDENCE,NOT_SUBMITTED_TECHNICAL,blocked_components=0504011 | 0608002-1 | 1251006; exact full-SKU evidence still absent.
TECH-001,UNRESOLVED_WOO_COMBINATION,7371,0504011|1251006|0609002-1,7371,WOO_MAP_001A_2_CANONICAL_GRAPH,,"futon-de-algodon-de-colores-de-dos-plazas-140x200x14-cm-violeta, Azul",UNRESOLVED_EXACT_EVIDENCE_OUTSIDE_BUSINESS_SCOPE,3,1,BLOCKED_INCOMPLETE_COMPOSITION,PENDING_TECHNICAL_EVIDENCE,NOT_SUBMITTED_TECHNICAL,blocked_components=0504011 | 0609002-1 | 1251006; exact full-SKU evidence still absent.
TECH-001,UNRESOLVED_WOO_COMBINATION,7376,0504011|1251006|0614002-1,7376,WOO_MAP_001A_2_CANONICAL_GRAPH,,"futon-de-algodon-de-colores-de-dos-plazas-140x200x14-cm-violeta, Verde",UNRESOLVED_EXACT_EVIDENCE_OUTSIDE_BUSINESS_SCOPE,3,1,BLOCKED_INCOMPLETE_COMPOSITION,PENDING_TECHNICAL_EVIDENCE,NOT_SUBMITTED_TECHNICAL,blocked_components=0504011 | 0614002-1 | 1251006; exact full-SKU evidence still absent.
TECH-001,UNRESOLVED_WOO_COMBINATION,7370,0504011|1251006|0615002-1,7370,WOO_MAP_001A_2_CANONICAL_GRAPH,,"futon-de-algodon-de-colores-de-dos-plazas-140x200x14-cm-violeta, Amarillo",UNRESOLVED_EXACT_EVIDENCE_OUTSIDE_BUSINESS_SCOPE,3,1,BLOCKED_INCOMPLETE_COMPOSITION,PENDING_TECHNICAL_EVIDENCE,NOT_SUBMITTED_TECHNICAL,blocked_components=0504011 | 0615002-1 | 1251006; exact full-SKU evidence still absent.
TECH-001,UNRESOLVED_WOO_COMBINATION,7374,0504011|1251006|0616002-1,7374,WOO_MAP_001A_2_CANONICAL_GRAPH,,"futon-de-algodon-de-colores-de-dos-plazas-140x200x14-cm-violeta, Negro",UNRESOLVED_EXACT_EVIDENCE_OUTSIDE_BUSINESS_SCOPE,3,1,BLOCKED_INCOMPLETE_COMPOSITION,PENDING_TECHNICAL_EVIDENCE,NOT_SUBMITTED_TECHNICAL,blocked_components=0504011 | 0616002-1 | 1251006; exact full-SKU evidence still absent.
TECH-001,UNRESOLVED_WOO_COMBINATION,7385,0504011|1252005-1,7385,WOO_MAP_001A_2_CANONICAL_GRAPH,,"futon-de-algodon-de-colores-de-dos-plazas-140x200x14-cm-verde, Sin funda",UNRESOLVED_EXACT_EVIDENCE_OUTSIDE_BUSINESS_SCOPE,2,1,BLOCKED_INCOMPLETE_COMPOSITION,PENDING_TECHNICAL_EVIDENCE,NOT_SUBMITTED_TECHNICAL,blocked_components=0504011 | 1252005-1; exact full-SKU evidence still absent.
TECH-001,UNRESOLVED_WOO_COMBINATION,7389,0504011|1252005|0606002-1,7389,WOO_MAP_001A_2_CANONICAL_GRAPH,,"futon-de-algodon-de-colores-de-dos-plazas-140x200x14-cm-verde, Granate",UNRESOLVED_EXACT_EVIDENCE_OUTSIDE_BUSINESS_SCOPE,3,1,BLOCKED_INCOMPLETE_COMPOSITION,PENDING_TECHNICAL_EVIDENCE,NOT_SUBMITTED_TECHNICAL,blocked_components=0504011 | 0606002-1 | 1252005; exact full-SKU evidence still absent.
TECH-001,UNRESOLVED_WOO_COMBINATION,7391,0504011|1252005|0607002-1,7391,WOO_MAP_001A_2_CANONICAL_GRAPH,,"futon-de-algodon-de-colores-de-dos-plazas-140x200x14-cm-verde, Rojo",UNRESOLVED_EXACT_EVIDENCE_OUTSIDE_BUSINESS_SCOPE,3,1,BLOCKED_INCOMPLETE_COMPOSITION,PENDING_TECHNICAL_EVIDENCE,NOT_SUBMITTED_TECHNICAL,blocked_components=0504011 | 0607002-1 | 1252005; exact full-SKU evidence still absent.
TECH-001,UNRESOLVED_WOO_COMBINATION,7388,0504011|1252005|0608002-1,7388,WOO_MAP_001A_2_CANONICAL_GRAPH,,"futon-de-algodon-de-colores-de-dos-plazas-140x200x14-cm-verde, Crudo",UNRESOLVED_EXACT_EVIDENCE_OUTSIDE_BUSINESS_SCOPE,3,1,BLOCKED_INCOMPLETE_COMPOSITION,PENDING_TECHNICAL_EVIDENCE,NOT_SUBMITTED_TECHNICAL,blocked_components=0504011 | 0608002-1 | 1252005; exact full-SKU evidence still absent.
TECH-001,UNRESOLVED_WOO_COMBINATION,7387,0504011|1252005|0609002-1,7387,WOO_MAP_001A_2_CANONICAL_GRAPH,,"futon-de-algodon-de-colores-de-dos-plazas-140x200x14-cm-verde, Azul",UNRESOLVED_EXACT_EVIDENCE_OUTSIDE_BUSINESS_SCOPE,3,1,BLOCKED_INCOMPLETE_COMPOSITION,PENDING_TECHNICAL_EVIDENCE,NOT_SUBMITTED_TECHNICAL,blocked_components=0504011 | 0609002-1 | 1252005; exact full-SKU evidence still absent.
TECH-001,UNRESOLVED_WOO_COMBINATION,7392,0504011|1252005|0614002-1,7392,WOO_MAP_001A_2_CANONICAL_GRAPH,,"futon-de-algodon-de-colores-de-dos-plazas-140x200x14-cm-verde, Verde",UNRESOLVED_EXACT_EVIDENCE_OUTSIDE_BUSINESS_SCOPE,3,1,BLOCKED_INCOMPLETE_COMPOSITION,PENDING_TECHNICAL_EVIDENCE,NOT_SUBMITTED_TECHNICAL,blocked_components=0504011 | 0614002-1 | 1252005; exact full-SKU evidence still absent.
TECH-001,UNRESOLVED_WOO_COMBINATION,7386,0504011|1252005|0615002-1,7386,WOO_MAP_001A_2_CANONICAL_GRAPH,,"futon-de-algodon-de-colores-de-dos-plazas-140x200x14-cm-verde, Amarillo",UNRESOLVED_EXACT_EVIDENCE_OUTSIDE_BUSINESS_SCOPE,3,1,BLOCKED_INCOMPLETE_COMPOSITION,PENDING_TECHNICAL_EVIDENCE,NOT_SUBMITTED_TECHNICAL,blocked_components=0504011 | 0615002-1 | 1252005; exact full-SKU evidence still absent.
TECH-001,UNRESOLVED_WOO_COMBINATION,7390,0504011|1252005|0616002-1,7390,WOO_MAP_001A_2_CANONICAL_GRAPH,,"futon-de-algodon-de-colores-de-dos-plazas-140x200x14-cm-verde, Negro",UNRESOLVED_EXACT_EVIDENCE_OUTSIDE_BUSINESS_SCOPE,3,1,BLOCKED_INCOMPLETE_COMPOSITION,PENDING_TECHNICAL_EVIDENCE,NOT_SUBMITTED_TECHNICAL,blocked_components=0504011 | 0616002-1 | 1252005; exact full-SKU evidence still absent.
TECH-001,UNRESOLVED_WOO_COMBINATION,7361,0504011|1253003-1,7361,WOO_MAP_001A_2_CANONICAL_GRAPH,,"Futón de algodón de colores de dos plazas, 140x200x14,5 cm, Gris oscuro, Sin funda",UNRESOLVED_EXACT_EVIDENCE_OUTSIDE_BUSINESS_SCOPE,2,1,BLOCKED_INCOMPLETE_COMPOSITION,PENDING_TECHNICAL_EVIDENCE,NOT_SUBMITTED_TECHNICAL,blocked_components=0504011 | 1253003-1; exact full-SKU evidence still absent.
TECH-001,UNRESOLVED_WOO_COMBINATION,7365,0504011|1253003|0606002-1,7365,WOO_MAP_001A_2_CANONICAL_GRAPH,,"Futón de algodón de colores de dos plazas, 140x200x14,5 cm, Gris oscuro, Granate",UNRESOLVED_EXACT_EVIDENCE_OUTSIDE_BUSINESS_SCOPE,3,1,BLOCKED_INCOMPLETE_COMPOSITION,PENDING_TECHNICAL_EVIDENCE,NOT_SUBMITTED_TECHNICAL,blocked_components=0504011 | 0606002-1 | 1253003; exact full-SKU evidence still absent.
TECH-001,UNRESOLVED_WOO_COMBINATION,7367,0504011|1253003|0607002-1,7367,WOO_MAP_001A_2_CANONICAL_GRAPH,,"Futón de algodón de colores de dos plazas, 140x200x14,5 cm, Gris oscuro, Rojo",UNRESOLVED_EXACT_EVIDENCE_OUTSIDE_BUSINESS_SCOPE,3,1,BLOCKED_INCOMPLETE_COMPOSITION,PENDING_TECHNICAL_EVIDENCE,NOT_SUBMITTED_TECHNICAL,blocked_components=0504011 | 0607002-1 | 1253003; exact full-SKU evidence still absent.
TECH-001,UNRESOLVED_WOO_COMBINATION,7364,0504011|1253003|0608002-1,7364,WOO_MAP_001A_2_CANONICAL_GRAPH,,"Futón de algodón de colores de dos plazas, 140x200x14,5 cm, Gris oscuro, Crudo",UNRESOLVED_EXACT_EVIDENCE_OUTSIDE_BUSINESS_SCOPE,3,1,BLOCKED_INCOMPLETE_COMPOSITION,PENDING_TECHNICAL_EVIDENCE,NOT_SUBMITTED_TECHNICAL,blocked_components=0504011 | 0608002-1 | 1253003; exact full-SKU evidence still absent.
TECH-001,UNRESOLVED_WOO_COMBINATION,7363,0504011|1253003|0609002-1,7363,WOO_MAP_001A_2_CANONICAL_GRAPH,,"Futón de algodón de colores de dos plazas, 140x200x14,5 cm, Gris oscuro, Azul",UNRESOLVED_EXACT_EVIDENCE_OUTSIDE_BUSINESS_SCOPE,3,1,BLOCKED_INCOMPLETE_COMPOSITION,PENDING_TECHNICAL_EVIDENCE,NOT_SUBMITTED_TECHNICAL,blocked_components=0504011 | 0609002-1 | 1253003; exact full-SKU evidence still absent.
TECH-001,UNRESOLVED_WOO_COMBINATION,7368,0504011|1253003|0614002-1,7368,WOO_MAP_001A_2_CANONICAL_GRAPH,,"Futón de algodón de colores de dos plazas, 140x200x14,5 cm, Gris oscuro, Verde",UNRESOLVED_EXACT_EVIDENCE_OUTSIDE_BUSINESS_SCOPE,3,1,BLOCKED_INCOMPLETE_COMPOSITION,PENDING_TECHNICAL_EVIDENCE,NOT_SUBMITTED_TECHNICAL,blocked_components=0504011 | 0614002-1 | 1253003; exact full-SKU evidence still absent.
TECH-001,UNRESOLVED_WOO_COMBINATION,7362,0504011|1253003|0615002-1,7362,WOO_MAP_001A_2_CANONICAL_GRAPH,,"Futón de algodón de colores de dos plazas, 140x200x14,5 cm, Gris oscuro, Amarillo",UNRESOLVED_EXACT_EVIDENCE_OUTSIDE_BUSINESS_SCOPE,3,1,BLOCKED_INCOMPLETE_COMPOSITION,PENDING_TECHNICAL_EVIDENCE,NOT_SUBMITTED_TECHNICAL,blocked_components=0504011 | 0615002-1 | 1253003; exact full-SKU evidence still absent.
TECH-001,UNRESOLVED_WOO_COMBINATION,7366,0504011|1253003|0616002-1,7366,WOO_MAP_001A_2_CANONICAL_GRAPH,,"Futón de algodón de colores de dos plazas, 140x200x14,5 cm, Gris oscuro, Negro",UNRESOLVED_EXACT_EVIDENCE_OUTSIDE_BUSINESS_SCOPE,3,1,BLOCKED_INCOMPLETE_COMPOSITION,PENDING_TECHNICAL_EVIDENCE,NOT_SUBMITTED_TECHNICAL,blocked_components=0504011 | 0616002-1 | 1253003; exact full-SKU evidence still absent.
TECH-001,UNRESOLVED_WOO_COMBINATION,7377,0504011|1254005-1,7377,WOO_MAP_001A_2_CANONICAL_GRAPH,,"Futón de algodón de colores de dos plazas, 140x200x14,5 cm, Rojo, Sin funda",UNRESOLVED_EXACT_EVIDENCE_OUTSIDE_BUSINESS_SCOPE,2,1,BLOCKED_INCOMPLETE_COMPOSITION,PENDING_TECHNICAL_EVIDENCE,NOT_SUBMITTED_TECHNICAL,blocked_components=0504011 | 1254005-1; exact full-SKU evidence still absent.
TECH-001,UNRESOLVED_WOO_COMBINATION,7381,0504011|1254005|0606002-1,7381,WOO_MAP_001A_2_CANONICAL_GRAPH,,"Futón de algodón de colores de dos plazas, 140x200x14,5 cm, Rojo, Granate",UNRESOLVED_EXACT_EVIDENCE_OUTSIDE_BUSINESS_SCOPE,3,1,BLOCKED_INCOMPLETE_COMPOSITION,PENDING_TECHNICAL_EVIDENCE,NOT_SUBMITTED_TECHNICAL,blocked_components=0504011 | 0606002-1 | 1254005; exact full-SKU evidence still absent.
TECH-001,UNRESOLVED_WOO_COMBINATION,7383,0504011|1254005|0607002-1,7383,WOO_MAP_001A_2_CANONICAL_GRAPH,,"Futón de algodón de colores de dos plazas, 140x200x14,5 cm, Rojo, Rojo",UNRESOLVED_EXACT_EVIDENCE_OUTSIDE_BUSINESS_SCOPE,3,1,BLOCKED_INCOMPLETE_COMPOSITION,PENDING_TECHNICAL_EVIDENCE,NOT_SUBMITTED_TECHNICAL,blocked_components=0504011 | 0607002-1 | 1254005; exact full-SKU evidence still absent.
TECH-001,UNRESOLVED_WOO_COMBINATION,7380,0504011|1254005|0608002-1,7380,WOO_MAP_001A_2_CANONICAL_GRAPH,,"Futón de algodón de colores de dos plazas, 140x200x14,5 cm, Rojo, Crudo",UNRESOLVED_EXACT_EVIDENCE_OUTSIDE_BUSINESS_SCOPE,3,1,BLOCKED_INCOMPLETE_COMPOSITION,PENDING_TECHNICAL_EVIDENCE,NOT_SUBMITTED_TECHNICAL,blocked_components=0504011 | 0608002-1 | 1254005; exact full-SKU evidence still absent.
TECH-001,UNRESOLVED_WOO_COMBINATION,7379,0504011|1254005|0609002-1,7379,WOO_MAP_001A_2_CANONICAL_GRAPH,,"Futón de algodón de colores de dos plazas, 140x200x14,5 cm, Rojo, Azul",UNRESOLVED_EXACT_EVIDENCE_OUTSIDE_BUSINESS_SCOPE,3,1,BLOCKED_INCOMPLETE_COMPOSITION,PENDING_TECHNICAL_EVIDENCE,NOT_SUBMITTED_TECHNICAL,blocked_components=0504011 | 0609002-1 | 1254005; exact full-SKU evidence still absent.
TECH-001,UNRESOLVED_WOO_COMBINATION,7384,0504011|1254005|0614002-1,7384,WOO_MAP_001A_2_CANONICAL_GRAPH,,"Futón de algodón de colores de dos plazas, 140x200x14,5 cm, Rojo, Verde",UNRESOLVED_EXACT_EVIDENCE_OUTSIDE_BUSINESS_SCOPE,3,1,BLOCKED_INCOMPLETE_COMPOSITION,PENDING_TECHNICAL_EVIDENCE,NOT_SUBMITTED_TECHNICAL,blocked_components=0504011 | 0614002-1 | 1254005; exact full-SKU evidence still absent.
TECH-001,UNRESOLVED_WOO_COMBINATION,7378,0504011|1254005|0615002-1,7378,WOO_MAP_001A_2_CANONICAL_GRAPH,,"Futón de algodón de colores de dos plazas, 140x200x14,5 cm, Rojo, Amarillo",UNRESOLVED_EXACT_EVIDENCE_OUTSIDE_BUSINESS_SCOPE,3,1,BLOCKED_INCOMPLETE_COMPOSITION,PENDING_TECHNICAL_EVIDENCE,NOT_SUBMITTED_TECHNICAL,blocked_components=0504011 | 0615002-1 | 1254005; exact full-SKU evidence still absent.
TECH-001,UNRESOLVED_WOO_COMBINATION,7382,0504011|1254005|0616002-1,7382,WOO_MAP_001A_2_CANONICAL_GRAPH,,"Futón de algodón de colores de dos plazas, 140x200x14,5 cm, Rojo, Negro",UNRESOLVED_EXACT_EVIDENCE_OUTSIDE_BUSINESS_SCOPE,3,1,BLOCKED_INCOMPLETE_COMPOSITION,PENDING_TECHNICAL_EVIDENCE,NOT_SUBMITTED_TECHNICAL,blocked_components=0504011 | 0616002-1 | 1254005; exact full-SKU evidence still absent.
TECH-001,UNRESOLVED_WOO_COMBINATION,11478,0727007A|0607007A,11478,WOO_MAP_001A_2_CANONICAL_GRAPH,,"13 cm, 4 cm, 80x200x13 cm, Crudo",UNRESOLVED_EXACT_EVIDENCE_OUTSIDE_BUSINESS_SCOPE,2,1,BLOCKED_INCOMPLETE_COMPOSITION,PENDING_TECHNICAL_EVIDENCE,NOT_SUBMITTED_TECHNICAL,blocked_components=0607007A | 0727007A; exact full-SKU evidence still absent.
TECH-001,UNRESOLVED_WOO_COMBINATION,11658,1244001A|0607007A,11658,WOO_MAP_001A_2_CANONICAL_GRAPH,,Negro,UNRESOLVED_EXACT_EVIDENCE_OUTSIDE_BUSINESS_SCOPE,2,1,BLOCKED_INCOMPLETE_COMPOSITION,PENDING_TECHNICAL_EVIDENCE,NOT_SUBMITTED_TECHNICAL,blocked_components=0607007A | 1244001A; exact full-SKU evidence still absent.
TECH-001,UNRESOLVED_WOO_COMBINATION,11656,1245001A|0609007B,11656,WOO_MAP_001A_2_CANONICAL_GRAPH,,Rojo,UNRESOLVED_EXACT_EVIDENCE_OUTSIDE_BUSINESS_SCOPE,2,1,BLOCKED_INCOMPLETE_COMPOSITION,PENDING_TECHNICAL_EVIDENCE,NOT_SUBMITTED_TECHNICAL,blocked_components=0609007B | 1245001A; exact full-SKU evidence still absent.
UD-001,COMPONENT_PLACEHOLDER_CODE,0606011,0606011,,WOO_MAP_001A_2_CANONICAL_GRAPH,sku_component[3] | sku_component[4],,PENDING_BUSINESS_REVIEW_PLACEHOLDER_011,17,17,BLOCKED,PENDING_BUSINESS_REVIEW,PENDING,No canonical target inferred; no measure substitution.
UD-001,COMPONENT_PLACEHOLDER_CODE,0607011,0607011,,WOO_MAP_001A_2_CANONICAL_GRAPH,sku_component[3] | sku_component[4],,PENDING_BUSINESS_REVIEW_PLACEHOLDER_011,17,17,BLOCKED,PENDING_BUSINESS_REVIEW,PENDING,No canonical target inferred; no measure substitution.
UD-001,COMPONENT_PLACEHOLDER_CODE,0608011,0608011,,WOO_MAP_001A_2_CANONICAL_GRAPH,sku_component[3] | sku_component[4],,PENDING_BUSINESS_REVIEW_PLACEHOLDER_011,14,14,BLOCKED,PENDING_BUSINESS_REVIEW,PENDING,No canonical target inferred; no measure substitution.
UD-001,COMPONENT_PLACEHOLDER_CODE,0609011,0609011,,WOO_MAP_001A_2_CANONICAL_GRAPH,sku_component[3] | sku_component[4],,PENDING_BUSINESS_REVIEW_PLACEHOLDER_011,17,17,BLOCKED,PENDING_BUSINESS_REVIEW,PENDING,No canonical target inferred; no measure substitution.
UD-001,COMPONENT_PLACEHOLDER_CODE,0615011,0615011,,WOO_MAP_001A_2_CANONICAL_GRAPH,sku_component[3] | sku_component[4],,PENDING_BUSINESS_REVIEW_PLACEHOLDER_011,15,15,BLOCKED,PENDING_BUSINESS_REVIEW,PENDING,No canonical target inferred; no measure substitution.
UD-001,COMPONENT_PLACEHOLDER_CODE,0616011,0616011,,WOO_MAP_001A_2_CANONICAL_GRAPH,sku_component[3] | sku_component[4],,PENDING_BUSINESS_REVIEW_PLACEHOLDER_011,17,17,BLOCKED,PENDING_BUSINESS_REVIEW,PENDING,No canonical target inferred; no measure substitution.
UD-001,HISTORICAL_ALIAS_SUFFIX_VARIANT,920000606011,0606011-1,,WOO_MAP_001A_1_ALIAS_RESOLUTION,920000606011,,PENDING_BUSINESS_REVIEW_PLACEHOLDER_011,6,6,ALIAS_CONFLICT,PENDING_BUSINESS_REVIEW,PENDING,alias_heca_reference=0606011; full SKU retained literally.
UD-001,HISTORICAL_ALIAS_SUFFIX_VARIANT,920000607011,0607011-1,,WOO_MAP_001A_1_ALIAS_RESOLUTION,920000607011,,PENDING_BUSINESS_REVIEW_PLACEHOLDER_011,6,6,ALIAS_CONFLICT,PENDING_BUSINESS_REVIEW,PENDING,alias_heca_reference=0607011; full SKU retained literally.
UD-001,HISTORICAL_ALIAS_SUFFIX_VARIANT,920000608011,0608011-1,,WOO_MAP_001A_1_ALIAS_RESOLUTION,920000608011,,PENDING_BUSINESS_REVIEW_PLACEHOLDER_011,6,6,ALIAS_CONFLICT,PENDING_BUSINESS_REVIEW,PENDING,alias_heca_reference=0608011; full SKU retained literally.
UD-001,HISTORICAL_ALIAS_SUFFIX_VARIANT,920000609011,0609011-1,,WOO_MAP_001A_1_ALIAS_RESOLUTION,920000609011,,PENDING_BUSINESS_REVIEW_PLACEHOLDER_011,6,6,ALIAS_CONFLICT,PENDING_BUSINESS_REVIEW,PENDING,alias_heca_reference=0609011; full SKU retained literally.
UD-001,HISTORICAL_ALIAS_SUFFIX_VARIANT,920000615011,0615011-1,,WOO_MAP_001A_1_ALIAS_RESOLUTION,920000615011,,PENDING_BUSINESS_REVIEW_PLACEHOLDER_011,6,6,ALIAS_CONFLICT,PENDING_BUSINESS_REVIEW,PENDING,alias_heca_reference=0615011; full SKU retained literally.
UD-001,HISTORICAL_ALIAS_SUFFIX_VARIANT,920000616011,0616011-1,,WOO_MAP_001A_1_ALIAS_RESOLUTION,920000616011,,PENDING_BUSINESS_REVIEW_PLACEHOLDER_011,6,6,ALIAS_CONFLICT,PENDING_BUSINESS_REVIEW,PENDING,alias_heca_reference=0616011; full SKU retained literally.
UD-002,MALFORMED_SKU_WOO_VARIATION,01619002,01619002,9455,WOO_MAP_001A_2_CANONICAL_GRAPH,sku_component[1] | sku_component[2] | sku_component[3],"Futón de algodón, 140x200x14,5 cm, Beige jaspeado",PENDING_BUSINESS_REVIEW_MALFORMED_SKU,1,1,BLOCKED | EXACT,PENDING_BUSINESS_REVIEW,PENDING,No substitution to 0619002 and no consolidation with Woo ID 6304.
UD-004,PHYSICAL_WITHOUT_STANDALONE_WOO,78009,0078009,,WOO_MAP_001A_2_CANONICAL_GRAPH.physical_nodes,,Duo Látex,PENDING_BUSINESS_REVIEW_PHYSICAL_WITHOUT_WOO,0,0,BLOCKED,PENDING_BUSINESS_REVIEW,PENDING,Historical physical item retained; no Woo product creation requested.
UD-004,PHYSICAL_WITHOUT_STANDALONE_WOO,78012,0078012,,WOO_MAP_001A_2_CANONICAL_GRAPH.physical_nodes,,Dúo Látex,PENDING_BUSINESS_REVIEW_PHYSICAL_WITHOUT_WOO,0,0,BLOCKED,PENDING_BUSINESS_REVIEW,PENDING,Historical physical item retained; no Woo product creation requested.
UD-004,PHYSICAL_WITHOUT_STANDALONE_WOO,78013,0078013,,WOO_MAP_001A_2_CANONICAL_GRAPH.physical_nodes,,Dúo Látex,PENDING_BUSINESS_REVIEW_PHYSICAL_WITHOUT_WOO,0,0,BLOCKED,PENDING_BUSINESS_REVIEW,PENDING,Historical physical item retained; no Woo product creation requested.
UD-004,PHYSICAL_WITHOUT_STANDALONE_WOO,201013,0201013,,WOO_MAP_001A_2_CANONICAL_GRAPH.physical_nodes,,Tatami Plegable de 90 cm + Futón Portátil  Azul,PENDING_BUSINESS_REVIEW_PHYSICAL_WITHOUT_WOO,0,0,BLOCKED,PENDING_BUSINESS_REVIEW,PENDING,Historical physical item retained; no Woo product creation requested.
UD-004,PHYSICAL_WITHOUT_STANDALONE_WOO,206001,0206001,,WOO_MAP_001A_2_CANONICAL_GRAPH.physical_nodes,,Tatami Plegable de 90 cm + Futón Portátil Granate,PENDING_BUSINESS_REVIEW_PHYSICAL_WITHOUT_WOO,0,0,BLOCKED,PENDING_BUSINESS_REVIEW,PENDING,Historical physical item retained; no Woo product creation requested.
UD-004,PHYSICAL_WITHOUT_STANDALONE_WOO,208001,0208001,,WOO_MAP_001A_2_CANONICAL_GRAPH.physical_nodes,,Tatami Plegable de 90 cm + Futón Portátil Crudo,PENDING_BUSINESS_REVIEW_PHYSICAL_WITHOUT_WOO,0,0,BLOCKED,PENDING_BUSINESS_REVIEW,PENDING,Historical physical item retained; no Woo product creation requested.
UD-004,PHYSICAL_WITHOUT_STANDALONE_WOO,213001,0213001,,WOO_MAP_001A_2_CANONICAL_GRAPH.physical_nodes,,Tatami Plegable de 90 cm + Futón Portátil Naranja,PENDING_BUSINESS_REVIEW_PHYSICAL_WITHOUT_WOO,0,0,BLOCKED,PENDING_BUSINESS_REVIEW,PENDING,Historical physical item retained; no Woo product creation requested.
UD-004,PHYSICAL_WITHOUT_STANDALONE_WOO,214001,0214001,,WOO_MAP_001A_2_CANONICAL_GRAPH.physical_nodes,,Tatami Plegable de 90 cm + Futón Portátil Verde,PENDING_BUSINESS_REVIEW_PHYSICAL_WITHOUT_WOO,0,0,BLOCKED,PENDING_BUSINESS_REVIEW,PENDING,Historical physical item retained; no Woo product creation requested.
UD-004,PHYSICAL_WITHOUT_STANDALONE_WOO,216001,0216001,,WOO_MAP_001A_2_CANONICAL_GRAPH.physical_nodes,,Tatami Plegable de 90 cm + Futón Portátil Negro,PENDING_BUSINESS_REVIEW_PHYSICAL_WITHOUT_WOO,0,0,BLOCKED,PENDING_BUSINESS_REVIEW,PENDING,Historical physical item retained; no Woo product creation requested.
UD-004,PHYSICAL_WITHOUT_STANDALONE_WOO,402014,0402014,,WOO_MAP_001A_2_CANONICAL_GRAPH.physical_nodes,,"Cama Macao, 180 x 200 cm, Natural",PENDING_BUSINESS_REVIEW_PHYSICAL_WITHOUT_WOO,0,0,BLOCKED,PENDING_BUSINESS_REVIEW,PENDING,Historical physical item retained; no Woo product creation requested.
UD-004,PHYSICAL_WITHOUT_STANDALONE_WOO,402021,0402021,,WOO_MAP_001A_2_CANONICAL_GRAPH.physical_nodes,,"Cama Yoko-Bed 200 x 150 cm, Natural",PENDING_BUSINESS_REVIEW_PHYSICAL_WITHOUT_WOO,0,0,BLOCKED,PENDING_BUSINESS_REVIEW,PENDING,Historical physical item retained; no Woo product creation requested.
UD-004,PHYSICAL_WITHOUT_STANDALONE_WOO,404005,0404005,,WOO_MAP_001A_2_CANONICAL_GRAPH.physical_nodes,,"Cama Eko-bed, 140 x 200 cm, Crudo",PENDING_BUSINESS_REVIEW_PHYSICAL_WITHOUT_WOO,0,0,BLOCKED,PENDING_BUSINESS_REVIEW,PENDING,Historical physical item retained; no Woo product creation requested.
UD-004,PHYSICAL_WITHOUT_STANDALONE_WOO,404006,0404006,,WOO_MAP_001A_2_CANONICAL_GRAPH.physical_nodes,,"Cama Eko-bed, 150 x 200 cm, Crudo",PENDING_BUSINESS_REVIEW_PHYSICAL_WITHOUT_WOO,0,0,BLOCKED,PENDING_BUSINESS_REVIEW,PENDING,Historical physical item retained; no Woo product creation requested.
UD-004,PHYSICAL_WITHOUT_STANDALONE_WOO,404007,0404007,,WOO_MAP_001A_2_CANONICAL_GRAPH.physical_nodes,,"Cama Eko-bed, 160 x 200 cm, Crudo",PENDING_BUSINESS_REVIEW_PHYSICAL_WITHOUT_WOO,0,0,BLOCKED,PENDING_BUSINESS_REVIEW,PENDING,Historical physical item retained; no Woo product creation requested.
UD-004,PHYSICAL_WITHOUT_STANDALONE_WOO,404020,0404020,,WOO_MAP_001A_2_CANONICAL_GRAPH.physical_nodes,,"Cama Eko-bed, 180 x 200 cm, Crudo",PENDING_BUSINESS_REVIEW_PHYSICAL_WITHOUT_WOO,0,0,BLOCKED,PENDING_BUSINESS_REVIEW,PENDING,Historical physical item retained; no Woo product creation requested.
UD-004,PHYSICAL_WITHOUT_STANDALONE_WOO,404021,0404021,,WOO_MAP_001A_2_CANONICAL_GRAPH.physical_nodes,,"Cama Eko-bed, 120 x 200 cm, Crudo",PENDING_BUSINESS_REVIEW_PHYSICAL_WITHOUT_WOO,0,0,BLOCKED,PENDING_BUSINESS_REVIEW,PENDING,Historical physical item retained; no Woo product creation requested.
UD-004,PHYSICAL_WITHOUT_STANDALONE_WOO,404022,0404022,,WOO_MAP_001A_2_CANONICAL_GRAPH.physical_nodes,,"Cama Eko-bed, 90 x 200 cm, Crudo",PENDING_BUSINESS_REVIEW_PHYSICAL_WITHOUT_WOO,0,0,BLOCKED,PENDING_BUSINESS_REVIEW,PENDING,Historical physical item retained; no Woo product creation requested.
UD-004,PHYSICAL_WITHOUT_STANDALONE_WOO,504015,0504015,,WOO_MAP_001A_2_CANONICAL_GRAPH.physical_nodes,,"Sofá cama Luna 120 x 200 cm, Natural",PENDING_BUSINESS_REVIEW_PHYSICAL_WITHOUT_WOO,0,0,BLOCKED,PENDING_BUSINESS_REVIEW,PENDING,Historical physical item retained; no Woo product creation requested.
UD-004,PHYSICAL_WITHOUT_STANDALONE_WOO,504016,0504016,,WOO_MAP_001A_2_CANONICAL_GRAPH.physical_nodes,,"Sofá cama Luna 160 x 200 cm, Natural",PENDING_BUSINESS_REVIEW_PHYSICAL_WITHOUT_WOO,0,0,BLOCKED,PENDING_BUSINESS_REVIEW,PENDING,Historical physical item retained; no Woo product creation requested.
UD-004,PHYSICAL_WITHOUT_STANDALONE_WOO,606006,0606006,,WOO_MAP_001A_2_CANONICAL_GRAPH.physical_nodes,,"Funda Futón 190 x 140 x 14 cm, Granate",PENDING_BUSINESS_REVIEW_PHYSICAL_WITHOUT_WOO,0,0,BLOCKED,PENDING_BUSINESS_REVIEW,PENDING,Historical physical item retained; no Woo product creation requested.
UD-004,PHYSICAL_WITHOUT_STANDALONE_WOO,607003,0607003,,WOO_MAP_001A_2_CANONICAL_GRAPH.physical_nodes,,"Funda Futón 200 x 160 x 14 cm, Rojo",PENDING_BUSINESS_REVIEW_PHYSICAL_WITHOUT_WOO,0,0,BLOCKED,PENDING_BUSINESS_REVIEW,PENDING,Historical physical item retained; no Woo product creation requested.
UD-004,PHYSICAL_WITHOUT_STANDALONE_WOO,607004,0607004,,WOO_MAP_001A_2_CANONICAL_GRAPH.physical_nodes,,"Funda Futón 200 x 150 x 14 cm, Rojo",PENDING_BUSINESS_REVIEW_PHYSICAL_WITHOUT_WOO,0,0,BLOCKED,PENDING_BUSINESS_REVIEW,PENDING,Historical physical item retained; no Woo product creation requested.
UD-004,PHYSICAL_WITHOUT_STANDALONE_WOO,607006,0607006,,WOO_MAP_001A_2_CANONICAL_GRAPH.physical_nodes,,"Funda Futón 190 x 140 x 14 cm, Rojo",PENDING_BUSINESS_REVIEW_PHYSICAL_WITHOUT_WOO,0,0,BLOCKED,PENDING_BUSINESS_REVIEW,PENDING,Historical physical item retained; no Woo product creation requested.
UD-004,PHYSICAL_WITHOUT_STANDALONE_WOO,608012,0608012,,WOO_MAP_001A_2_CANONICAL_GRAPH.physical_nodes,,"Funda Futón 200 x 90 x 19 cm, Crudo",PENDING_BUSINESS_REVIEW_PHYSICAL_WITHOUT_WOO,0,0,BLOCKED,PENDING_BUSINESS_REVIEW,PENDING,Historical physical item retained; no Woo product creation requested.
UD-004,PHYSICAL_WITHOUT_STANDALONE_WOO,608017,0608017,,WOO_MAP_001A_2_CANONICAL_GRAPH.physical_nodes,,"Funda Almohada 70x40 cm, Crudo",PENDING_BUSINESS_REVIEW_PHYSICAL_WITHOUT_WOO,0,0,BLOCKED,PENDING_BUSINESS_REVIEW,PENDING,Historical physical item retained; no Woo product creation requested.
UD-004,PHYSICAL_WITHOUT_STANDALONE_WOO,609003,0609003,,WOO_MAP_001A_2_CANONICAL_GRAPH.physical_nodes,,"Funda Futón 200 x 160 x 14 cm, Azul",PENDING_BUSINESS_REVIEW_PHYSICAL_WITHOUT_WOO,0,0,BLOCKED,PENDING_BUSINESS_REVIEW,PENDING,Historical physical item retained; no Woo product creation requested.
UD-004,PHYSICAL_WITHOUT_STANDALONE_WOO,609006,0609006,,WOO_MAP_001A_2_CANONICAL_GRAPH.physical_nodes,,"Funda Futón 190 x 140 x 14 cm, Azul",PENDING_BUSINESS_REVIEW_PHYSICAL_WITHOUT_WOO,0,0,BLOCKED,PENDING_BUSINESS_REVIEW,PENDING,Historical physical item retained; no Woo product creation requested.
UD-004,PHYSICAL_WITHOUT_STANDALONE_WOO,609008,0609008,,WOO_MAP_001A_2_CANONICAL_GRAPH.physical_nodes,,"Funda Futón 190 x 150 x 14 cm, Azul",PENDING_BUSINESS_REVIEW_PHYSICAL_WITHOUT_WOO,0,0,BLOCKED,PENDING_BUSINESS_REVIEW,PENDING,Historical physical item retained; no Woo product creation requested.
UD-004,PHYSICAL_WITHOUT_STANDALONE_WOO,614001,0614001,,WOO_MAP_001A_2_CANONICAL_GRAPH.physical_nodes,,"Funda Futón 200 x 90 x 14 cm, Verde",PENDING_BUSINESS_REVIEW_PHYSICAL_WITHOUT_WOO,0,0,BLOCKED,PENDING_BUSINESS_REVIEW,PENDING,Historical physical item retained; no Woo product creation requested.
UD-004,PHYSICAL_WITHOUT_STANDALONE_WOO,614006,0614006,,WOO_MAP_001A_2_CANONICAL_GRAPH.physical_nodes,,"Funda Futón 190 x 140 x 14 cm, Verde",PENDING_BUSINESS_REVIEW_PHYSICAL_WITHOUT_WOO,0,0,BLOCKED,PENDING_BUSINESS_REVIEW,PENDING,Historical physical item retained; no Woo product creation requested.
UD-004,PHYSICAL_WITHOUT_STANDALONE_WOO,615006,0615006,,WOO_MAP_001A_2_CANONICAL_GRAPH.physical_nodes,,"Funda Futón 190 x 140 x 14 cm, Amarilla",PENDING_BUSINESS_REVIEW_PHYSICAL_WITHOUT_WOO,0,0,BLOCKED,PENDING_BUSINESS_REVIEW,PENDING,Historical physical item retained; no Woo product creation requested.
UD-004,PHYSICAL_WITHOUT_STANDALONE_WOO,615007,0615007,,WOO_MAP_001A_2_CANONICAL_GRAPH.physical_nodes,,"Funda Futón Sésamo 200 x 80 x 13 cm, Amarilla",PENDING_BUSINESS_REVIEW_PHYSICAL_WITHOUT_WOO,0,0,BLOCKED,PENDING_BUSINESS_REVIEW,PENDING,Historical physical item retained; no Woo product creation requested.
UD-004,PHYSICAL_WITHOUT_STANDALONE_WOO,615008,0615008,,WOO_MAP_001A_2_CANONICAL_GRAPH.physical_nodes,,"Funda Futón 190 x 150 x 14 cm, Amarilla",PENDING_BUSINESS_REVIEW_PHYSICAL_WITHOUT_WOO,0,0,BLOCKED,PENDING_BUSINESS_REVIEW,PENDING,Historical physical item retained; no Woo product creation requested.
UD-004,PHYSICAL_WITHOUT_STANDALONE_WOO,615010,0615010,,WOO_MAP_001A_2_CANONICAL_GRAPH.physical_nodes,,"Funda Futón 200 x 120 x 14 cm, Amarilla",PENDING_BUSINESS_REVIEW_PHYSICAL_WITHOUT_WOO,0,0,BLOCKED,PENDING_BUSINESS_REVIEW,PENDING,Historical physical item retained; no Woo product creation requested.
UD-004,PHYSICAL_WITHOUT_STANDALONE_WOO,616008,0616008,,WOO_MAP_001A_2_CANONICAL_GRAPH.physical_nodes,,"Funda Futón 190 x 150 x 14 cm, Negra",PENDING_BUSINESS_REVIEW_PHYSICAL_WITHOUT_WOO,0,0,BLOCKED,PENDING_BUSINESS_REVIEW,PENDING,Historical physical item retained; no Woo product creation requested.
UD-004,PHYSICAL_WITHOUT_STANDALONE_WOO,616010,0616010,,WOO_MAP_001A_2_CANONICAL_GRAPH.physical_nodes,,"Funda Futón 200 x 120 x 14 cm, Negra",PENDING_BUSINESS_REVIEW_PHYSICAL_WITHOUT_WOO,0,0,BLOCKED,PENDING_BUSINESS_REVIEW,PENDING,Historical physical item retained; no Woo product creation requested.
UD-004,PHYSICAL_WITHOUT_STANDALONE_WOO,616012,0616012,,WOO_MAP_001A_2_CANONICAL_GRAPH.physical_nodes,,"Funda Futón 200 x 90 x 19 cm, Negra",PENDING_BUSINESS_REVIEW_PHYSICAL_WITHOUT_WOO,0,0,BLOCKED,PENDING_BUSINESS_REVIEW,PENDING,Historical physical item retained; no Woo product creation requested.
UD-004,PHYSICAL_WITHOUT_STANDALONE_WOO,617007,0617007,,WOO_MAP_001A_2_CANONICAL_GRAPH.physical_nodes,,"Funda Futón Sésamo 200 x 80 x 13 cm, Gris",PENDING_BUSINESS_REVIEW_PHYSICAL_WITHOUT_WOO,0,0,BLOCKED,PENDING_BUSINESS_REVIEW,PENDING,Historical physical item retained; no Woo product creation requested.
UD-004,PHYSICAL_WITHOUT_STANDALONE_WOO,618004,0618004,,WOO_MAP_001A_2_CANONICAL_GRAPH.physical_nodes,,"Funda Futón 200 x 150 x 14 cm, Azul Marino",PENDING_BUSINESS_REVIEW_PHYSICAL_WITHOUT_WOO,0,0,BLOCKED,PENDING_BUSINESS_REVIEW,PENDING,Historical physical item retained; no Woo product creation requested.
UD-004,PHYSICAL_WITHOUT_STANDALONE_WOO,619011,0619011,,WOO_MAP_001A_2_CANONICAL_GRAPH.physical_nodes,,"Funda/cover · 90x200x14,5 cm · Marrón chocolate color 80",PENDING_BUSINESS_REVIEW_PHYSICAL_WITHOUT_WOO,0,0,BLOCKED,PENDING_BUSINESS_REVIEW,PENDING,Historical physical item retained; no Woo product creation requested.
UD-004,PHYSICAL_WITHOUT_STANDALONE_WOO,619013,0619013,,WOO_MAP_001A_2_CANONICAL_GRAPH.physical_nodes,,"Funda/cover · 90x200x14,5 cm · Color Sun 91 (gris jaspeado)",PENDING_BUSINESS_REVIEW_PHYSICAL_WITHOUT_WOO,0,0,BLOCKED,PENDING_BUSINESS_REVIEW,PENDING,Historical physical item retained; no Woo product creation requested.
UD-004,PHYSICAL_WITHOUT_STANDALONE_WOO,619014,0619014,,WOO_MAP_001A_2_CANONICAL_GRAPH.physical_nodes,,"Funda/cover · 90x200x14,5 cm · Color 72 (beige jaspeado)",PENDING_BUSINESS_REVIEW_PHYSICAL_WITHOUT_WOO,0,0,BLOCKED,PENDING_BUSINESS_REVIEW,PENDING,Historical physical item retained; no Woo product creation requested.
UD-004,PHYSICAL_WITHOUT_STANDALONE_WOO,724010,0724010,,WOO_MAP_001A_2_CANONICAL_GRAPH.physical_nodes,,Futón de Algodón 135 x 190 x 14 cm.,PENDING_BUSINESS_REVIEW_PHYSICAL_WITHOUT_WOO,0,0,BLOCKED,PENDING_BUSINESS_REVIEW,PENDING,Historical physical item retained; no Woo product creation requested.
UD-004,PHYSICAL_WITHOUT_STANDALONE_WOO,724012,0724012,,WOO_MAP_001A_2_CANONICAL_GRAPH.physical_nodes,,Futón de Algodón 150 x 190 x 14cm.,PENDING_BUSINESS_REVIEW_PHYSICAL_WITHOUT_WOO,0,0,BLOCKED,PENDING_BUSINESS_REVIEW,PENDING,Historical physical item retained; no Woo product creation requested.
UD-004,PHYSICAL_WITHOUT_STANDALONE_WOO,725001,0725001,,WOO_MAP_001A_2_CANONICAL_GRAPH.physical_nodes,,Futon de Algodón 90x200x12 cm.,PENDING_BUSINESS_REVIEW_PHYSICAL_WITHOUT_WOO,0,0,BLOCKED,PENDING_BUSINESS_REVIEW,PENDING,Historical physical item retained; no Woo product creation requested.
UD-004,PHYSICAL_WITHOUT_STANDALONE_WOO,725002,0725002,,WOO_MAP_001A_2_CANONICAL_GRAPH.physical_nodes,,Futon de Algodón 120x200x12 cm.,PENDING_BUSINESS_REVIEW_PHYSICAL_WITHOUT_WOO,0,0,BLOCKED,PENDING_BUSINESS_REVIEW,PENDING,Historical physical item retained; no Woo product creation requested.
UD-004,PHYSICAL_WITHOUT_STANDALONE_WOO,725003,0725003,,WOO_MAP_001A_2_CANONICAL_GRAPH.physical_nodes,,Futon de Algodón 140x200x12 cm.,PENDING_BUSINESS_REVIEW_PHYSICAL_WITHOUT_WOO,0,0,BLOCKED,PENDING_BUSINESS_REVIEW,PENDING,Historical physical item retained; no Woo product creation requested.
UD-004,PHYSICAL_WITHOUT_STANDALONE_WOO,725005,0725005,,WOO_MAP_001A_2_CANONICAL_GRAPH.physical_nodes,,Futon de Algodón 160x200x12 cm.,PENDING_BUSINESS_REVIEW_PHYSICAL_WITHOUT_WOO,0,0,BLOCKED,PENDING_BUSINESS_REVIEW,PENDING,Historical physical item retained; no Woo product creation requested.
UD-004,PHYSICAL_WITHOUT_STANDALONE_WOO,725006,0725006,,WOO_MAP_001A_2_CANONICAL_GRAPH.physical_nodes,,Futon de Algodón 180x200x12 cm.,PENDING_BUSINESS_REVIEW_PHYSICAL_WITHOUT_WOO,0,0,BLOCKED,PENDING_BUSINESS_REVIEW,PENDING,Historical physical item retained; no Woo product creation requested.
UD-004,PHYSICAL_WITHOUT_STANDALONE_WOO,728012,0728012,,WOO_MAP_001A_2_CANONICAL_GRAPH.physical_nodes,,"Futón Algodón con 4 cm de látex, 150x190x14 cm.",PENDING_BUSINESS_REVIEW_PHYSICAL_WITHOUT_WOO,0,0,BLOCKED,PENDING_BUSINESS_REVIEW,PENDING,Historical physical item retained; no Woo product creation requested.
UD-004,PHYSICAL_WITHOUT_STANDALONE_WOO,730008,0730008,,WOO_MAP_001A_2_CANONICAL_GRAPH.physical_nodes,,"Futón Algodón con 8 cm látex, 150 x 190 x 14 cm.",PENDING_BUSINESS_REVIEW_PHYSICAL_WITHOUT_WOO,0,0,BLOCKED,PENDING_BUSINESS_REVIEW,PENDING,Historical physical item retained; no Woo product creation requested.
UD-004,PHYSICAL_WITHOUT_STANDALONE_WOO,758087,0758087,,WOO_MAP_001A_2_CANONICAL_GRAPH.physical_nodes,,Premium (winter/summer) · 120x200x17 cm · Tela futon,PENDING_BUSINESS_REVIEW_PHYSICAL_WITHOUT_WOO,0,0,BLOCKED,PENDING_BUSINESS_REVIEW,PENDING,Historical physical item retained; no Woo product creation requested.
UD-004,PHYSICAL_WITHOUT_STANDALONE_WOO,780002,0780002,,WOO_MAP_001A_2_CANONICAL_GRAPH.physical_nodes,,Futón Lana 120x200x14 cm,PENDING_BUSINESS_REVIEW_PHYSICAL_WITHOUT_WOO,0,0,BLOCKED,PENDING_BUSINESS_REVIEW,PENDING,Historical physical item retained; no Woo product creation requested.
UD-004,PHYSICAL_WITHOUT_STANDALONE_WOO,780007,0780007,,WOO_MAP_001A_2_CANONICAL_GRAPH.physical_nodes,,Futón Lana 200x200x14 cm,PENDING_BUSINESS_REVIEW_PHYSICAL_WITHOUT_WOO,0,0,BLOCKED,PENDING_BUSINESS_REVIEW,PENDING,Historical physical item retained; no Woo product creation requested.
UD-004,PHYSICAL_WITHOUT_STANDALONE_WOO,814001,0814001,,WOO_MAP_001A_2_CANONICAL_GRAPH.physical_nodes,,"Futón portátil, 80x200x4 cm, Verde",PENDING_BUSINESS_REVIEW_PHYSICAL_WITHOUT_WOO,0,0,BLOCKED,PENDING_BUSINESS_REVIEW,PENDING,Historical physical item retained; no Woo product creation requested.
UD-004,PHYSICAL_WITHOUT_STANDALONE_WOO,814003,0814003,,WOO_MAP_001A_2_CANONICAL_GRAPH.physical_nodes,,"Futón portátil, 140x200x4 cm, Verde",PENDING_BUSINESS_REVIEW_PHYSICAL_WITHOUT_WOO,0,0,BLOCKED,PENDING_BUSINESS_REVIEW,PENDING,Historical physical item retained; no Woo product creation requested.
UD-004,PHYSICAL_WITHOUT_STANDALONE_WOO,859001,0859001,,WOO_MAP_001A_2_CANONICAL_GRAPH.physical_nodes,,"Futón portátil, 140x200x4 cm, Verde Oscuro",PENDING_BUSINESS_REVIEW_PHYSICAL_WITHOUT_WOO,0,0,BLOCKED,PENDING_BUSINESS_REVIEW,PENDING,Historical physical item retained; no Woo product creation requested.
UD-004,PHYSICAL_WITHOUT_STANDALONE_WOO,902005,0902005,,WOO_MAP_001A_2_CANONICAL_GRAPH.physical_nodes,,"Mesita Okinawa, 45x45x25 cm, Natural",PENDING_BUSINESS_REVIEW_PHYSICAL_WITHOUT_WOO,0,0,BLOCKED,PENDING_BUSINESS_REVIEW,PENDING,Historical physical item retained; no Woo product creation requested.
UD-004,PHYSICAL_WITHOUT_STANDALONE_WOO,1242002,1242002,,WOO_MAP_001A_2_CANONICAL_GRAPH.physical_nodes,,"Futón Algodon 80x200x13 cm, (2 cojines) Violeta OS",PENDING_BUSINESS_REVIEW_PHYSICAL_WITHOUT_WOO,0,0,BLOCKED,PENDING_BUSINESS_REVIEW,PENDING,Historical physical item retained; no Woo product creation requested.
UD-004,PHYSICAL_WITHOUT_STANDALONE_WOO,1243001,1243001,,WOO_MAP_001A_2_CANONICAL_GRAPH.physical_nodes,,"Futón de Algodon 80x200x13 cm, (2 cojines) Verde",PENDING_BUSINESS_REVIEW_PHYSICAL_WITHOUT_WOO,0,0,BLOCKED,PENDING_BUSINESS_REVIEW,PENDING,Historical physical item retained; no Woo product creation requested.
UD-004,PHYSICAL_WITHOUT_STANDALONE_WOO,406006,406006,,WOO_MAP_001A_2_CANONICAL_GRAPH.physical_nodes,,"Cama Sumatra 160x200, natural",PENDING_BUSINESS_REVIEW_PHYSICAL_WITHOUT_WOO,0,0,BLOCKED,PENDING_BUSINESS_REVIEW,PENDING,Historical physical item retained; no Woo product creation requested.
UD-004,PHYSICAL_WITHOUT_STANDALONE_WOO,607019,607019,,WOO_MAP_001A_2_CANONICAL_GRAPH.physical_nodes,,"Funda para cojines Cilindricos de 50x20cm, Rojo",PENDING_BUSINESS_REVIEW_PHYSICAL_WITHOUT_WOO,0,0,BLOCKED,PENDING_BUSINESS_REVIEW,PENDING,Historical physical item retained; no Woo product creation requested.
UD-004,PHYSICAL_WITHOUT_STANDALONE_WOO,608018,608018,,WOO_MAP_001A_2_CANONICAL_GRAPH.physical_nodes,,"Funda Cojines 50x50 cm, Crudo",PENDING_BUSINESS_REVIEW_PHYSICAL_WITHOUT_WOO,0,0,BLOCKED,PENDING_BUSINESS_REVIEW,PENDING,Historical physical item retained; no Woo product creation requested.
UD-004,PHYSICAL_WITHOUT_STANDALONE_WOO,608019,608019,,WOO_MAP_001A_2_CANONICAL_GRAPH.physical_nodes,,"Funda para cojines Cilindricos de 50x20cm, Crudo",PENDING_BUSINESS_REVIEW_PHYSICAL_WITHOUT_WOO,0,0,BLOCKED,PENDING_BUSINESS_REVIEW,PENDING,Historical physical item retained; no Woo product creation requested.
UD-004,PHYSICAL_WITHOUT_STANDALONE_WOO,616019,616019,,WOO_MAP_001A_2_CANONICAL_GRAPH.physical_nodes,,"Funda para cojines Cilindricos de 50x20cm, Negra",PENDING_BUSINESS_REVIEW_PHYSICAL_WITHOUT_WOO,0,0,BLOCKED,PENDING_BUSINESS_REVIEW,PENDING,Historical physical item retained; no Woo product creation requested.
UD-004,PHYSICAL_WITHOUT_STANDALONE_WOO,617018,617018,,WOO_MAP_001A_2_CANONICAL_GRAPH.physical_nodes,,"Funda Cojines 50x50 cm, Gris jaspeado",PENDING_BUSINESS_REVIEW_PHYSICAL_WITHOUT_WOO,0,0,BLOCKED,PENDING_BUSINESS_REVIEW,PENDING,Historical physical item retained; no Woo product creation requested.
UD-005,MAESTRO_COMPOSITION_SIGNATURE,0201001|0201001|1242001|1242001,0201001|0201001|1242001|1242001,,MAESTRO_GESTION.xlsx/RENTABILIDAD_COSTOS,362,,PENDING_BUSINESS_REVIEW_MAESTRO_COMPOSITION,2,0,ACTIVE_SOURCE_COMPOSITION_WITHOUT_WOO_PARENT,PENDING_BUSINESS_REVIEW,PENDING,"components=0201001=2 | 1242001=2; anomalies={""quantity_status"":""EXACT"",""physical_match_method"":""EXACT_SKU"",""parent_match_method"":""MISSING_WOO_SKU""}; signature retained literally."
UD-005,MAESTRO_COMPOSITION_SIGNATURE,0201001|0201001|1243001|1243001,0201001|0201001|1243001|1243001,,MAESTRO_GESTION.xlsx/RENTABILIDAD_COSTOS,363,,PENDING_BUSINESS_REVIEW_MAESTRO_COMPOSITION,2,0,ACTIVE_SOURCE_COMPOSITION_WITHOUT_WOO_PARENT,PENDING_BUSINESS_REVIEW,PENDING,"components=0201001=2 | 1243001=2; anomalies={""quantity_status"":""EXACT"",""physical_match_method"":""EXACT_SKU"",""parent_match_method"":""MISSING_WOO_SKU""}; signature retained literally."
UD-005,MAESTRO_COMPOSITION_SIGNATURE,0201001|0201001|1244001|1244001,0201001|0201001|1244001|1244001,,MAESTRO_GESTION.xlsx/RENTABILIDAD_COSTOS,364,,PENDING_BUSINESS_REVIEW_MAESTRO_COMPOSITION,2,0,ACTIVE_SOURCE_COMPOSITION_WITHOUT_WOO_PARENT,PENDING_BUSINESS_REVIEW,PENDING,"components=0201001=2 | 1244001=2; anomalies={""quantity_status"":""EXACT"",""physical_match_method"":""EXACT_SKU"",""parent_match_method"":""MISSING_WOO_SKU""}; signature retained literally."
UD-005,MAESTRO_COMPOSITION_SIGNATURE,0201001|0201001|1245001,0201001|0201001|1245001,,MAESTRO_GESTION.xlsx/RENTABILIDAD_COSTOS,365,,PENDING_BUSINESS_REVIEW_MAESTRO_COMPOSITION,2,0,ACTIVE_SOURCE_COMPOSITION_WITHOUT_WOO_PARENT,PENDING_BUSINESS_REVIEW,PENDING,"components=0201001=2 | 1245001=1; anomalies={""quantity_status"":""EXACT"",""physical_match_method"":""EXACT_SKU"",""parent_match_method"":""MISSING_WOO_SKU""}; signature retained literally."
UD-005,MAESTRO_COMPOSITION_SIGNATURE,0201002|0201002|0726007,0201002|0201002|0726007,,MAESTRO_GESTION.xlsx/RENTABILIDAD_COSTOS,36,,PENDING_BUSINESS_REVIEW_MAESTRO_COMPOSITION,2,0,ACTIVE_SOURCE_COMPOSITION_WITHOUT_WOO_PARENT,PENDING_BUSINESS_REVIEW,PENDING,"components=0201002=2 | 0726007=1; anomalies={""quantity_status"":""EXACT"",""physical_match_method"":""EXACT_SKU"",""parent_match_method"":""MISSING_WOO_SKU""}; signature retained literally."
UD-005,MAESTRO_COMPOSITION_SIGNATURE,0201010|0201010|0726007,0201010|0201010|0726007,,MAESTRO_GESTION.xlsx/RENTABILIDAD_COSTOS,46,,PENDING_BUSINESS_REVIEW_MAESTRO_COMPOSITION,2,0,ACTIVE_SOURCE_COMPOSITION_WITHOUT_WOO_PARENT,PENDING_BUSINESS_REVIEW,PENDING,"components=0201010=2 | 0726007=1; anomalies={""quantity_status"":""EXACT"",""physical_match_method"":""EXACT_SKU"",""parent_match_method"":""MISSING_WOO_SKU""}; signature retained literally."
UD-005,MAESTRO_COMPOSITION_SIGNATURE,0201011|0813001,0201011|0813001,,MAESTRO_GESTION.xlsx/RENTABILIDAD_COSTOS,432,,PENDING_BUSINESS_REVIEW_MAESTRO_COMPOSITION,2,0,ACTIVE_SOURCE_COMPOSITION_WITHOUT_WOO_PARENT,PENDING_BUSINESS_REVIEW,PENDING,"components=0201011=1 | 0813001=1; anomalies={""quantity_status"":""EXACT"",""physical_match_method"":""EXACT_SKU"",""parent_match_method"":""MISSING_WOO_SKU""}; signature retained literally."
UD-005,MAESTRO_COMPOSITION_SIGNATURE,0201011|0814001,0201011|0814001,,MAESTRO_GESTION.xlsx/RENTABILIDAD_COSTOS,433,,PENDING_BUSINESS_REVIEW_MAESTRO_COMPOSITION,2,0,ACTIVE_SOURCE_COMPOSITION_WITHOUT_WOO_PARENT,PENDING_BUSINESS_REVIEW,PENDING,"components=0201011=1 | 0814001=1; anomalies={""quantity_status"":""EXACT"",""physical_match_method"":""EXACT_SKU"",""parent_match_method"":""MISSING_WOO_SKU""}; signature retained literally."
UD-005,MAESTRO_COMPOSITION_SIGNATURE,0402014|0201002|0201002,0402014|0201002|0201002,,MAESTRO_GESTION.xlsx/RENTABILIDAD_COSTOS,23,,PENDING_BUSINESS_REVIEW_MAESTRO_COMPOSITION,2,0,ACTIVE_SOURCE_COMPOSITION_WITHOUT_WOO_PARENT,PENDING_BUSINESS_REVIEW,PENDING,"components=0201002=2 | 0402014=1; anomalies={""quantity_status"":""EXACT"",""physical_match_method"":""EXACT_SKU"",""parent_match_method"":""MISSING_WOO_SKU""}; signature retained literally."
UD-005,MAESTRO_COMPOSITION_SIGNATURE,0404019|0402019|0402019,0404019|0402019|0402019,,MAESTRO_GESTION.xlsx/RENTABILIDAD_COSTOS,15,,PENDING_BUSINESS_REVIEW_MAESTRO_COMPOSITION,2,0,ACTIVE_SOURCE_COMPOSITION_WITHOUT_WOO_PARENT,PENDING_BUSINESS_REVIEW,PENDING,"components=0402019=2 | 0404019=1; anomalies={""quantity_status"":""EXACT"",""physical_match_method"":""EXACT_SKU"",""parent_match_method"":""MISSING_WOO_SKU""}; signature retained literally."
UD-005,MAESTRO_COMPOSITION_SIGNATURE,0502002|0724003,0502002|0724003,,MAESTRO_GESTION.xlsx/RENTABILIDAD_COSTOS,367,,PENDING_BUSINESS_REVIEW_MAESTRO_COMPOSITION,2,0,ACTIVE_SOURCE_COMPOSITION_WITHOUT_WOO_PARENT,PENDING_BUSINESS_REVIEW,PENDING,"components=0502002=1 | 0724003=1; anomalies={""quantity_status"":""EXACT"",""physical_match_method"":""EXACT_SKU"",""parent_match_method"":""MISSING_WOO_SKU""}; signature retained literally."
UD-005,MAESTRO_COMPOSITION_SIGNATURE,0502002|0724003|0608002,0502002|0724003|0608002,,MAESTRO_GESTION.xlsx/RENTABILIDAD_COSTOS,368,,PENDING_BUSINESS_REVIEW_MAESTRO_COMPOSITION,3,0,ACTIVE_SOURCE_COMPOSITION_WITHOUT_WOO_PARENT,PENDING_BUSINESS_REVIEW,PENDING,"components=0502002=1 | 0608002=1 | 0724003=1; anomalies={""quantity_status"":""EXACT"",""physical_match_method"":""EXACT_SKU"",""parent_match_method"":""MISSING_WOO_SKU""}; signature retained literally."
UD-005,MAESTRO_COMPOSITION_SIGNATURE,0502002|0724003|0617002,0502002|0724003|0617002,,MAESTRO_GESTION.xlsx/RENTABILIDAD_COSTOS,369,,PENDING_BUSINESS_REVIEW_MAESTRO_COMPOSITION,3,0,ACTIVE_SOURCE_COMPOSITION_WITHOUT_WOO_PARENT,PENDING_BUSINESS_REVIEW,PENDING,"components=0502002=1 | 0617002=1 | 0724003=1; anomalies={""quantity_status"":""EXACT"",""physical_match_method"":""EXACT_SKU"",""parent_match_method"":""MISSING_WOO_SKU""}; signature retained literally."
UD-005,MAESTRO_COMPOSITION_SIGNATURE,0502002|0728002,0502002|0728002,,MAESTRO_GESTION.xlsx/RENTABILIDAD_COSTOS,370,,PENDING_BUSINESS_REVIEW_MAESTRO_COMPOSITION,2,0,ACTIVE_SOURCE_COMPOSITION_WITHOUT_WOO_PARENT,PENDING_BUSINESS_REVIEW,PENDING,"components=0502002=1 | 0728002=1; anomalies={""quantity_status"":""EXACT"",""physical_match_method"":""EXACT_SKU"",""parent_match_method"":""MISSING_WOO_SKU""}; signature retained literally."
UD-005,MAESTRO_COMPOSITION_SIGNATURE,0502002|0728002|0608002,0502002|0728002|0608002,,MAESTRO_GESTION.xlsx/RENTABILIDAD_COSTOS,371,,PENDING_BUSINESS_REVIEW_MAESTRO_COMPOSITION,3,0,ACTIVE_SOURCE_COMPOSITION_WITHOUT_WOO_PARENT,PENDING_BUSINESS_REVIEW,PENDING,"components=0502002=1 | 0608002=1 | 0728002=1; anomalies={""quantity_status"":""EXACT"",""physical_match_method"":""EXACT_SKU"",""parent_match_method"":""MISSING_WOO_SKU""}; signature retained literally."
UD-005,MAESTRO_COMPOSITION_SIGNATURE,0502002|0728002|0617002,0502002|0728002|0617002,,MAESTRO_GESTION.xlsx/RENTABILIDAD_COSTOS,372,,PENDING_BUSINESS_REVIEW_MAESTRO_COMPOSITION,3,0,ACTIVE_SOURCE_COMPOSITION_WITHOUT_WOO_PARENT,PENDING_BUSINESS_REVIEW,PENDING,"components=0502002=1 | 0617002=1 | 0728002=1; anomalies={""quantity_status"":""EXACT"",""physical_match_method"":""EXACT_SKU"",""parent_match_method"":""MISSING_WOO_SKU""}; signature retained literally."
UD-005,MAESTRO_COMPOSITION_SIGNATURE,0502002|0730002,0502002|0730002,,MAESTRO_GESTION.xlsx/RENTABILIDAD_COSTOS,373,,PENDING_BUSINESS_REVIEW_MAESTRO_COMPOSITION,2,0,ACTIVE_SOURCE_COMPOSITION_WITHOUT_WOO_PARENT,PENDING_BUSINESS_REVIEW,PENDING,"components=0502002=1 | 0730002=1; anomalies={""quantity_status"":""EXACT"",""physical_match_method"":""EXACT_SKU"",""parent_match_method"":""MISSING_WOO_SKU""}; signature retained literally."
UD-005,MAESTRO_COMPOSITION_SIGNATURE,0502002|0730002|0608002,0502002|0730002|0608002,,MAESTRO_GESTION.xlsx/RENTABILIDAD_COSTOS,374,,PENDING_BUSINESS_REVIEW_MAESTRO_COMPOSITION,3,0,ACTIVE_SOURCE_COMPOSITION_WITHOUT_WOO_PARENT,PENDING_BUSINESS_REVIEW,PENDING,"components=0502002=1 | 0608002=1 | 0730002=1; anomalies={""quantity_status"":""EXACT"",""physical_match_method"":""EXACT_SKU"",""parent_match_method"":""MISSING_WOO_SKU""}; signature retained literally."
UD-005,MAESTRO_COMPOSITION_SIGNATURE,0502002|0730002|0617002,0502002|0730002|0617002,,MAESTRO_GESTION.xlsx/RENTABILIDAD_COSTOS,375,,PENDING_BUSINESS_REVIEW_MAESTRO_COMPOSITION,3,0,ACTIVE_SOURCE_COMPOSITION_WITHOUT_WOO_PARENT,PENDING_BUSINESS_REVIEW,PENDING,"components=0502002=1 | 0617002=1 | 0730002=1; anomalies={""quantity_status"":""EXACT"",""physical_match_method"":""EXACT_SKU"",""parent_match_method"":""MISSING_WOO_SKU""}; signature retained literally."
UD-005,MAESTRO_COMPOSITION_SIGNATURE,0502002|1251006,0502002|1251006,,MAESTRO_GESTION.xlsx/RENTABILIDAD_COSTOS,376,,PENDING_BUSINESS_REVIEW_MAESTRO_COMPOSITION,2,0,ACTIVE_SOURCE_COMPOSITION_WITHOUT_WOO_PARENT,PENDING_BUSINESS_REVIEW,PENDING,"components=0502002=1 | 1251006=1; anomalies={""quantity_status"":""EXACT"",""physical_match_method"":""EXACT_SKU"",""parent_match_method"":""MISSING_WOO_SKU""}; signature retained literally."
UD-005,MAESTRO_COMPOSITION_SIGNATURE,0502002|1251006|0617002,0502002|1251006|0617002,,MAESTRO_GESTION.xlsx/RENTABILIDAD_COSTOS,378,,PENDING_BUSINESS_REVIEW_MAESTRO_COMPOSITION,3,0,ACTIVE_SOURCE_COMPOSITION_WITHOUT_WOO_PARENT,PENDING_BUSINESS_REVIEW,PENDING,"components=0502002=1 | 0617002=1 | 1251006=1; anomalies={""quantity_status"":""EXACT"",""physical_match_method"":""EXACT_SKU"",""parent_match_method"":""MISSING_WOO_SKU""}; signature retained literally."
UD-005,MAESTRO_COMPOSITION_SIGNATURE,0502002|1253003|0608002,0502002|1253003|0608002,,MAESTRO_GESTION.xlsx/RENTABILIDAD_COSTOS,377,,PENDING_BUSINESS_REVIEW_MAESTRO_COMPOSITION,3,0,ACTIVE_SOURCE_COMPOSITION_WITHOUT_WOO_PARENT,PENDING_BUSINESS_REVIEW,PENDING,"components=0502002=1 | 0608002=1 | 1253003=1; anomalies={""quantity_status"":""EXACT"",""physical_match_method"":""EXACT_SKU"",""parent_match_method"":""MISSING_WOO_SKU""}; signature retained literally."
UD-005,MAESTRO_COMPOSITION_SIGNATURE,0502005|1242001,0502005|1242001,,MAESTRO_GESTION.xlsx/RENTABILIDAD_COSTOS,353,,PENDING_BUSINESS_REVIEW_MAESTRO_COMPOSITION,2,0,ACTIVE_SOURCE_COMPOSITION_WITHOUT_WOO_PARENT,PENDING_BUSINESS_REVIEW,PENDING,"components=0502005=1 | 1242001=1; anomalies={""quantity_status"":""EXACT"",""physical_match_method"":""EXACT_SKU"",""parent_match_method"":""MISSING_WOO_SKU""}; signature retained literally."
UD-005,MAESTRO_COMPOSITION_SIGNATURE,0502005|1242001|0608007,0502005|1242001|0608007,,MAESTRO_GESTION.xlsx/RENTABILIDAD_COSTOS,354,,PENDING_BUSINESS_REVIEW_MAESTRO_COMPOSITION,3,0,ACTIVE_SOURCE_COMPOSITION_WITHOUT_WOO_PARENT,PENDING_BUSINESS_REVIEW,PENDING,"components=0502005=1 | 0608007=1 | 1242001=1; anomalies={""quantity_status"":""EXACT"",""physical_match_method"":""EXACT_SKU"",""parent_match_method"":""MISSING_WOO_SKU""}; signature retained literally."
UD-005,MAESTRO_COMPOSITION_SIGNATURE,0502012|1251006|1002004,0502012|1251006|1002004,,MAESTRO_GESTION.xlsx/RENTABILIDAD_COSTOS,402,,PENDING_BUSINESS_REVIEW_MAESTRO_COMPOSITION,3,0,ACTIVE_SOURCE_COMPOSITION_WITHOUT_WOO_PARENT,PENDING_BUSINESS_REVIEW,PENDING,"components=0502012=1 | 1002004=1 | 1251006=1; anomalies={""quantity_status"":""EXACT"",""physical_match_method"":""EXACT_SKU"",""parent_match_method"":""MISSING_WOO_SKU""}; signature retained literally."
UD-005,MAESTRO_COMPOSITION_SIGNATURE,0502012|1254005,0502012|1254005,,MAESTRO_GESTION.xlsx/RENTABILIDAD_COSTOS,389,,PENDING_BUSINESS_REVIEW_MAESTRO_COMPOSITION,2,0,ACTIVE_SOURCE_COMPOSITION_WITHOUT_WOO_PARENT,PENDING_BUSINESS_REVIEW,PENDING,"components=0502012=1 | 1254005=1; anomalies={""quantity_status"":""EXACT"",""physical_match_method"":""EXACT_SKU"",""parent_match_method"":""MISSING_WOO_SKU""}; signature retained literally."
UD-005,MAESTRO_COMPOSITION_SIGNATURE,0502012|1254005|0608004,0502012|1254005|0608004,,MAESTRO_GESTION.xlsx/RENTABILIDAD_COSTOS,390,,PENDING_BUSINESS_REVIEW_MAESTRO_COMPOSITION,3,0,ACTIVE_SOURCE_COMPOSITION_WITHOUT_WOO_PARENT,PENDING_BUSINESS_REVIEW,PENDING,"components=0502012=1 | 0608004=1 | 1254005=1; anomalies={""quantity_status"":""EXACT"",""physical_match_method"":""EXACT_SKU"",""parent_match_method"":""MISSING_WOO_SKU""}; signature retained literally."
UD-005,MAESTRO_COMPOSITION_SIGNATURE,0502012|1254005|0617004,0502012|1254005|0617004,,MAESTRO_GESTION.xlsx/RENTABILIDAD_COSTOS,391,,PENDING_BUSINESS_REVIEW_MAESTRO_COMPOSITION,3,0,ACTIVE_SOURCE_COMPOSITION_WITHOUT_WOO_PARENT,PENDING_BUSINESS_REVIEW,PENDING,"components=0502012=1 | 0617004=1 | 1254005=1; anomalies={""quantity_status"":""EXACT"",""physical_match_method"":""EXACT_SKU"",""parent_match_method"":""MISSING_WOO_SKU""}; signature retained literally."
UD-005,MAESTRO_COMPOSITION_SIGNATURE,0502012|1254005|1002004|0608004,0502012|1254005|1002004|0608004,,MAESTRO_GESTION.xlsx/RENTABILIDAD_COSTOS,403,,PENDING_BUSINESS_REVIEW_MAESTRO_COMPOSITION,4,0,ACTIVE_SOURCE_COMPOSITION_WITHOUT_WOO_PARENT,PENDING_BUSINESS_REVIEW,PENDING,"components=0502012=1 | 0608004=1 | 1002004=1 | 1254005=1; anomalies={""quantity_status"":""EXACT"",""physical_match_method"":""EXACT_SKU"",""parent_match_method"":""MISSING_WOO_SKU""}; signature retained literally."
UD-005,MAESTRO_COMPOSITION_SIGNATURE,0502012|1254005|1002004|0617004,0502012|1254005|1002004|0617004,,MAESTRO_GESTION.xlsx/RENTABILIDAD_COSTOS,404,,PENDING_BUSINESS_REVIEW_MAESTRO_COMPOSITION,4,0,ACTIVE_SOURCE_COMPOSITION_WITHOUT_WOO_PARENT,PENDING_BUSINESS_REVIEW,PENDING,"components=0502012=1 | 0617004=1 | 1002004=1 | 1254005=1; anomalies={""quantity_status"":""EXACT"",""physical_match_method"":""EXACT_SKU"",""parent_match_method"":""MISSING_WOO_SKU""}; signature retained literally."
UD-005,MAESTRO_COMPOSITION_SIGNATURE,0504011|1251006,0504011|1251006,,MAESTRO_GESTION.xlsx/RENTABILIDAD_COSTOS,415,,PENDING_BUSINESS_REVIEW_MAESTRO_COMPOSITION,2,0,ACTIVE_SOURCE_COMPOSITION_WITHOUT_WOO_PARENT,PENDING_BUSINESS_REVIEW,PENDING,"components=0504011=1 | 1251006=1; anomalies={""quantity_status"":""EXACT"",""physical_match_method"":""EXACT_SKU"",""parent_match_method"":""MISSING_WOO_SKU""}; signature retained literally."
UD-005,MAESTRO_COMPOSITION_SIGNATURE,0504011|1251006|0617002,0504011|1251006|0617002,,MAESTRO_GESTION.xlsx/RENTABILIDAD_COSTOS,417,,PENDING_BUSINESS_REVIEW_MAESTRO_COMPOSITION,3,0,ACTIVE_SOURCE_COMPOSITION_WITHOUT_WOO_PARENT,PENDING_BUSINESS_REVIEW,PENDING,"components=0504011=1 | 0617002=1 | 1251006=1; anomalies={""quantity_status"":""EXACT"",""physical_match_method"":""EXACT_SKU"",""parent_match_method"":""MISSING_WOO_SKU""}; signature retained literally."
UD-005,MAESTRO_COMPOSITION_SIGNATURE,0504011|1254005|0608002,0504011|1254005|0608002,,MAESTRO_GESTION.xlsx/RENTABILIDAD_COSTOS,416,,PENDING_BUSINESS_REVIEW_MAESTRO_COMPOSITION,3,0,ACTIVE_SOURCE_COMPOSITION_WITHOUT_WOO_PARENT,PENDING_BUSINESS_REVIEW,PENDING,"components=0504011=1 | 0608002=1 | 1254005=1; anomalies={""quantity_status"":""EXACT"",""physical_match_method"":""EXACT_SKU"",""parent_match_method"":""MISSING_WOO_SKU""}; signature retained literally."
UD-005,MAESTRO_COMPOSITION_SIGNATURE,0504012|0724003|0606002,0504012|0724003|0606002,,MAESTRO_GESTION.xlsx/RENTABILIDAD_COSTOS,300,,PENDING_BUSINESS_REVIEW_MAESTRO_COMPOSITION,3,0,ACTIVE_SOURCE_COMPOSITION_WITHOUT_WOO_PARENT,PENDING_BUSINESS_REVIEW,PENDING,"components=0504012=1 | 0606002=1 | 0724003=1; anomalies={""quantity_status"":""EXACT"",""physical_match_method"":""EXACT_SKU"",""parent_match_method"":""MISSING_WOO_SKU""}; signature retained literally."
UD-005,MAESTRO_COMPOSITION_SIGNATURE,0504012|0728002|0606002,0504012|0728002|0606002,,MAESTRO_GESTION.xlsx/RENTABILIDAD_COSTOS,303,,PENDING_BUSINESS_REVIEW_MAESTRO_COMPOSITION,3,0,ACTIVE_SOURCE_COMPOSITION_WITHOUT_WOO_PARENT,PENDING_BUSINESS_REVIEW,PENDING,"components=0504012=1 | 0606002=1 | 0728002=1; anomalies={""quantity_status"":""EXACT"",""physical_match_method"":""EXACT_SKU"",""parent_match_method"":""MISSING_WOO_SKU""}; signature retained literally."
UD-005,MAESTRO_COMPOSITION_SIGNATURE,0504012|0730002|0606002,0504012|0730002|0606002,,MAESTRO_GESTION.xlsx/RENTABILIDAD_COSTOS,306,,PENDING_BUSINESS_REVIEW_MAESTRO_COMPOSITION,3,0,ACTIVE_SOURCE_COMPOSITION_WITHOUT_WOO_PARENT,PENDING_BUSINESS_REVIEW,PENDING,"components=0504012=1 | 0606002=1 | 0730002=1; anomalies={""quantity_status"":""EXACT"",""physical_match_method"":""EXACT_SKU"",""parent_match_method"":""MISSING_WOO_SKU""}; signature retained literally."
UD-005,MAESTRO_COMPOSITION_SIGNATURE,0504012|1251006,0504012|1251006,,MAESTRO_GESTION.xlsx/RENTABILIDAD_COSTOS,308,,PENDING_BUSINESS_REVIEW_MAESTRO_COMPOSITION,2,0,ACTIVE_SOURCE_COMPOSITION_WITHOUT_WOO_PARENT,PENDING_BUSINESS_REVIEW,PENDING,"components=0504012=1 | 1251006=1; anomalies={""quantity_status"":""EXACT"",""physical_match_method"":""EXACT_SKU"",""parent_match_method"":""MISSING_WOO_SKU""}; signature retained literally."
UD-005,MAESTRO_COMPOSITION_SIGNATURE,0504012|1251006|0606002,0504012|1251006|0606002,,MAESTRO_GESTION.xlsx/RENTABILIDAD_COSTOS,309,,PENDING_BUSINESS_REVIEW_MAESTRO_COMPOSITION,3,0,ACTIVE_SOURCE_COMPOSITION_WITHOUT_WOO_PARENT,PENDING_BUSINESS_REVIEW,PENDING,"components=0504012=1 | 0606002=1 | 1251006=1; anomalies={""quantity_status"":""EXACT"",""physical_match_method"":""EXACT_SKU"",""parent_match_method"":""MISSING_WOO_SKU""}; signature retained literally."
UD-005,MAESTRO_COMPOSITION_SIGNATURE,0504012|1251006|0617002,0504012|1251006|0617002,,MAESTRO_GESTION.xlsx/RENTABILIDAD_COSTOS,310,,PENDING_BUSINESS_REVIEW_MAESTRO_COMPOSITION,3,0,ACTIVE_SOURCE_COMPOSITION_WITHOUT_WOO_PARENT,PENDING_BUSINESS_REVIEW,PENDING,"components=0504012=1 | 0617002=1 | 1251006=1; anomalies={""quantity_status"":""EXACT"",""physical_match_method"":""EXACT_SKU"",""parent_match_method"":""MISSING_WOO_SKU""}; signature retained literally."
UD-006,EXTERNAL_ONE_OFF_SIGNATURE,107,107,,DAT,2,,PENDING_BUSINESS_REVIEW_EXTERNAL_ONE_OFF,1,0,SOURCE_STATUS_REVIEW,PENDING_BUSINESS_REVIEW,PENDING,External historical evidence retained; not incorporated into canonical inventory.
UD-006,EXTERNAL_ONE_OFF_SIGNATURE,zzz01,zzz01,,DAT,1,,PENDING_BUSINESS_REVIEW_EXTERNAL_ONE_OFF,1,0,SOURCE_STATUS_REVIEW,PENDING_BUSINESS_REVIEW,PENDING,External historical evidence retained; not incorporated into canonical inventory.
