combination_woo_id,combination_parent_woo_id,combination_sku,combination_name,woo_status,regular_price,sale_price,effective_price,price_missing,primary_component_rows,all_evidence_rows,distinct_component_count,component_skus,component_quantities,component_item_ids,component_woo_ids,exact_primary_edges,blocked_primary_edges,original_status,operational_status,quarantine_group_ids,quarantine_reason,quarantine_status,worker_review_status
4587,3658,0201001|0201001|1249001|1249001|0615011|0615011,"Crudo, Crudo, Amarillo, Amarillo",private,711.15,578.17,578.17,NO,3,3,3,0201001 | 0615011 | 1249001,0201001=2 | 0615011=2 | 1249001=2,1249001 | 201001,,2,1,BLOCKED_INCOMPLETE_COMPOSITION,QUARANTINED_NO_PROPAGATION,UD-001,PENDING_BUSINESS_REVIEW_PLACEHOLDER_011,PENDING_BUSINESS_REVIEW,PENDING
4588,3658,0201001|0201001|1249001|1249001|0609011|0609011,"Crudo, Crudo, Azul, Azul",private,711.15,578.17,578.17,NO,3,3,3,0201001 | 0609011 | 1249001,0201001=2 | 0609011=2 | 1249001=2,1249001 | 201001,,2,1,BLOCKED_INCOMPLETE_COMPOSITION,QUARANTINED_NO_PROPAGATION,UD-001,PENDING_BUSINESS_REVIEW_PLACEHOLDER_011,PENDING_BUSINESS_REVIEW,PENDING
4591,3658,0201001|0201001|1249001|1249001|0606011|0606011,"Crudo, Crudo, Granate, Granate",private,711.15,578.17,578.17,NO,3,3,3,0201001 | 0606011 | 1249001,0201001=2 | 0606011=2 | 1249001=2,1249001 | 201001,,2,1,BLOCKED_INCOMPLETE_COMPOSITION,QUARANTINED_NO_PROPAGATION,UD-001,PENDING_BUSINESS_REVIEW_PLACEHOLDER_011,PENDING_BUSINESS_REVIEW,PENDING
4594,3658,0201001|0201001|1249001|1249001|0616011|0616011,"Crudo, Crudo, Negro, Negro",publish,950.00,749.90,749.90,NO,3,3,3,0201001 | 0616011 | 1249001,0201001=2 | 0616011=2 | 1249001=2,1249001 | 201001,,2,1,BLOCKED_INCOMPLETE_COMPOSITION,QUARANTINED_NO_PROPAGATION,UD-001,PENDING_BUSINESS_REVIEW_PLACEHOLDER_011,PENDING_BUSINESS_REVIEW,PENDING
4596,3658,0201001|0201001|1249001|1249001|0607011|0607011,"Crudo, Crudo, Rojo, Rojo",private,711.15,578.17,578.17,NO,3,3,3,0201001 | 0607011 | 1249001,0201001=2 | 0607011=2 | 1249001=2,1249001 | 201001,,2,1,BLOCKED_INCOMPLETE_COMPOSITION,QUARANTINED_NO_PROPAGATION,UD-001,PENDING_BUSINESS_REVIEW_PLACEHOLDER_011,PENDING_BUSINESS_REVIEW,PENDING
4598,3658,0201001|0201001|1249001|1249001|0615011|0609011,"Crudo, Crudo, Amarillo, Azul",private,711.15,578.17,578.17,NO,4,4,4,0201001 | 0609011 | 0615011 | 1249001,0201001=2 | 0609011=1 | 0615011=1 | 1249001=2,1249001 | 201001,,2,2,BLOCKED_INCOMPLETE_COMPOSITION,QUARANTINED_NO_PROPAGATION,UD-001,PENDING_BUSINESS_REVIEW_PLACEHOLDER_011,PENDING_BUSINESS_REVIEW,PENDING
4600,3658,0201001|0201001|1249001|1249001|0615011|0608011,"Crudo, Crudo, Amarillo, Crudo",private,711.15,578.17,578.17,NO,4,4,4,0201001 | 0608011 | 0615011 | 1249001,0201001=2 | 0608011=1 | 0615011=1 | 1249001=2,1249001 | 201001,,2,2,BLOCKED_INCOMPLETE_COMPOSITION,QUARANTINED_NO_PROPAGATION,UD-001,PENDING_BUSINESS_REVIEW_PLACEHOLDER_011,PENDING_BUSINESS_REVIEW,PENDING
4601,3658,0201001|0201001|1249001|1249001|0615011|0606011,"Crudo, Crudo, Amarillo, Granate",private,711.15,578.17,578.17,NO,4,4,4,0201001 | 0606011 | 0615011 | 1249001,0201001=2 | 0606011=1 | 0615011=1 | 1249001=2,1249001 | 201001,,2,2,BLOCKED_INCOMPLETE_COMPOSITION,QUARANTINED_NO_PROPAGATION,UD-001,PENDING_BUSINESS_REVIEW_PLACEHOLDER_011,PENDING_BUSINESS_REVIEW,PENDING
4604,3658,0201001|0201001|1249001|1249001|0619007|0616011,"Crudo, Crudo, Marrón, Negro",publish,950,749.90,749.90,NO,4,4,4,0201001 | 0616011 | 0619007 | 1249001,0201001=2 | 0616011=1 | 0619007=1 | 1249001=2,1249001 | 201001 | 619007,,3,1,BLOCKED_INCOMPLETE_COMPOSITION,QUARANTINED_NO_PROPAGATION,UD-001,PENDING_BUSINESS_REVIEW_PLACEHOLDER_011,PENDING_BUSINESS_REVIEW,PENDING
4605,3658,0201001|0201001|1249001|1249001|0615011|0607011,"Crudo, Crudo, Amarillo, Rojo",private,711.15,578.17,578.17,NO,4,4,4,0201001 | 0607011 | 0615011 | 1249001,0201001=2 | 0607011=1 | 0615011=1 | 1249001=2,1249001 | 201001,,2,2,BLOCKED_INCOMPLETE_COMPOSITION,QUARANTINED_NO_PROPAGATION,UD-001,PENDING_BUSINESS_REVIEW_PLACEHOLDER_011,PENDING_BUSINESS_REVIEW,PENDING
4608,3658,0201001|0201001|1249001|1249001|0609011|0615011,"Crudo, Crudo, Azul, Amarillo",private,711.15,578.17,578.17,NO,4,4,4,0201001 | 0609011 | 0615011 | 1249001,0201001=2 | 0609011=1 | 0615011=1 | 1249001=2,1249001 | 201001,,2,2,BLOCKED_INCOMPLETE_COMPOSITION,QUARANTINED_NO_PROPAGATION,UD-001,PENDING_BUSINESS_REVIEW_PLACEHOLDER_011,PENDING_BUSINESS_REVIEW,PENDING
4610,3658,0201001|0201001|1249001|1249001|0609011|0608011,"Crudo, Crudo, Azul, Crudo",private,711.15,578.17,578.17,NO,4,4,4,0201001 | 0608011 | 0609011 | 1249001,0201001=2 | 0608011=1 | 0609011=1 | 1249001=2,1249001 | 201001,,2,2,BLOCKED_INCOMPLETE_COMPOSITION,QUARANTINED_NO_PROPAGATION,UD-001,PENDING_BUSINESS_REVIEW_PLACEHOLDER_011,PENDING_BUSINESS_REVIEW,PENDING
4611,3658,0201001|0201001|1249001|1249001|0609011|0606011,"Crudo, Crudo, Azul, Granate",private,711.15,578.17,578.17,NO,4,4,4,0201001 | 0606011 | 0609011 | 1249001,0201001=2 | 0606011=1 | 0609011=1 | 1249001=2,1249001 | 201001,,2,2,BLOCKED_INCOMPLETE_COMPOSITION,QUARANTINED_NO_PROPAGATION,UD-001,PENDING_BUSINESS_REVIEW_PLACEHOLDER_011,PENDING_BUSINESS_REVIEW,PENDING
4614,3658,0201001|0201001|1249001|1249001|0609011|0616011,"Crudo, Crudo, Azul, Negro",private,711.15,578.17,578.17,NO,4,4,4,0201001 | 0609011 | 0616011 | 1249001,0201001=2 | 0609011=1 | 0616011=1 | 1249001=2,1249001 | 201001,,2,2,BLOCKED_INCOMPLETE_COMPOSITION,QUARANTINED_NO_PROPAGATION,UD-001,PENDING_BUSINESS_REVIEW_PLACEHOLDER_011,PENDING_BUSINESS_REVIEW,PENDING
4615,3658,0201001|0201001|1249001|1249001|0609011|0607011,"Crudo, Crudo, Azul, Rojo",private,711.15,578.17,578.17,NO,4,4,4,0201001 | 0607011 | 0609011 | 1249001,0201001=2 | 0607011=1 | 0609011=1 | 1249001=2,1249001 | 201001,,2,2,BLOCKED_INCOMPLETE_COMPOSITION,QUARANTINED_NO_PROPAGATION,UD-001,PENDING_BUSINESS_REVIEW_PLACEHOLDER_011,PENDING_BUSINESS_REVIEW,PENDING
4629,3658,0201001|0201001|1249001|1249001|0608011|0609011,"Crudo, Crudo, Crudo, Azul",private,711.15,578.17,578.17,NO,4,4,4,0201001 | 0608011 | 0609011 | 1249001,0201001=2 | 0608011=1 | 0609011=1 | 1249001=2,1249001 | 201001,,2,2,BLOCKED_INCOMPLETE_COMPOSITION,QUARANTINED_NO_PROPAGATION,UD-001,PENDING_BUSINESS_REVIEW_PLACEHOLDER_011,PENDING_BUSINESS_REVIEW,PENDING
4631,3658,0201001|0201001|1249001|1249001|0608011|0606011,"Crudo, Crudo, Crudo, Granate",private,711.15,578.17,578.17,NO,4,4,4,0201001 | 0606011 | 0608011 | 1249001,0201001=2 | 0606011=1 | 0608011=1 | 1249001=2,1249001 | 201001,,2,2,BLOCKED_INCOMPLETE_COMPOSITION,QUARANTINED_NO_PROPAGATION,UD-001,PENDING_BUSINESS_REVIEW_PLACEHOLDER_011,PENDING_BUSINESS_REVIEW,PENDING
4634,3658,0201001|0201001|1249001|1249001|0608011|0616011,"Crudo, Crudo, Crudo, Negro",publish,950.00,749.90,749.90,NO,4,4,4,0201001 | 0608011 | 0616011 | 1249001,0201001=2 | 0608011=1 | 0616011=1 | 1249001=2,1249001 | 201001,,2,2,BLOCKED_INCOMPLETE_COMPOSITION,QUARANTINED_NO_PROPAGATION,UD-001,PENDING_BUSINESS_REVIEW_PLACEHOLDER_011,PENDING_BUSINESS_REVIEW,PENDING
4635,3658,0201001|0201001|1249001|1249001|0608011|0607011,"Crudo, Crudo, Crudo, Rojo",private,711.15,578.17,578.17,NO,4,4,4,0201001 | 0607011 | 0608011 | 1249001,0201001=2 | 0607011=1 | 0608011=1 | 1249001=2,1249001 | 201001,,2,2,BLOCKED_INCOMPLETE_COMPOSITION,QUARANTINED_NO_PROPAGATION,UD-001,PENDING_BUSINESS_REVIEW_PLACEHOLDER_011,PENDING_BUSINESS_REVIEW,PENDING
4638,3658,0201001|0201001|1249001|1249001|0606011|0615011,"Crudo, Crudo, Granate, Amarillo",private,711.15,578.17,578.17,NO,4,4,4,0201001 | 0606011 | 0615011 | 1249001,0201001=2 | 0606011=1 | 0615011=1 | 1249001=2,1249001 | 201001,,2,2,BLOCKED_INCOMPLETE_COMPOSITION,QUARANTINED_NO_PROPAGATION,UD-001,PENDING_BUSINESS_REVIEW_PLACEHOLDER_011,PENDING_BUSINESS_REVIEW,PENDING
4639,3658,0201001|0201001|1249001|1249001|0606011|0609011,"Crudo, Crudo, Granate, Azul",private,711.15,578.17,578.17,NO,4,4,4,0201001 | 0606011 | 0609011 | 1249001,0201001=2 | 0606011=1 | 0609011=1 | 1249001=2,1249001 | 201001,,2,2,BLOCKED_INCOMPLETE_COMPOSITION,QUARANTINED_NO_PROPAGATION,UD-001,PENDING_BUSINESS_REVIEW_PLACEHOLDER_011,PENDING_BUSINESS_REVIEW,PENDING
4641,3658,0201001|0201001|1249001|1249001|0606011|0608011,"Crudo, Crudo, Granate, Crudo",private,711.15,578.17,578.17,NO,4,4,4,0201001 | 0606011 | 0608011 | 1249001,0201001=2 | 0606011=1 | 0608011=1 | 1249001=2,1249001 | 201001,,2,2,BLOCKED_INCOMPLETE_COMPOSITION,QUARANTINED_NO_PROPAGATION,UD-001,PENDING_BUSINESS_REVIEW_PLACEHOLDER_011,PENDING_BUSINESS_REVIEW,PENDING
4644,3658,0201001|0201001|1249001|1249001|0606011|0616011,"Crudo, Crudo, Granate, Negro",private,711.15,578.17,578.17,NO,4,4,4,0201001 | 0606011 | 0616011 | 1249001,0201001=2 | 0606011=1 | 0616011=1 | 1249001=2,1249001 | 201001,,2,2,BLOCKED_INCOMPLETE_COMPOSITION,QUARANTINED_NO_PROPAGATION,UD-001,PENDING_BUSINESS_REVIEW_PLACEHOLDER_011,PENDING_BUSINESS_REVIEW,PENDING
4645,3658,0201001|0201001|1249001|1249001|0606011|0607011,"Crudo, Crudo, Granate, Rojo",private,711.15,578.17,578.17,NO,4,4,4,0201001 | 0606011 | 0607011 | 1249001,0201001=2 | 0606011=1 | 0607011=1 | 1249001=2,1249001 | 201001,,2,2,BLOCKED_INCOMPLETE_COMPOSITION,QUARANTINED_NO_PROPAGATION,UD-001,PENDING_BUSINESS_REVIEW_PLACEHOLDER_011,PENDING_BUSINESS_REVIEW,PENDING
4668,3658,0201001|0201001|1249001|1249001|0616011|0615011,"Crudo, Crudo, Negro, Amarillo",private,711.15,578.17,578.17,NO,4,4,4,0201001 | 0615011 | 0616011 | 1249001,0201001=2 | 0615011=1 | 0616011=1 | 1249001=2,1249001 | 201001,,2,2,BLOCKED_INCOMPLETE_COMPOSITION,QUARANTINED_NO_PROPAGATION,UD-001,PENDING_BUSINESS_REVIEW_PLACEHOLDER_011,PENDING_BUSINESS_REVIEW,PENDING
4669,3658,0201001|0201001|1249001|1249001|0616011|0609011,"Crudo, Crudo, Negro, Azul",private,711.15,578.17,578.17,NO,4,4,4,0201001 | 0609011 | 0616011 | 1249001,0201001=2 | 0609011=1 | 0616011=1 | 1249001=2,1249001 | 201001,,2,2,BLOCKED_INCOMPLETE_COMPOSITION,QUARANTINED_NO_PROPAGATION,UD-001,PENDING_BUSINESS_REVIEW_PLACEHOLDER_011,PENDING_BUSINESS_REVIEW,PENDING
4671,3658,0201001|0201001|1249001|1249001|0616011|0608007,"Crudo, Crudo, Negro, Crudo",publish,950.00,749.90,749.90,NO,4,4,4,0201001 | 0608007 | 0616011 | 1249001,0201001=2 | 0608007=1 | 0616011=1 | 1249001=2,1249001 | 201001 | 608007,,3,1,BLOCKED_INCOMPLETE_COMPOSITION,QUARANTINED_NO_PROPAGATION,UD-001,PENDING_BUSINESS_REVIEW_PLACEHOLDER_011,PENDING_BUSINESS_REVIEW,PENDING
4672,3658,0201001|0201001|1249001|1249001|0616011|0606011,"Crudo, Crudo, Negro, Granate",private,711.15,578.17,578.17,NO,4,4,4,0201001 | 0606011 | 0616011 | 1249001,0201001=2 | 0606011=1 | 0616011=1 | 1249001=2,1249001 | 201001,,2,2,BLOCKED_INCOMPLETE_COMPOSITION,QUARANTINED_NO_PROPAGATION,UD-001,PENDING_BUSINESS_REVIEW_PLACEHOLDER_011,PENDING_BUSINESS_REVIEW,PENDING
4675,3658,0201001|0201001|1249001|1249001|0616011|0607011,"Crudo, Crudo, Negro, Rojo",private,711.15,578.17,578.17,NO,4,4,4,0201001 | 0607011 | 0616011 | 1249001,0201001=2 | 0607011=1 | 0616011=1 | 1249001=2,1249001 | 201001,,2,2,BLOCKED_INCOMPLETE_COMPOSITION,QUARANTINED_NO_PROPAGATION,UD-001,PENDING_BUSINESS_REVIEW_PLACEHOLDER_011,PENDING_BUSINESS_REVIEW,PENDING
4688,3658,0201001|0201001|1249001|1249001|0607011|0615011,"Crudo, Crudo, Rojo, Amarillo",private,711.15,578.17,578.17,NO,4,4,4,0201001 | 0607011 | 0615011 | 1249001,0201001=2 | 0607011=1 | 0615011=1 | 1249001=2,1249001 | 201001,,2,2,BLOCKED_INCOMPLETE_COMPOSITION,QUARANTINED_NO_PROPAGATION,UD-001,PENDING_BUSINESS_REVIEW_PLACEHOLDER_011,PENDING_BUSINESS_REVIEW,PENDING
4689,3658,0201001|0201001|1249001|1249001|0607011|0609011,"Crudo, Crudo, Rojo, Azul",private,711.15,578.17,578.17,NO,4,4,4,0201001 | 0607011 | 0609011 | 1249001,0201001=2 | 0607011=1 | 0609011=1 | 1249001=2,1249001 | 201001,,2,2,BLOCKED_INCOMPLETE_COMPOSITION,QUARANTINED_NO_PROPAGATION,UD-001,PENDING_BUSINESS_REVIEW_PLACEHOLDER_011,PENDING_BUSINESS_REVIEW,PENDING
4691,3658,0201001|0201001|1249001|1249001|0607011|0608011,"Crudo, Crudo, Rojo, Crudo",private,711.15,578.17,578.17,NO,4,4,4,0201001 | 0607011 | 0608011 | 1249001,0201001=2 | 0607011=1 | 0608011=1 | 1249001=2,1249001 | 201001,,2,2,BLOCKED_INCOMPLETE_COMPOSITION,QUARANTINED_NO_PROPAGATION,UD-001,PENDING_BUSINESS_REVIEW_PLACEHOLDER_011,PENDING_BUSINESS_REVIEW,PENDING
4692,3658,0201001|0201001|1249001|1249001|0607011|0606011,"Crudo, Crudo, Rojo, Granate",private,711.15,578.17,578.17,NO,4,4,4,0201001 | 0606011 | 0607011 | 1249001,0201001=2 | 0606011=1 | 0607011=1 | 1249001=2,1249001 | 201001,,2,2,BLOCKED_INCOMPLETE_COMPOSITION,QUARANTINED_NO_PROPAGATION,UD-001,PENDING_BUSINESS_REVIEW_PLACEHOLDER_011,PENDING_BUSINESS_REVIEW,PENDING
4695,3658,0201001|0201001|1249001|1249001|0607011|0616011,"Crudo, Crudo, Rojo, Negro",private,711.15,578.17,578.17,NO,4,4,4,0201001 | 0607011 | 0616011 | 1249001,0201001=2 | 0607011=1 | 0616011=1 | 1249001=2,1249001 | 201001,,2,2,BLOCKED_INCOMPLETE_COMPOSITION,QUARANTINED_NO_PROPAGATION,UD-001,PENDING_BUSINESS_REVIEW_PLACEHOLDER_011,PENDING_BUSINESS_REVIEW,PENDING
7333,7332,0504011|0724003|0619002-1,"Futón de algodón, 140x200x14,5 cm, Beige jaspeado",publish,762,628.45,628.45,NO,3,3,3,0504011 | 0619002-1 | 0724003,0504011=1 | 0619002-1=1 | 0724003=1,504011 | 724003,,2,1,BLOCKED_INCOMPLETE_COMPOSITION,QUARANTINED_NO_PROPAGATION,TECH-001,UNRESOLVED_EXACT_EVIDENCE_OUTSIDE_BUSINESS_SCOPE,PENDING_TECHNICAL_EVIDENCE,NOT_SUBMITTED_TECHNICAL
7334,7332,0504011|0724003|0617002-1,"Futón de algodón, 140x200x14,5 cm, Gris jaspeado",publish,762,628.45,628.45,NO,3,3,3,0504011 | 0617002-1 | 0724003,0504011=1 | 0617002-1=1 | 0724003=1,504011 | 724003,,2,1,BLOCKED_INCOMPLETE_COMPOSITION,QUARANTINED_NO_PROPAGATION,TECH-001,UNRESOLVED_EXACT_EVIDENCE_OUTSIDE_BUSINESS_SCOPE,PENDING_TECHNICAL_EVIDENCE,NOT_SUBMITTED_TECHNICAL
7335,7332,0504011|0724003|0615002-1,"Futón de algodón, 140x200x14,5 cm, Amarillo",publish,762.00,628.00,628.00,NO,3,3,3,0504011 | 0615002-1 | 0724003,0504011=1 | 0615002-1=1 | 0724003=1,504011 | 724003,,2,1,BLOCKED_INCOMPLETE_COMPOSITION,QUARANTINED_NO_PROPAGATION,TECH-001,UNRESOLVED_EXACT_EVIDENCE_OUTSIDE_BUSINESS_SCOPE,PENDING_TECHNICAL_EVIDENCE,NOT_SUBMITTED_TECHNICAL
7336,7332,0504011|0730002|0614002-1,"Futón con dos capas de látex, 140x200x14,5 cm, Verde",publish,992.00,830.00,830.00,NO,3,3,3,0504011 | 0614002-1 | 0730002,0504011=1 | 0614002-1=1 | 0730002=1,504011 | 730002,,2,1,BLOCKED_INCOMPLETE_COMPOSITION,QUARANTINED_NO_PROPAGATION,TECH-001,UNRESOLVED_EXACT_EVIDENCE_OUTSIDE_BUSINESS_SCOPE,PENDING_TECHNICAL_EVIDENCE,NOT_SUBMITTED_TECHNICAL
7337,7332,0504011|0724003-1,"Futón de algodón, 140x200x14,5 cm, Sin funda",publish,664.00,558.45,558.45,NO,2,2,2,0504011 | 0724003-1,0504011=1 | 0724003-1=1,504011,,1,1,BLOCKED_INCOMPLETE_COMPOSITION,QUARANTINED_NO_PROPAGATION,TECH-001,UNRESOLVED_EXACT_EVIDENCE_OUTSIDE_BUSINESS_SCOPE,PENDING_TECHNICAL_EVIDENCE,NOT_SUBMITTED_TECHNICAL
7338,7332,0504011|0724003|0609002-1,"Futón de algodón, 140x200x14,5 cm, Azul",publish,762.00,628.00,628.00,NO,3,3,3,0504011 | 0609002-1 | 0724003,0504011=1 | 0609002-1=1 | 0724003=1,504011 | 724003,,2,1,BLOCKED_INCOMPLETE_COMPOSITION,QUARANTINED_NO_PROPAGATION,TECH-001,UNRESOLVED_EXACT_EVIDENCE_OUTSIDE_BUSINESS_SCOPE,PENDING_TECHNICAL_EVIDENCE,NOT_SUBMITTED_TECHNICAL
7339,7332,0504011|0724003|0608002-1,"Futón de algodón, 140x200x14,5 cm, Crudo",publish,762.00,628.00,628.00,NO,3,3,3,0504011 | 0608002-1 | 0724003,0504011=1 | 0608002-1=1 | 0724003=1,504011 | 724003,,2,1,BLOCKED_INCOMPLETE_COMPOSITION,QUARANTINED_NO_PROPAGATION,TECH-001,UNRESOLVED_EXACT_EVIDENCE_OUTSIDE_BUSINESS_SCOPE,PENDING_TECHNICAL_EVIDENCE,NOT_SUBMITTED_TECHNICAL
7340,7332,0504011|0724003|0606002-1,"Futón de algodón, 140x200x14,5 cm, Granate",publish,762.00,628.00,628.00,NO,3,3,3,0504011 | 0606002-1 | 0724003,0504011=1 | 0606002-1=1 | 0724003=1,504011 | 724003,,2,1,BLOCKED_INCOMPLETE_COMPOSITION,QUARANTINED_NO_PROPAGATION,TECH-001,UNRESOLVED_EXACT_EVIDENCE_OUTSIDE_BUSINESS_SCOPE,PENDING_TECHNICAL_EVIDENCE,NOT_SUBMITTED_TECHNICAL
7341,7332,0504011|0730002|0607002-1,"Futón con dos capas de látex, 140x200x14,5 cm, Rojo",publish,992.00,830.00,830.00,NO,3,3,3,0504011 | 0607002-1 | 0730002,0504011=1 | 0607002-1=1 | 0730002=1,504011 | 730002,,2,1,BLOCKED_INCOMPLETE_COMPOSITION,QUARANTINED_NO_PROPAGATION,TECH-001,UNRESOLVED_EXACT_EVIDENCE_OUTSIDE_BUSINESS_SCOPE,PENDING_TECHNICAL_EVIDENCE,NOT_SUBMITTED_TECHNICAL
7342,7332,0504011|0724003|0616002-1,"Futón de algodón, 140x200x14,5 cm, Negro",publish,762.00,628.00,628.00,NO,3,3,3,0504011 | 0616002-1 | 0724003,0504011=1 | 0616002-1=1 | 0724003=1,504011 | 724003,,2,1,BLOCKED_INCOMPLETE_COMPOSITION,QUARANTINED_NO_PROPAGATION,TECH-001,UNRESOLVED_EXACT_EVIDENCE_OUTSIDE_BUSINESS_SCOPE,PENDING_TECHNICAL_EVIDENCE,NOT_SUBMITTED_TECHNICAL
7343,7332,0504011|0724003|0607002-1,"Futón de algodón, 140x200x14,5 cm, Rojo",publish,762.00,628.00,628.00,NO,3,3,3,0504011 | 0607002-1 | 0724003,0504011=1 | 0607002-1=1 | 0724003=1,504011 | 724003,,2,1,BLOCKED_INCOMPLETE_COMPOSITION,QUARANTINED_NO_PROPAGATION,TECH-001,UNRESOLVED_EXACT_EVIDENCE_OUTSIDE_BUSINESS_SCOPE,PENDING_TECHNICAL_EVIDENCE,NOT_SUBMITTED_TECHNICAL
7344,7332,0504011|0724003|0614002-1,"Futón de algodón, 140x200x14,5 cm, Verde",publish,762.00,628.00,628.00,NO,3,3,3,0504011 | 0614002-1 | 0724003,0504011=1 | 0614002-1=1 | 0724003=1,504011 | 724003,,2,1,BLOCKED_INCOMPLETE_COMPOSITION,QUARANTINED_NO_PROPAGATION,TECH-001,UNRESOLVED_EXACT_EVIDENCE_OUTSIDE_BUSINESS_SCOPE,PENDING_TECHNICAL_EVIDENCE,NOT_SUBMITTED_TECHNICAL
7345,7332,0504011|0730002|0619002-1,"Futón con dos capas de látex, 140x200x14,5 cm, Beige jaspeado",publish,992,830,830,NO,3,3,3,0504011 | 0619002-1 | 0730002,0504011=1 | 0619002-1=1 | 0730002=1,504011 | 730002,,2,1,BLOCKED_INCOMPLETE_COMPOSITION,QUARANTINED_NO_PROPAGATION,TECH-001,UNRESOLVED_EXACT_EVIDENCE_OUTSIDE_BUSINESS_SCOPE,PENDING_TECHNICAL_EVIDENCE,NOT_SUBMITTED_TECHNICAL
7346,7332,0504011|0730002|0617002-1,"Futón con dos capas de látex, 140x200x14,5 cm, Gris jaspeado",publish,992,830,830,NO,3,3,3,0504011 | 0617002-1 | 0730002,0504011=1 | 0617002-1=1 | 0730002=1,504011 | 730002,,2,1,BLOCKED_INCOMPLETE_COMPOSITION,QUARANTINED_NO_PROPAGATION,TECH-001,UNRESOLVED_EXACT_EVIDENCE_OUTSIDE_BUSINESS_SCOPE,PENDING_TECHNICAL_EVIDENCE,NOT_SUBMITTED_TECHNICAL
7347,7332,0504011|0728002-1,"Futón con una capa de látex, 140x200x14,5 cm, Sin funda",publish,755.00,642.00,642.00,NO,2,2,2,0504011 | 0728002-1,0504011=1 | 0728002-1=1,504011,,1,1,BLOCKED_INCOMPLETE_COMPOSITION,QUARANTINED_NO_PROPAGATION,TECH-001,UNRESOLVED_EXACT_EVIDENCE_OUTSIDE_BUSINESS_SCOPE,PENDING_TECHNICAL_EVIDENCE,NOT_SUBMITTED_TECHNICAL
7348,7332,0504011|0728002|0615002-1,"Futón con una capa de látex, 140x200x14,5 cm, Amarillo",publish,853.00,712.00,712.00,NO,3,3,3,0504011 | 0615002-1 | 0728002,0504011=1 | 0615002-1=1 | 0728002=1,504011 | 728002,,2,1,BLOCKED_INCOMPLETE_COMPOSITION,QUARANTINED_NO_PROPAGATION,TECH-001,UNRESOLVED_EXACT_EVIDENCE_OUTSIDE_BUSINESS_SCOPE,PENDING_TECHNICAL_EVIDENCE,NOT_SUBMITTED_TECHNICAL
7349,7332,0504011|0728002|0609002-1,"Futón con una capa de látex, 140x200x14,5 cm, Azul",publish,853.00,712.00,712.00,NO,3,3,3,0504011 | 0609002-1 | 0728002,0504011=1 | 0609002-1=1 | 0728002=1,504011 | 728002,,2,1,BLOCKED_INCOMPLETE_COMPOSITION,QUARANTINED_NO_PROPAGATION,TECH-001,UNRESOLVED_EXACT_EVIDENCE_OUTSIDE_BUSINESS_SCOPE,PENDING_TECHNICAL_EVIDENCE,NOT_SUBMITTED_TECHNICAL
7350,7332,0504011|0728002|0608002-1,"Futón con una capa de látex, 140x200x14,5 cm, Crudo",publish,853.00,712.00,712.00,NO,3,3,3,0504011 | 0608002-1 | 0728002,0504011=1 | 0608002-1=1 | 0728002=1,504011 | 728002,,2,1,BLOCKED_INCOMPLETE_COMPOSITION,QUARANTINED_NO_PROPAGATION,TECH-001,UNRESOLVED_EXACT_EVIDENCE_OUTSIDE_BUSINESS_SCOPE,PENDING_TECHNICAL_EVIDENCE,NOT_SUBMITTED_TECHNICAL
7351,7332,0504011|0728002|0606002-1,"Futón con una capa de látex, 140x200x14,5 cm, Granate",publish,853.00,712.00,712.00,NO,3,3,3,0504011 | 0606002-1 | 0728002,0504011=1 | 0606002-1=1 | 0728002=1,504011 | 728002,,2,1,BLOCKED_INCOMPLETE_COMPOSITION,QUARANTINED_NO_PROPAGATION,TECH-001,UNRESOLVED_EXACT_EVIDENCE_OUTSIDE_BUSINESS_SCOPE,PENDING_TECHNICAL_EVIDENCE,NOT_SUBMITTED_TECHNICAL
7352,7332,0504011|0728002|0616002-1,"Futón con una capa de látex, 140x200x14,5 cm, Negro",publish,853.00,712.00,712.00,NO,3,3,3,0504011 | 0616002-1 | 0728002,0504011=1 | 0616002-1=1 | 0728002=1,504011 | 728002,,2,1,BLOCKED_INCOMPLETE_COMPOSITION,QUARANTINED_NO_PROPAGATION,TECH-001,UNRESOLVED_EXACT_EVIDENCE_OUTSIDE_BUSINESS_SCOPE,PENDING_TECHNICAL_EVIDENCE,NOT_SUBMITTED_TECHNICAL
7353,7332,0504011|0728002|0607002-1,"Futón con una capa de látex, 140x200x14,5 cm, Rojo",publish,853.00,712.00,712.00,NO,3,3,3,0504011 | 0607002-1 | 0728002,0504011=1 | 0607002-1=1 | 0728002=1,504011 | 728002,,2,1,BLOCKED_INCOMPLETE_COMPOSITION,QUARANTINED_NO_PROPAGATION,TECH-001,UNRESOLVED_EXACT_EVIDENCE_OUTSIDE_BUSINESS_SCOPE,PENDING_TECHNICAL_EVIDENCE,NOT_SUBMITTED_TECHNICAL
7354,7332,0504011|0728002|0614002-1,"Futón con una capa de látex, 140x200x14,5 cm, Verde",publish,853.00,712.00,712.00,NO,3,3,3,0504011 | 0614002-1 | 0728002,0504011=1 | 0614002-1=1 | 0728002=1,504011 | 728002,,2,1,BLOCKED_INCOMPLETE_COMPOSITION,QUARANTINED_NO_PROPAGATION,TECH-001,UNRESOLVED_EXACT_EVIDENCE_OUTSIDE_BUSINESS_SCOPE,PENDING_TECHNICAL_EVIDENCE,NOT_SUBMITTED_TECHNICAL
7355,7332,0504011|0730002-1,"Futón con dos capas de látex, 140x200x14,5 cm, Sin funda",publish,894.00,760.40,760.40,NO,2,2,2,0504011 | 0730002-1,0504011=1 | 0730002-1=1,504011,,1,1,BLOCKED_INCOMPLETE_COMPOSITION,QUARANTINED_NO_PROPAGATION,TECH-001,UNRESOLVED_EXACT_EVIDENCE_OUTSIDE_BUSINESS_SCOPE,PENDING_TECHNICAL_EVIDENCE,NOT_SUBMITTED_TECHNICAL
7356,7332,0504011|0730002|0615002-1,"Futón con dos capas de látex, 140x200x14,5 cm, Amarillo",publish,992.00,830.00,830.00,NO,3,3,3,0504011 | 0615002-1 | 0730002,0504011=1 | 0615002-1=1 | 0730002=1,504011 | 730002,,2,1,BLOCKED_INCOMPLETE_COMPOSITION,QUARANTINED_NO_PROPAGATION,TECH-001,UNRESOLVED_EXACT_EVIDENCE_OUTSIDE_BUSINESS_SCOPE,PENDING_TECHNICAL_EVIDENCE,NOT_SUBMITTED_TECHNICAL
7357,7332,0504011|0730002|0609002-1,"Futón con dos capas de látex, 140x200x14,5 cm, Azul",publish,992.00,830.00,830.00,NO,3,3,3,0504011 | 0609002-1 | 0730002,0504011=1 | 0609002-1=1 | 0730002=1,504011 | 730002,,2,1,BLOCKED_INCOMPLETE_COMPOSITION,QUARANTINED_NO_PROPAGATION,TECH-001,UNRESOLVED_EXACT_EVIDENCE_OUTSIDE_BUSINESS_SCOPE,PENDING_TECHNICAL_EVIDENCE,NOT_SUBMITTED_TECHNICAL
7358,7332,0504011|0730002|0608002-1,"Futón con dos capas de látex, 140x200x14,5 cm, Crudo",publish,992.00,830.00,830.00,NO,3,3,3,0504011 | 0608002-1 | 0730002,0504011=1 | 0608002-1=1 | 0730002=1,504011 | 730002,,2,1,BLOCKED_INCOMPLETE_COMPOSITION,QUARANTINED_NO_PROPAGATION,TECH-001,UNRESOLVED_EXACT_EVIDENCE_OUTSIDE_BUSINESS_SCOPE,PENDING_TECHNICAL_EVIDENCE,NOT_SUBMITTED_TECHNICAL
7359,7332,0504011|0730002|0606002-1,"Futón con dos capas de látex, 140x200x14,5 cm, Granate",publish,992.00,830.00,830.00,NO,3,3,3,0504011 | 0606002-1 | 0730002,0504011=1 | 0606002-1=1 | 0730002=1,504011 | 730002,,2,1,BLOCKED_INCOMPLETE_COMPOSITION,QUARANTINED_NO_PROPAGATION,TECH-001,UNRESOLVED_EXACT_EVIDENCE_OUTSIDE_BUSINESS_SCOPE,PENDING_TECHNICAL_EVIDENCE,NOT_SUBMITTED_TECHNICAL
7360,7332,0504011|0730002|0616002-1,"Futón con dos capas de látex, 140x200x14,5 cm, Negro",publish,992.00,830.00,830.00,NO,3,3,3,0504011 | 0616002-1 | 0730002,0504011=1 | 0616002-1=1 | 0730002=1,504011 | 730002,,2,1,BLOCKED_INCOMPLETE_COMPOSITION,QUARANTINED_NO_PROPAGATION,TECH-001,UNRESOLVED_EXACT_EVIDENCE_OUTSIDE_BUSINESS_SCOPE,PENDING_TECHNICAL_EVIDENCE,NOT_SUBMITTED_TECHNICAL
7361,7332,0504011|1253003-1,"Futón de algodón de colores de dos plazas, 140x200x14,5 cm, Gris oscuro, Sin funda",publish,689.00,577.58,577.58,NO,2,2,2,0504011 | 1253003-1,0504011=1 | 1253003-1=1,504011,,1,1,BLOCKED_INCOMPLETE_COMPOSITION,QUARANTINED_NO_PROPAGATION,TECH-001,UNRESOLVED_EXACT_EVIDENCE_OUTSIDE_BUSINESS_SCOPE,PENDING_TECHNICAL_EVIDENCE,NOT_SUBMITTED_TECHNICAL
7362,7332,0504011|1253003|0615002-1,"Futón de algodón de colores de dos plazas, 140x200x14,5 cm, Gris oscuro, Amarillo",publish,745.19,647.99,647.99,NO,3,3,3,0504011 | 0615002-1 | 1253003,0504011=1 | 0615002-1=1 | 1253003=1,1253003 | 504011,,2,1,BLOCKED_INCOMPLETE_COMPOSITION,QUARANTINED_NO_PROPAGATION,TECH-001,UNRESOLVED_EXACT_EVIDENCE_OUTSIDE_BUSINESS_SCOPE,PENDING_TECHNICAL_EVIDENCE,NOT_SUBMITTED_TECHNICAL
7363,7332,0504011|1253003|0609002-1,"Futón de algodón de colores de dos plazas, 140x200x14,5 cm, Gris oscuro, Azul",publish,745.19,647.99,647.99,NO,3,3,3,0504011 | 0609002-1 | 1253003,0504011=1 | 0609002-1=1 | 1253003=1,1253003 | 504011,,2,1,BLOCKED_INCOMPLETE_COMPOSITION,QUARANTINED_NO_PROPAGATION,TECH-001,UNRESOLVED_EXACT_EVIDENCE_OUTSIDE_BUSINESS_SCOPE,PENDING_TECHNICAL_EVIDENCE,NOT_SUBMITTED_TECHNICAL
7364,7332,0504011|1253003|0608002-1,"Futón de algodón de colores de dos plazas, 140x200x14,5 cm, Gris oscuro, Crudo",publish,745.19,647.99,647.99,NO,3,3,3,0504011 | 0608002-1 | 1253003,0504011=1 | 0608002-1=1 | 1253003=1,1253003 | 504011,,2,1,BLOCKED_INCOMPLETE_COMPOSITION,QUARANTINED_NO_PROPAGATION,TECH-001,UNRESOLVED_EXACT_EVIDENCE_OUTSIDE_BUSINESS_SCOPE,PENDING_TECHNICAL_EVIDENCE,NOT_SUBMITTED_TECHNICAL
7365,7332,0504011|1253003|0606002-1,"Futón de algodón de colores de dos plazas, 140x200x14,5 cm, Gris oscuro, Granate",publish,745.19,647.99,647.99,NO,3,3,3,0504011 | 0606002-1 | 1253003,0504011=1 | 0606002-1=1 | 1253003=1,1253003 | 504011,,2,1,BLOCKED_INCOMPLETE_COMPOSITION,QUARANTINED_NO_PROPAGATION,TECH-001,UNRESOLVED_EXACT_EVIDENCE_OUTSIDE_BUSINESS_SCOPE,PENDING_TECHNICAL_EVIDENCE,NOT_SUBMITTED_TECHNICAL
7366,7332,0504011|1253003|0616002-1,"Futón de algodón de colores de dos plazas, 140x200x14,5 cm, Gris oscuro, Negro",publish,745.19,647.99,647.99,NO,3,3,3,0504011 | 0616002-1 | 1253003,0504011=1 | 0616002-1=1 | 1253003=1,1253003 | 504011,,2,1,BLOCKED_INCOMPLETE_COMPOSITION,QUARANTINED_NO_PROPAGATION,TECH-001,UNRESOLVED_EXACT_EVIDENCE_OUTSIDE_BUSINESS_SCOPE,PENDING_TECHNICAL_EVIDENCE,NOT_SUBMITTED_TECHNICAL
7367,7332,0504011|1253003|0607002-1,"Futón de algodón de colores de dos plazas, 140x200x14,5 cm, Gris oscuro, Rojo",publish,745.19,647.99,647.99,NO,3,3,3,0504011 | 0607002-1 | 1253003,0504011=1 | 0607002-1=1 | 1253003=1,1253003 | 504011,,2,1,BLOCKED_INCOMPLETE_COMPOSITION,QUARANTINED_NO_PROPAGATION,TECH-001,UNRESOLVED_EXACT_EVIDENCE_OUTSIDE_BUSINESS_SCOPE,PENDING_TECHNICAL_EVIDENCE,NOT_SUBMITTED_TECHNICAL
7368,7332,0504011|1253003|0614002-1,"Futón de algodón de colores de dos plazas, 140x200x14,5 cm, Gris oscuro, Verde",publish,745.19,647.99,647.99,NO,3,3,3,0504011 | 0614002-1 | 1253003,0504011=1 | 0614002-1=1 | 1253003=1,1253003 | 504011,,2,1,BLOCKED_INCOMPLETE_COMPOSITION,QUARANTINED_NO_PROPAGATION,TECH-001,UNRESOLVED_EXACT_EVIDENCE_OUTSIDE_BUSINESS_SCOPE,PENDING_TECHNICAL_EVIDENCE,NOT_SUBMITTED_TECHNICAL
7369,7332,0504011|1251006-1,"futon-de-algodon-de-colores-de-dos-plazas-140x200x14-cm-violeta, Sin funda",publish,689.00,577.58,577.58,NO,2,2,2,0504011 | 1251006-1,0504011=1 | 1251006-1=1,504011,,1,1,BLOCKED_INCOMPLETE_COMPOSITION,QUARANTINED_NO_PROPAGATION,TECH-001,UNRESOLVED_EXACT_EVIDENCE_OUTSIDE_BUSINESS_SCOPE,PENDING_TECHNICAL_EVIDENCE,NOT_SUBMITTED_TECHNICAL
7370,7332,0504011|1251006|0615002-1,"futon-de-algodon-de-colores-de-dos-plazas-140x200x14-cm-violeta, Amarillo",publish,782.00,647.58,647.58,NO,3,3,3,0504011 | 0615002-1 | 1251006,0504011=1 | 0615002-1=1 | 1251006=1,1251006 | 504011,,2,1,BLOCKED_INCOMPLETE_COMPOSITION,QUARANTINED_NO_PROPAGATION,TECH-001,UNRESOLVED_EXACT_EVIDENCE_OUTSIDE_BUSINESS_SCOPE,PENDING_TECHNICAL_EVIDENCE,NOT_SUBMITTED_TECHNICAL
7371,7332,0504011|1251006|0609002-1,"futon-de-algodon-de-colores-de-dos-plazas-140x200x14-cm-violeta, Azul",publish,782.00,647.58,647.58,NO,3,3,3,0504011 | 0609002-1 | 1251006,0504011=1 | 0609002-1=1 | 1251006=1,1251006 | 504011,,2,1,BLOCKED_INCOMPLETE_COMPOSITION,QUARANTINED_NO_PROPAGATION,TECH-001,UNRESOLVED_EXACT_EVIDENCE_OUTSIDE_BUSINESS_SCOPE,PENDING_TECHNICAL_EVIDENCE,NOT_SUBMITTED_TECHNICAL
7372,7332,0504011|1251006|0608002-1,"futon-de-algodon-de-colores-de-dos-plazas-140x200x14-cm-violeta, Crudo",publish,782.00,647.58,647.58,NO,3,3,3,0504011 | 0608002-1 | 1251006,0504011=1 | 0608002-1=1 | 1251006=1,1251006 | 504011,,2,1,BLOCKED_INCOMPLETE_COMPOSITION,QUARANTINED_NO_PROPAGATION,TECH-001,UNRESOLVED_EXACT_EVIDENCE_OUTSIDE_BUSINESS_SCOPE,PENDING_TECHNICAL_EVIDENCE,NOT_SUBMITTED_TECHNICAL
7373,7332,0504011|1251006|0606002-1,"futon-de-algodon-de-colores-de-dos-plazas-140x200x14-cm-violeta, Granate",publish,782.00,647.58,647.58,NO,3,3,3,0504011 | 0606002-1 | 1251006,0504011=1 | 0606002-1=1 | 1251006=1,1251006 | 504011,,2,1,BLOCKED_INCOMPLETE_COMPOSITION,QUARANTINED_NO_PROPAGATION,TECH-001,UNRESOLVED_EXACT_EVIDENCE_OUTSIDE_BUSINESS_SCOPE,PENDING_TECHNICAL_EVIDENCE,NOT_SUBMITTED_TECHNICAL
7374,7332,0504011|1251006|0616002-1,"futon-de-algodon-de-colores-de-dos-plazas-140x200x14-cm-violeta, Negro",publish,782.00,647.58,647.58,NO,3,3,3,0504011 | 0616002-1 | 1251006,0504011=1 | 0616002-1=1 | 1251006=1,1251006 | 504011,,2,1,BLOCKED_INCOMPLETE_COMPOSITION,QUARANTINED_NO_PROPAGATION,TECH-001,UNRESOLVED_EXACT_EVIDENCE_OUTSIDE_BUSINESS_SCOPE,PENDING_TECHNICAL_EVIDENCE,NOT_SUBMITTED_TECHNICAL
7375,7332,0504011|1251006|0607002-1,"futon-de-algodon-de-colores-de-dos-plazas-140x200x14-cm-violeta, Rojo",publish,782.00,647.58,647.58,NO,3,3,3,0504011 | 0607002-1 | 1251006,0504011=1 | 0607002-1=1 | 1251006=1,1251006 | 504011,,2,1,BLOCKED_INCOMPLETE_COMPOSITION,QUARANTINED_NO_PROPAGATION,TECH-001,UNRESOLVED_EXACT_EVIDENCE_OUTSIDE_BUSINESS_SCOPE,PENDING_TECHNICAL_EVIDENCE,NOT_SUBMITTED_TECHNICAL
7376,7332,0504011|1251006|0614002-1,"futon-de-algodon-de-colores-de-dos-plazas-140x200x14-cm-violeta, Verde",publish,782.00,647.58,647.58,NO,3,3,3,0504011 | 0614002-1 | 1251006,0504011=1 | 0614002-1=1 | 1251006=1,1251006 | 504011,,2,1,BLOCKED_INCOMPLETE_COMPOSITION,QUARANTINED_NO_PROPAGATION,TECH-001,UNRESOLVED_EXACT_EVIDENCE_OUTSIDE_BUSINESS_SCOPE,PENDING_TECHNICAL_EVIDENCE,NOT_SUBMITTED_TECHNICAL
7377,7332,0504011|1254005-1,"Futón de algodón de colores de dos plazas, 140x200x14,5 cm, Rojo, Sin funda",publish,689.00,577.58,577.58,NO,2,2,2,0504011 | 1254005-1,0504011=1 | 1254005-1=1,504011,,1,1,BLOCKED_INCOMPLETE_COMPOSITION,QUARANTINED_NO_PROPAGATION,TECH-001,UNRESOLVED_EXACT_EVIDENCE_OUTSIDE_BUSINESS_SCOPE,PENDING_TECHNICAL_EVIDENCE,NOT_SUBMITTED_TECHNICAL
7378,7332,0504011|1254005|0615002-1,"Futón de algodón de colores de dos plazas, 140x200x14,5 cm, Rojo, Amarillo",publish,782.00,647.58,647.58,NO,3,3,3,0504011 | 0615002-1 | 1254005,0504011=1 | 0615002-1=1 | 1254005=1,1254005 | 504011,,2,1,BLOCKED_INCOMPLETE_COMPOSITION,QUARANTINED_NO_PROPAGATION,TECH-001,UNRESOLVED_EXACT_EVIDENCE_OUTSIDE_BUSINESS_SCOPE,PENDING_TECHNICAL_EVIDENCE,NOT_SUBMITTED_TECHNICAL
7379,7332,0504011|1254005|0609002-1,"Futón de algodón de colores de dos plazas, 140x200x14,5 cm, Rojo, Azul",publish,782.00,647.58,647.58,NO,3,3,3,0504011 | 0609002-1 | 1254005,0504011=1 | 0609002-1=1 | 1254005=1,1254005 | 504011,,2,1,BLOCKED_INCOMPLETE_COMPOSITION,QUARANTINED_NO_PROPAGATION,TECH-001,UNRESOLVED_EXACT_EVIDENCE_OUTSIDE_BUSINESS_SCOPE,PENDING_TECHNICAL_EVIDENCE,NOT_SUBMITTED_TECHNICAL
7380,7332,0504011|1254005|0608002-1,"Futón de algodón de colores de dos plazas, 140x200x14,5 cm, Rojo, Crudo",publish,782.00,647.58,647.58,NO,3,3,3,0504011 | 0608002-1 | 1254005,0504011=1 | 0608002-1=1 | 1254005=1,1254005 | 504011,,2,1,BLOCKED_INCOMPLETE_COMPOSITION,QUARANTINED_NO_PROPAGATION,TECH-001,UNRESOLVED_EXACT_EVIDENCE_OUTSIDE_BUSINESS_SCOPE,PENDING_TECHNICAL_EVIDENCE,NOT_SUBMITTED_TECHNICAL
7381,7332,0504011|1254005|0606002-1,"Futón de algodón de colores de dos plazas, 140x200x14,5 cm, Rojo, Granate",publish,782.00,647.58,647.58,NO,3,3,3,0504011 | 0606002-1 | 1254005,0504011=1 | 0606002-1=1 | 1254005=1,1254005 | 504011,,2,1,BLOCKED_INCOMPLETE_COMPOSITION,QUARANTINED_NO_PROPAGATION,TECH-001,UNRESOLVED_EXACT_EVIDENCE_OUTSIDE_BUSINESS_SCOPE,PENDING_TECHNICAL_EVIDENCE,NOT_SUBMITTED_TECHNICAL
7382,7332,0504011|1254005|0616002-1,"Futón de algodón de colores de dos plazas, 140x200x14,5 cm, Rojo, Negro",publish,782.00,647.58,647.58,NO,3,3,3,0504011 | 0616002-1 | 1254005,0504011=1 | 0616002-1=1 | 1254005=1,1254005 | 504011,,2,1,BLOCKED_INCOMPLETE_COMPOSITION,QUARANTINED_NO_PROPAGATION,TECH-001,UNRESOLVED_EXACT_EVIDENCE_OUTSIDE_BUSINESS_SCOPE,PENDING_TECHNICAL_EVIDENCE,NOT_SUBMITTED_TECHNICAL
7383,7332,0504011|1254005|0607002-1,"Futón de algodón de colores de dos plazas, 140x200x14,5 cm, Rojo, Rojo",publish,782.00,647.58,647.58,NO,3,3,3,0504011 | 0607002-1 | 1254005,0504011=1 | 0607002-1=1 | 1254005=1,1254005 | 504011,,2,1,BLOCKED_INCOMPLETE_COMPOSITION,QUARANTINED_NO_PROPAGATION,TECH-001,UNRESOLVED_EXACT_EVIDENCE_OUTSIDE_BUSINESS_SCOPE,PENDING_TECHNICAL_EVIDENCE,NOT_SUBMITTED_TECHNICAL
7384,7332,0504011|1254005|0614002-1,"Futón de algodón de colores de dos plazas, 140x200x14,5 cm, Rojo, Verde",publish,782.00,647.58,647.58,NO,3,3,3,0504011 | 0614002-1 | 1254005,0504011=1 | 0614002-1=1 | 1254005=1,1254005 | 504011,,2,1,BLOCKED_INCOMPLETE_COMPOSITION,QUARANTINED_NO_PROPAGATION,TECH-001,UNRESOLVED_EXACT_EVIDENCE_OUTSIDE_BUSINESS_SCOPE,PENDING_TECHNICAL_EVIDENCE,NOT_SUBMITTED_TECHNICAL
7385,7332,0504011|1252005-1,"futon-de-algodon-de-colores-de-dos-plazas-140x200x14-cm-verde, Sin funda",publish,689.00,577.58,577.58,NO,2,2,2,0504011 | 1252005-1,0504011=1 | 1252005-1=1,504011,,1,1,BLOCKED_INCOMPLETE_COMPOSITION,QUARANTINED_NO_PROPAGATION,TECH-001,UNRESOLVED_EXACT_EVIDENCE_OUTSIDE_BUSINESS_SCOPE,PENDING_TECHNICAL_EVIDENCE,NOT_SUBMITTED_TECHNICAL
7386,7332,0504011|1252005|0615002-1,"futon-de-algodon-de-colores-de-dos-plazas-140x200x14-cm-verde, Amarillo",publish,782.00,647.58,647.58,NO,3,3,3,0504011 | 0615002-1 | 1252005,0504011=1 | 0615002-1=1 | 1252005=1,1252005 | 504011,,2,1,BLOCKED_INCOMPLETE_COMPOSITION,QUARANTINED_NO_PROPAGATION,TECH-001,UNRESOLVED_EXACT_EVIDENCE_OUTSIDE_BUSINESS_SCOPE,PENDING_TECHNICAL_EVIDENCE,NOT_SUBMITTED_TECHNICAL
7387,7332,0504011|1252005|0609002-1,"futon-de-algodon-de-colores-de-dos-plazas-140x200x14-cm-verde, Azul",publish,782.00,647.58,647.58,NO,3,3,3,0504011 | 0609002-1 | 1252005,0504011=1 | 0609002-1=1 | 1252005=1,1252005 | 504011,,2,1,BLOCKED_INCOMPLETE_COMPOSITION,QUARANTINED_NO_PROPAGATION,TECH-001,UNRESOLVED_EXACT_EVIDENCE_OUTSIDE_BUSINESS_SCOPE,PENDING_TECHNICAL_EVIDENCE,NOT_SUBMITTED_TECHNICAL
7388,7332,0504011|1252005|0608002-1,"futon-de-algodon-de-colores-de-dos-plazas-140x200x14-cm-verde, Crudo",publish,782.00,647.58,647.58,NO,3,3,3,0504011 | 0608002-1 | 1252005,0504011=1 | 0608002-1=1 | 1252005=1,1252005 | 504011,,2,1,BLOCKED_INCOMPLETE_COMPOSITION,QUARANTINED_NO_PROPAGATION,TECH-001,UNRESOLVED_EXACT_EVIDENCE_OUTSIDE_BUSINESS_SCOPE,PENDING_TECHNICAL_EVIDENCE,NOT_SUBMITTED_TECHNICAL
7389,7332,0504011|1252005|0606002-1,"futon-de-algodon-de-colores-de-dos-plazas-140x200x14-cm-verde, Granate",publish,782.00,647.58,647.58,NO,3,3,3,0504011 | 0606002-1 | 1252005,0504011=1 | 0606002-1=1 | 1252005=1,1252005 | 504011,,2,1,BLOCKED_INCOMPLETE_COMPOSITION,QUARANTINED_NO_PROPAGATION,TECH-001,UNRESOLVED_EXACT_EVIDENCE_OUTSIDE_BUSINESS_SCOPE,PENDING_TECHNICAL_EVIDENCE,NOT_SUBMITTED_TECHNICAL
7390,7332,0504011|1252005|0616002-1,"futon-de-algodon-de-colores-de-dos-plazas-140x200x14-cm-verde, Negro",publish,782.00,647.58,647.58,NO,3,3,3,0504011 | 0616002-1 | 1252005,0504011=1 | 0616002-1=1 | 1252005=1,1252005 | 504011,,2,1,BLOCKED_INCOMPLETE_COMPOSITION,QUARANTINED_NO_PROPAGATION,TECH-001,UNRESOLVED_EXACT_EVIDENCE_OUTSIDE_BUSINESS_SCOPE,PENDING_TECHNICAL_EVIDENCE,NOT_SUBMITTED_TECHNICAL
7391,7332,0504011|1252005|0607002-1,"futon-de-algodon-de-colores-de-dos-plazas-140x200x14-cm-verde, Rojo",publish,782.00,647.58,647.58,NO,3,3,3,0504011 | 0607002-1 | 1252005,0504011=1 | 0607002-1=1 | 1252005=1,1252005 | 504011,,2,1,BLOCKED_INCOMPLETE_COMPOSITION,QUARANTINED_NO_PROPAGATION,TECH-001,UNRESOLVED_EXACT_EVIDENCE_OUTSIDE_BUSINESS_SCOPE,PENDING_TECHNICAL_EVIDENCE,NOT_SUBMITTED_TECHNICAL
7392,7332,0504011|1252005|0614002-1,"futon-de-algodon-de-colores-de-dos-plazas-140x200x14-cm-verde, Verde",publish,782.00,647.58,647.58,NO,3,3,3,0504011 | 0614002-1 | 1252005,0504011=1 | 0614002-1=1 | 1252005=1,1252005 | 504011,,2,1,BLOCKED_INCOMPLETE_COMPOSITION,QUARANTINED_NO_PROPAGATION,TECH-001,UNRESOLVED_EXACT_EVIDENCE_OUTSIDE_BUSINESS_SCOPE,PENDING_TECHNICAL_EVIDENCE,NOT_SUBMITTED_TECHNICAL
9455,3647,0504012|0724003|01619002,"Futón de algodón, 140x200x14,5 cm, Beige jaspeado",publish,899,787.90,787.90,NO,3,3,3,01619002 | 0504012 | 0724003,01619002=1 | 0504012=1 | 0724003=1,504012 | 724003,,2,1,BLOCKED_INCOMPLETE_COMPOSITION,QUARANTINED_NO_PROPAGATION,UD-002,PENDING_BUSINESS_REVIEW_MALFORMED_SKU,PENDING_BUSINESS_REVIEW,PENDING
11478,11468,0727007A|0607007A,"13 cm, 4 cm, 80x200x13 cm, Crudo",publish,334,230,230,NO,2,2,2,0607007A | 0727007A,0607007A=1 | 0727007A=1,,11638,1,1,BLOCKED_INCOMPLETE_COMPOSITION,QUARANTINED_NO_PROPAGATION,TECH-001,UNRESOLVED_EXACT_EVIDENCE_OUTSIDE_BUSINESS_SCOPE,PENDING_TECHNICAL_EVIDENCE,NOT_SUBMITTED_TECHNICAL
11656,11655,1245001A|0609007B,Rojo,publish,248,169,169,NO,2,2,2,0609007B | 1245001A,0609007B=1 | 1245001A=1,,10035,1,1,BLOCKED_INCOMPLETE_COMPOSITION,QUARANTINED_NO_PROPAGATION,TECH-001,UNRESOLVED_EXACT_EVIDENCE_OUTSIDE_BUSINESS_SCOPE,PENDING_TECHNICAL_EVIDENCE,NOT_SUBMITTED_TECHNICAL
11658,11657,1244001A|0607007A,Negro,publish,248,169,169,NO,2,2,2,0607007A | 1244001A,0607007A=1 | 1244001A=1,,11638,1,1,BLOCKED_INCOMPLETE_COMPOSITION,QUARANTINED_NO_PROPAGATION,TECH-001,UNRESOLVED_EXACT_EVIDENCE_OUTSIDE_BUSINESS_SCOPE,PENDING_TECHNICAL_EVIDENCE,NOT_SUBMITTED_TECHNICAL
11717,11716,0201001|0201001|1249001|1249001-1,"Crudo, Crudo, Sin funda, Sin funda",publish,625,499.99,499.99,NO,3,3,3,0201001 | 1249001 | 1249001-1,0201001=2 | 1249001-1=1 | 1249001=1,1249001 | 201001,,2,1,BLOCKED_INCOMPLETE_COMPOSITION,QUARANTINED_NO_PROPAGATION,TECH-001,UNRESOLVED_EXACT_EVIDENCE_OUTSIDE_BUSINESS_SCOPE,PENDING_TECHNICAL_EVIDENCE,NOT_SUBMITTED_TECHNICAL
11718,11716,0201001|0201001|1245001|1245001-1,"Rojo, Rojo, Sin funda, Sin funda",publish,625,499.99,499.99,NO,3,3,3,0201001 | 1245001 | 1245001-1,0201001=2 | 1245001-1=1 | 1245001=1,1245001 | 201001,,2,1,BLOCKED_INCOMPLETE_COMPOSITION,QUARANTINED_NO_PROPAGATION,TECH-001,UNRESOLVED_EXACT_EVIDENCE_OUTSIDE_BUSINESS_SCOPE,PENDING_TECHNICAL_EVIDENCE,NOT_SUBMITTED_TECHNICAL
11719,11716,0201001|0201001|1249001|1244001-1,"Crudo, Negro, Sin funda, Sin funda",publish,625,499.99,499.99,NO,3,3,3,0201001 | 1244001-1 | 1249001,0201001=2 | 1244001-1=1 | 1249001=1,1249001 | 201001,,2,1,BLOCKED_INCOMPLETE_COMPOSITION,QUARANTINED_NO_PROPAGATION,TECH-001,UNRESOLVED_EXACT_EVIDENCE_OUTSIDE_BUSINESS_SCOPE,PENDING_TECHNICAL_EVIDENCE,NOT_SUBMITTED_TECHNICAL
11720,11716,0201001|0201001|1249001|1245001-1,"Crudo, Rojo, Sin funda, Sin funda",publish,625,499.99,499.99,NO,3,3,3,0201001 | 1245001-1 | 1249001,0201001=2 | 1245001-1=1 | 1249001=1,1249001 | 201001,,2,1,BLOCKED_INCOMPLETE_COMPOSITION,QUARANTINED_NO_PROPAGATION,TECH-001,UNRESOLVED_EXACT_EVIDENCE_OUTSIDE_BUSINESS_SCOPE,PENDING_TECHNICAL_EVIDENCE,NOT_SUBMITTED_TECHNICAL
11721,11716,0201001|0201001|1249001|1249001|0615011|0615011-1,"Crudo, Crudo, Amarillo, Amarillo",publish,711.15,578.17,578.17,NO,4,4,4,0201001 | 0615011 | 0615011-1 | 1249001,0201001=2 | 0615011-1=1 | 0615011=1 | 1249001=2,1249001 | 201001,,2,2,BLOCKED_INCOMPLETE_COMPOSITION,QUARANTINED_NO_PROPAGATION,UD-001,PENDING_BUSINESS_REVIEW_PLACEHOLDER_011,PENDING_BUSINESS_REVIEW,PENDING
11722,11716,0201001|0201001|1249001|1249001|0609011|0609011-1,"Crudo, Crudo, Azul, Azul",publish,711.15,578.17,578.17,NO,4,4,4,0201001 | 0609011 | 0609011-1 | 1249001,0201001=2 | 0609011-1=1 | 0609011=1 | 1249001=2,1249001 | 201001,,2,2,BLOCKED_INCOMPLETE_COMPOSITION,QUARANTINED_NO_PROPAGATION,UD-001,PENDING_BUSINESS_REVIEW_PLACEHOLDER_011,PENDING_BUSINESS_REVIEW,PENDING
11723,11716,0201001|0201001|1244001|1249001-1,"Negro, Crudo, Sin funda, Sin funda",publish,625,499.99,499.99,NO,3,3,3,0201001 | 1244001 | 1249001-1,0201001=2 | 1244001=1 | 1249001-1=1,1244001 | 201001,,2,1,BLOCKED_INCOMPLETE_COMPOSITION,QUARANTINED_NO_PROPAGATION,TECH-001,UNRESOLVED_EXACT_EVIDENCE_OUTSIDE_BUSINESS_SCOPE,PENDING_TECHNICAL_EVIDENCE,NOT_SUBMITTED_TECHNICAL
11724,11716,0201001|0201001|1249001|1249001|0608011|0608011-1,"Crudo, Crudo, Crudo, Crudo",publish,711.15,578.17,578.17,NO,4,4,4,0201001 | 0608011 | 0608011-1 | 1249001,0201001=2 | 0608011-1=1 | 0608011=1 | 1249001=2,1249001 | 201001,,2,2,BLOCKED_INCOMPLETE_COMPOSITION,QUARANTINED_NO_PROPAGATION,UD-001,PENDING_BUSINESS_REVIEW_PLACEHOLDER_011,PENDING_BUSINESS_REVIEW,PENDING
11725,11716,0201001|0201001|1249001|1249001|0606011|0606011-1,"Crudo, Crudo, Granate, Granate",publish,711.15,578.17,578.17,NO,4,4,4,0201001 | 0606011 | 0606011-1 | 1249001,0201001=2 | 0606011-1=1 | 0606011=1 | 1249001=2,1249001 | 201001,,2,2,BLOCKED_INCOMPLETE_COMPOSITION,QUARANTINED_NO_PROPAGATION,UD-001,PENDING_BUSINESS_REVIEW_PLACEHOLDER_011,PENDING_BUSINESS_REVIEW,PENDING
11726,11716,0201001|0201001|1244001|1245001-1,"Negro, Rojo, Sin funda, Sin funda",publish,625,499.99,499.99,NO,3,3,3,0201001 | 1244001 | 1245001-1,0201001=2 | 1244001=1 | 1245001-1=1,1244001 | 201001,,2,1,BLOCKED_INCOMPLETE_COMPOSITION,QUARANTINED_NO_PROPAGATION,TECH-001,UNRESOLVED_EXACT_EVIDENCE_OUTSIDE_BUSINESS_SCOPE,PENDING_TECHNICAL_EVIDENCE,NOT_SUBMITTED_TECHNICAL
11727,11716,0201001|0201001|1249001|1249001|0616011|0616011-1,"Crudo, Crudo, Negro, Negro",publish,711.15,578.17,578.17,NO,4,4,4,0201001 | 0616011 | 0616011-1 | 1249001,0201001=2 | 0616011-1=1 | 0616011=1 | 1249001=2,1249001 | 201001,,2,2,BLOCKED_INCOMPLETE_COMPOSITION,QUARANTINED_NO_PROPAGATION,UD-001,PENDING_BUSINESS_REVIEW_PLACEHOLDER_011,PENDING_BUSINESS_REVIEW,PENDING
11728,11716,0201001|0201001|1249001|1249001|0607011|0607011-1,"Crudo, Crudo, Rojo, Rojo",publish,711.15,578.17,578.17,NO,4,4,4,0201001 | 0607011 | 0607011-1 | 1249001,0201001=2 | 0607011-1=1 | 0607011=1 | 1249001=2,1249001 | 201001,,2,2,BLOCKED_INCOMPLETE_COMPOSITION,QUARANTINED_NO_PROPAGATION,UD-001,PENDING_BUSINESS_REVIEW_PLACEHOLDER_011,PENDING_BUSINESS_REVIEW,PENDING
11729,11716,0201001|0201001|1245001|1249001-1,"Rojo, Crudo, Sin funda, Sin funda",publish,625,499.99,499.99,NO,3,3,3,0201001 | 1245001 | 1249001-1,0201001=2 | 1245001=1 | 1249001-1=1,1245001 | 201001,,2,1,BLOCKED_INCOMPLETE_COMPOSITION,QUARANTINED_NO_PROPAGATION,TECH-001,UNRESOLVED_EXACT_EVIDENCE_OUTSIDE_BUSINESS_SCOPE,PENDING_TECHNICAL_EVIDENCE,NOT_SUBMITTED_TECHNICAL
11730,11716,0201001|0201001|1249001|1249001|0615011|0609011-1,"Crudo, Crudo, Amarillo, Azul",publish,711.15,578.17,578.17,NO,4,4,4,0201001 | 0609011-1 | 0615011 | 1249001,0201001=2 | 0609011-1=1 | 0615011=1 | 1249001=2,1249001 | 201001,,2,2,BLOCKED_INCOMPLETE_COMPOSITION,QUARANTINED_NO_PROPAGATION,UD-001,PENDING_BUSINESS_REVIEW_PLACEHOLDER_011,PENDING_BUSINESS_REVIEW,PENDING
11731,11716,0201001|0201001|1245001|1244001-1,"Rojo, Negro, Sin funda, Sin funda",publish,625,499.99,499.99,NO,3,3,3,0201001 | 1244001-1 | 1245001,0201001=2 | 1244001-1=1 | 1245001=1,1245001 | 201001,,2,1,BLOCKED_INCOMPLETE_COMPOSITION,QUARANTINED_NO_PROPAGATION,TECH-001,UNRESOLVED_EXACT_EVIDENCE_OUTSIDE_BUSINESS_SCOPE,PENDING_TECHNICAL_EVIDENCE,NOT_SUBMITTED_TECHNICAL
11732,11716,0201001|0201001|1249001|1249001|0615011|0608011-1,"Crudo, Crudo, Amarillo, Crudo",publish,711.15,578.17,578.17,NO,4,4,4,0201001 | 0608011-1 | 0615011 | 1249001,0201001=2 | 0608011-1=1 | 0615011=1 | 1249001=2,1249001 | 201001,,2,2,BLOCKED_INCOMPLETE_COMPOSITION,QUARANTINED_NO_PROPAGATION,UD-001,PENDING_BUSINESS_REVIEW_PLACEHOLDER_011,PENDING_BUSINESS_REVIEW,PENDING
11733,11716,0201001|0201001|1249001|1249001|0615011|0606011-1,"Crudo, Crudo, Amarillo, Granate",publish,711.15,578.17,578.17,NO,4,4,4,0201001 | 0606011-1 | 0615011 | 1249001,0201001=2 | 0606011-1=1 | 0615011=1 | 1249001=2,1249001 | 201001,,2,2,BLOCKED_INCOMPLETE_COMPOSITION,QUARANTINED_NO_PROPAGATION,UD-001,PENDING_BUSINESS_REVIEW_PLACEHOLDER_011,PENDING_BUSINESS_REVIEW,PENDING
11734,11716,0201001|0201001|1249001|1249001|0615011|0616011-1,"Crudo, Crudo, Amarillo, Negro",publish,711.15,578.17,578.17,NO,4,4,4,0201001 | 0615011 | 0616011-1 | 1249001,0201001=2 | 0615011=1 | 0616011-1=1 | 1249001=2,1249001 | 201001,,2,2,BLOCKED_INCOMPLETE_COMPOSITION,QUARANTINED_NO_PROPAGATION,UD-001,PENDING_BUSINESS_REVIEW_PLACEHOLDER_011,PENDING_BUSINESS_REVIEW,PENDING
11735,11716,0201001|0201001|1249001|1249001|0615011|0607011-1,"Crudo, Crudo, Amarillo, Rojo",publish,711.15,578.17,578.17,NO,4,4,4,0201001 | 0607011-1 | 0615011 | 1249001,0201001=2 | 0607011-1=1 | 0615011=1 | 1249001=2,1249001 | 201001,,2,2,BLOCKED_INCOMPLETE_COMPOSITION,QUARANTINED_NO_PROPAGATION,UD-001,PENDING_BUSINESS_REVIEW_PLACEHOLDER_011,PENDING_BUSINESS_REVIEW,PENDING
11736,11716,0201001|0201001|1249001|1249001|0609011|0615011-1,"Crudo, Crudo, Azul, Amarillo",publish,711.15,578.17,578.17,NO,4,4,4,0201001 | 0609011 | 0615011-1 | 1249001,0201001=2 | 0609011=1 | 0615011-1=1 | 1249001=2,1249001 | 201001,,2,2,BLOCKED_INCOMPLETE_COMPOSITION,QUARANTINED_NO_PROPAGATION,UD-001,PENDING_BUSINESS_REVIEW_PLACEHOLDER_011,PENDING_BUSINESS_REVIEW,PENDING
11737,11716,0201001|0201001|1249001|1249001|0609011|0608011-1,"Crudo, Crudo, Azul, Crudo",publish,711.15,578.17,578.17,NO,4,4,4,0201001 | 0608011-1 | 0609011 | 1249001,0201001=2 | 0608011-1=1 | 0609011=1 | 1249001=2,1249001 | 201001,,2,2,BLOCKED_INCOMPLETE_COMPOSITION,QUARANTINED_NO_PROPAGATION,UD-001,PENDING_BUSINESS_REVIEW_PLACEHOLDER_011,PENDING_BUSINESS_REVIEW,PENDING
11738,11716,0201001|0201001|1249001|1249001|0609011|0606011-1,"Crudo, Crudo, Azul, Granate",publish,711.15,578.17,578.17,NO,4,4,4,0201001 | 0606011-1 | 0609011 | 1249001,0201001=2 | 0606011-1=1 | 0609011=1 | 1249001=2,1249001 | 201001,,2,2,BLOCKED_INCOMPLETE_COMPOSITION,QUARANTINED_NO_PROPAGATION,UD-001,PENDING_BUSINESS_REVIEW_PLACEHOLDER_011,PENDING_BUSINESS_REVIEW,PENDING
11739,11716,0201001|0201001|1249001|1249001|0609011|0616011-1,"Crudo, Crudo, Azul, Negro",publish,711.15,578.17,578.17,NO,4,4,4,0201001 | 0609011 | 0616011-1 | 1249001,0201001=2 | 0609011=1 | 0616011-1=1 | 1249001=2,1249001 | 201001,,2,2,BLOCKED_INCOMPLETE_COMPOSITION,QUARANTINED_NO_PROPAGATION,UD-001,PENDING_BUSINESS_REVIEW_PLACEHOLDER_011,PENDING_BUSINESS_REVIEW,PENDING
11740,11716,0201001|0201001|1249001|1249001|0609011|0607011-1,"Crudo, Crudo, Azul, Rojo",publish,711.15,578.17,578.17,NO,4,4,4,0201001 | 0607011-1 | 0609011 | 1249001,0201001=2 | 0607011-1=1 | 0609011=1 | 1249001=2,1249001 | 201001,,2,2,BLOCKED_INCOMPLETE_COMPOSITION,QUARANTINED_NO_PROPAGATION,UD-001,PENDING_BUSINESS_REVIEW_PLACEHOLDER_011,PENDING_BUSINESS_REVIEW,PENDING
11741,11716,0201001|0201001|1249001|1249001|0608011|0615011-1,"Crudo, Crudo, Crudo, Amarillo",publish,711.15,578.17,578.17,NO,4,4,4,0201001 | 0608011 | 0615011-1 | 1249001,0201001=2 | 0608011=1 | 0615011-1=1 | 1249001=2,1249001 | 201001,,2,2,BLOCKED_INCOMPLETE_COMPOSITION,QUARANTINED_NO_PROPAGATION,UD-001,PENDING_BUSINESS_REVIEW_PLACEHOLDER_011,PENDING_BUSINESS_REVIEW,PENDING
11742,11716,0201001|0201001|1249001|1249001|0608011|0609011-1,"Crudo, Crudo, Crudo, Azul",publish,711.15,578.17,578.17,NO,4,4,4,0201001 | 0608011 | 0609011-1 | 1249001,0201001=2 | 0608011=1 | 0609011-1=1 | 1249001=2,1249001 | 201001,,2,2,BLOCKED_INCOMPLETE_COMPOSITION,QUARANTINED_NO_PROPAGATION,UD-001,PENDING_BUSINESS_REVIEW_PLACEHOLDER_011,PENDING_BUSINESS_REVIEW,PENDING
11743,11716,0201001|0201001|1249001|1249001|0608011|0606011-1,"Crudo, Crudo, Crudo, Granate",publish,711.15,578.17,578.17,NO,4,4,4,0201001 | 0606011-1 | 0608011 | 1249001,0201001=2 | 0606011-1=1 | 0608011=1 | 1249001=2,1249001 | 201001,,2,2,BLOCKED_INCOMPLETE_COMPOSITION,QUARANTINED_NO_PROPAGATION,UD-001,PENDING_BUSINESS_REVIEW_PLACEHOLDER_011,PENDING_BUSINESS_REVIEW,PENDING
11744,11716,0201001|0201001|1249001|1249001|0608011|0616011-1,"Crudo, Crudo, Crudo, Negro",publish,711.15,578.17,578.17,NO,4,4,4,0201001 | 0608011 | 0616011-1 | 1249001,0201001=2 | 0608011=1 | 0616011-1=1 | 1249001=2,1249001 | 201001,,2,2,BLOCKED_INCOMPLETE_COMPOSITION,QUARANTINED_NO_PROPAGATION,UD-001,PENDING_BUSINESS_REVIEW_PLACEHOLDER_011,PENDING_BUSINESS_REVIEW,PENDING
11745,11716,0201001|0201001|1249001|1249001|0608011|0607011-1,"Crudo, Crudo, Crudo, Rojo",publish,711.15,578.17,578.17,NO,4,4,4,0201001 | 0607011-1 | 0608011 | 1249001,0201001=2 | 0607011-1=1 | 0608011=1 | 1249001=2,1249001 | 201001,,2,2,BLOCKED_INCOMPLETE_COMPOSITION,QUARANTINED_NO_PROPAGATION,UD-001,PENDING_BUSINESS_REVIEW_PLACEHOLDER_011,PENDING_BUSINESS_REVIEW,PENDING
11746,11716,0201001|0201001|1249001|1249001|0606011|0615011-1,"Crudo, Crudo, Granate, Amarillo",publish,711.15,578.17,578.17,NO,4,4,4,0201001 | 0606011 | 0615011-1 | 1249001,0201001=2 | 0606011=1 | 0615011-1=1 | 1249001=2,1249001 | 201001,,2,2,BLOCKED_INCOMPLETE_COMPOSITION,QUARANTINED_NO_PROPAGATION,UD-001,PENDING_BUSINESS_REVIEW_PLACEHOLDER_011,PENDING_BUSINESS_REVIEW,PENDING
11747,11716,0201001|0201001|1249001|1249001|0606011|0609011-1,"Crudo, Crudo, Granate, Azul",publish,711.15,578.17,578.17,NO,4,4,4,0201001 | 0606011 | 0609011-1 | 1249001,0201001=2 | 0606011=1 | 0609011-1=1 | 1249001=2,1249001 | 201001,,2,2,BLOCKED_INCOMPLETE_COMPOSITION,QUARANTINED_NO_PROPAGATION,UD-001,PENDING_BUSINESS_REVIEW_PLACEHOLDER_011,PENDING_BUSINESS_REVIEW,PENDING
11748,11716,0201001|0201001|1249001|1249001|0606011|0608011-1,"Crudo, Crudo, Granate, Crudo",publish,711.15,578.17,578.17,NO,4,4,4,0201001 | 0606011 | 0608011-1 | 1249001,0201001=2 | 0606011=1 | 0608011-1=1 | 1249001=2,1249001 | 201001,,2,2,BLOCKED_INCOMPLETE_COMPOSITION,QUARANTINED_NO_PROPAGATION,UD-001,PENDING_BUSINESS_REVIEW_PLACEHOLDER_011,PENDING_BUSINESS_REVIEW,PENDING
11749,11716,0201001|0201001|1249001|1249001|0606011|0616011-1,"Crudo, Crudo, Granate, Negro",publish,711.15,578.17,578.17,NO,4,4,4,0201001 | 0606011 | 0616011-1 | 1249001,0201001=2 | 0606011=1 | 0616011-1=1 | 1249001=2,1249001 | 201001,,2,2,BLOCKED_INCOMPLETE_COMPOSITION,QUARANTINED_NO_PROPAGATION,UD-001,PENDING_BUSINESS_REVIEW_PLACEHOLDER_011,PENDING_BUSINESS_REVIEW,PENDING
11750,11716,0201001|0201001|1249001|1249001|0606011|0607011-1,"Crudo, Crudo, Granate, Rojo",publish,711.15,578.17,578.17,NO,4,4,4,0201001 | 0606011 | 0607011-1 | 1249001,0201001=2 | 0606011=1 | 0607011-1=1 | 1249001=2,1249001 | 201001,,2,2,BLOCKED_INCOMPLETE_COMPOSITION,QUARANTINED_NO_PROPAGATION,UD-001,PENDING_BUSINESS_REVIEW_PLACEHOLDER_011,PENDING_BUSINESS_REVIEW,PENDING
11751,11716,0201001|0201001|1249001|1249001|0616011|0615011-1,"Crudo, Crudo, Negro, Amarillo",publish,711.15,578.17,578.17,NO,4,4,4,0201001 | 0615011-1 | 0616011 | 1249001,0201001=2 | 0615011-1=1 | 0616011=1 | 1249001=2,1249001 | 201001,,2,2,BLOCKED_INCOMPLETE_COMPOSITION,QUARANTINED_NO_PROPAGATION,UD-001,PENDING_BUSINESS_REVIEW_PLACEHOLDER_011,PENDING_BUSINESS_REVIEW,PENDING
11752,11716,0201001|0201001|1249001|1249001|0616011|0609011-1,"Crudo, Crudo, Negro, Azul",publish,711.15,578.17,578.17,NO,4,4,4,0201001 | 0609011-1 | 0616011 | 1249001,0201001=2 | 0609011-1=1 | 0616011=1 | 1249001=2,1249001 | 201001,,2,2,BLOCKED_INCOMPLETE_COMPOSITION,QUARANTINED_NO_PROPAGATION,UD-001,PENDING_BUSINESS_REVIEW_PLACEHOLDER_011,PENDING_BUSINESS_REVIEW,PENDING
11753,11716,0201001|0201001|1249001|1249001|0616011|0608011-1,"Crudo, Crudo, Negro, Crudo",publish,711.15,578.17,578.17,NO,4,4,4,0201001 | 0608011-1 | 0616011 | 1249001,0201001=2 | 0608011-1=1 | 0616011=1 | 1249001=2,1249001 | 201001,,2,2,BLOCKED_INCOMPLETE_COMPOSITION,QUARANTINED_NO_PROPAGATION,UD-001,PENDING_BUSINESS_REVIEW_PLACEHOLDER_011,PENDING_BUSINESS_REVIEW,PENDING
11754,11716,0201001|0201001|1249001|1249001|0616011|0606011-1,"Crudo, Crudo, Negro, Granate",publish,711.15,578.17,578.17,NO,4,4,4,0201001 | 0606011-1 | 0616011 | 1249001,0201001=2 | 0606011-1=1 | 0616011=1 | 1249001=2,1249001 | 201001,,2,2,BLOCKED_INCOMPLETE_COMPOSITION,QUARANTINED_NO_PROPAGATION,UD-001,PENDING_BUSINESS_REVIEW_PLACEHOLDER_011,PENDING_BUSINESS_REVIEW,PENDING
11755,11716,0201001|0201001|1249001|1249001|0616011|0607011-1,"Crudo, Crudo, Negro, Rojo",publish,711.15,578.17,578.17,NO,4,4,4,0201001 | 0607011-1 | 0616011 | 1249001,0201001=2 | 0607011-1=1 | 0616011=1 | 1249001=2,1249001 | 201001,,2,2,BLOCKED_INCOMPLETE_COMPOSITION,QUARANTINED_NO_PROPAGATION,UD-001,PENDING_BUSINESS_REVIEW_PLACEHOLDER_011,PENDING_BUSINESS_REVIEW,PENDING
11756,11716,0201001|0201001|1249001|1249001|0607011|0615011-1,"Crudo, Crudo, Rojo, Amarillo",publish,711.15,578.17,578.17,NO,4,4,4,0201001 | 0607011 | 0615011-1 | 1249001,0201001=2 | 0607011=1 | 0615011-1=1 | 1249001=2,1249001 | 201001,,2,2,BLOCKED_INCOMPLETE_COMPOSITION,QUARANTINED_NO_PROPAGATION,UD-001,PENDING_BUSINESS_REVIEW_PLACEHOLDER_011,PENDING_BUSINESS_REVIEW,PENDING
11757,11716,0201001|0201001|1249001|1249001|0607011|0609011-1,"Crudo, Crudo, Rojo, Azul",publish,711.15,578.17,578.17,NO,4,4,4,0201001 | 0607011 | 0609011-1 | 1249001,0201001=2 | 0607011=1 | 0609011-1=1 | 1249001=2,1249001 | 201001,,2,2,BLOCKED_INCOMPLETE_COMPOSITION,QUARANTINED_NO_PROPAGATION,UD-001,PENDING_BUSINESS_REVIEW_PLACEHOLDER_011,PENDING_BUSINESS_REVIEW,PENDING
11758,11716,0201001|0201001|1249001|1249001|0607011|0608011-1,"Crudo, Crudo, Rojo, Crudo",publish,711.15,578.17,578.17,NO,4,4,4,0201001 | 0607011 | 0608011-1 | 1249001,0201001=2 | 0607011=1 | 0608011-1=1 | 1249001=2,1249001 | 201001,,2,2,BLOCKED_INCOMPLETE_COMPOSITION,QUARANTINED_NO_PROPAGATION,UD-001,PENDING_BUSINESS_REVIEW_PLACEHOLDER_011,PENDING_BUSINESS_REVIEW,PENDING
11759,11716,0201001|0201001|1249001|1249001|0607011|0606011-1,"Crudo, Crudo, Rojo, Granate",publish,711.15,578.17,578.17,NO,4,4,4,0201001 | 0606011-1 | 0607011 | 1249001,0201001=2 | 0606011-1=1 | 0607011=1 | 1249001=2,1249001 | 201001,,2,2,BLOCKED_INCOMPLETE_COMPOSITION,QUARANTINED_NO_PROPAGATION,UD-001,PENDING_BUSINESS_REVIEW_PLACEHOLDER_011,PENDING_BUSINESS_REVIEW,PENDING
11760,11716,0201001|0201001|1249001|1249001|0607011|0616011-1,"Crudo, Crudo, Rojo, Negro",publish,711.15,578.17,578.17,NO,4,4,4,0201001 | 0607011 | 0616011-1 | 1249001,0201001=2 | 0607011=1 | 0616011-1=1 | 1249001=2,1249001 | 201001,,2,2,BLOCKED_INCOMPLETE_COMPOSITION,QUARANTINED_NO_PROPAGATION,UD-001,PENDING_BUSINESS_REVIEW_PLACEHOLDER_011,PENDING_BUSINESS_REVIEW,PENDING
