combination_woo_id,combination_sku,combination_name,quarantine_group_ids,quarantine_reason,blocked_components,current_price,price_missing,exclusion_status,publication_allowed
4587,0201001|0201001|1249001|1249001|0615011|0615011,"Crudo, Crudo, Amarillo, Amarillo",UD-001,PENDING_BUSINESS_REVIEW_PLACEHOLDER_011,0201001 | 0615011 | 1249001,578.17,NO,EXCLUDED_FROM_PRICE_PROPAGATION,NO
4588,0201001|0201001|1249001|1249001|0609011|0609011,"Crudo, Crudo, Azul, Azul",UD-001,PENDING_BUSINESS_REVIEW_PLACEHOLDER_011,0201001 | 0609011 | 1249001,578.17,NO,EXCLUDED_FROM_PRICE_PROPAGATION,NO
4591,0201001|0201001|1249001|1249001|0606011|0606011,"Crudo, Crudo, Granate, Granate",UD-001,PENDING_BUSINESS_REVIEW_PLACEHOLDER_011,0201001 | 0606011 | 1249001,578.17,NO,EXCLUDED_FROM_PRICE_PROPAGATION,NO
4594,0201001|0201001|1249001|1249001|0616011|0616011,"Crudo, Crudo, Negro, Negro",UD-001,PENDING_BUSINESS_REVIEW_PLACEHOLDER_011,0201001 | 0616011 | 1249001,749.90,NO,EXCLUDED_FROM_PRICE_PROPAGATION,NO
4596,0201001|0201001|1249001|1249001|0607011|0607011,"Crudo, Crudo, Rojo, Rojo",UD-001,PENDING_BUSINESS_REVIEW_PLACEHOLDER_011,0201001 | 0607011 | 1249001,578.17,NO,EXCLUDED_FROM_PRICE_PROPAGATION,NO
4598,0201001|0201001|1249001|1249001|0615011|0609011,"Crudo, Crudo, Amarillo, Azul",UD-001,PENDING_BUSINESS_REVIEW_PLACEHOLDER_011,0201001 | 0609011 | 0615011 | 1249001,578.17,NO,EXCLUDED_FROM_PRICE_PROPAGATION,NO
4600,0201001|0201001|1249001|1249001|0615011|0608011,"Crudo, Crudo, Amarillo, Crudo",UD-001,PENDING_BUSINESS_REVIEW_PLACEHOLDER_011,0201001 | 0608011 | 0615011 | 1249001,578.17,NO,EXCLUDED_FROM_PRICE_PROPAGATION,NO
4601,0201001|0201001|1249001|1249001|0615011|0606011,"Crudo, Crudo, Amarillo, Granate",UD-001,PENDING_BUSINESS_REVIEW_PLACEHOLDER_011,0201001 | 0606011 | 0615011 | 1249001,578.17,NO,EXCLUDED_FROM_PRICE_PROPAGATION,NO
4604,0201001|0201001|1249001|1249001|0619007|0616011,"Crudo, Crudo, Marrón, Negro",UD-001,PENDING_BUSINESS_REVIEW_PLACEHOLDER_011,0201001 | 0616011 | 0619007 | 1249001,749.90,NO,EXCLUDED_FROM_PRICE_PROPAGATION,NO
4605,0201001|0201001|1249001|1249001|0615011|0607011,"Crudo, Crudo, Amarillo, Rojo",UD-001,PENDING_BUSINESS_REVIEW_PLACEHOLDER_011,0201001 | 0607011 | 0615011 | 1249001,578.17,NO,EXCLUDED_FROM_PRICE_PROPAGATION,NO
4608,0201001|0201001|1249001|1249001|0609011|0615011,"Crudo, Crudo, Azul, Amarillo",UD-001,PENDING_BUSINESS_REVIEW_PLACEHOLDER_011,0201001 | 0609011 | 0615011 | 1249001,578.17,NO,EXCLUDED_FROM_PRICE_PROPAGATION,NO
4610,0201001|0201001|1249001|1249001|0609011|0608011,"Crudo, Crudo, Azul, Crudo",UD-001,PENDING_BUSINESS_REVIEW_PLACEHOLDER_011,0201001 | 0608011 | 0609011 | 1249001,578.17,NO,EXCLUDED_FROM_PRICE_PROPAGATION,NO
4611,0201001|0201001|1249001|1249001|0609011|0606011,"Crudo, Crudo, Azul, Granate",UD-001,PENDING_BUSINESS_REVIEW_PLACEHOLDER_011,0201001 | 0606011 | 0609011 | 1249001,578.17,NO,EXCLUDED_FROM_PRICE_PROPAGATION,NO
4614,0201001|0201001|1249001|1249001|0609011|0616011,"Crudo, Crudo, Azul, Negro",UD-001,PENDING_BUSINESS_REVIEW_PLACEHOLDER_011,0201001 | 0609011 | 0616011 | 1249001,578.17,NO,EXCLUDED_FROM_PRICE_PROPAGATION,NO
4615,0201001|0201001|1249001|1249001|0609011|0607011,"Crudo, Crudo, Azul, Rojo",UD-001,PENDING_BUSINESS_REVIEW_PLACEHOLDER_011,0201001 | 0607011 | 0609011 | 1249001,578.17,NO,EXCLUDED_FROM_PRICE_PROPAGATION,NO
4629,0201001|0201001|1249001|1249001|0608011|0609011,"Crudo, Crudo, Crudo, Azul",UD-001,PENDING_BUSINESS_REVIEW_PLACEHOLDER_011,0201001 | 0608011 | 0609011 | 1249001,578.17,NO,EXCLUDED_FROM_PRICE_PROPAGATION,NO
4631,0201001|0201001|1249001|1249001|0608011|0606011,"Crudo, Crudo, Crudo, Granate",UD-001,PENDING_BUSINESS_REVIEW_PLACEHOLDER_011,0201001 | 0606011 | 0608011 | 1249001,578.17,NO,EXCLUDED_FROM_PRICE_PROPAGATION,NO
4634,0201001|0201001|1249001|1249001|0608011|0616011,"Crudo, Crudo, Crudo, Negro",UD-001,PENDING_BUSINESS_REVIEW_PLACEHOLDER_011,0201001 | 0608011 | 0616011 | 1249001,749.90,NO,EXCLUDED_FROM_PRICE_PROPAGATION,NO
4635,0201001|0201001|1249001|1249001|0608011|0607011,"Crudo, Crudo, Crudo, Rojo",UD-001,PENDING_BUSINESS_REVIEW_PLACEHOLDER_011,0201001 | 0607011 | 0608011 | 1249001,578.17,NO,EXCLUDED_FROM_PRICE_PROPAGATION,NO
4638,0201001|0201001|1249001|1249001|0606011|0615011,"Crudo, Crudo, Granate, Amarillo",UD-001,PENDING_BUSINESS_REVIEW_PLACEHOLDER_011,0201001 | 0606011 | 0615011 | 1249001,578.17,NO,EXCLUDED_FROM_PRICE_PROPAGATION,NO
4639,0201001|0201001|1249001|1249001|0606011|0609011,"Crudo, Crudo, Granate, Azul",UD-001,PENDING_BUSINESS_REVIEW_PLACEHOLDER_011,0201001 | 0606011 | 0609011 | 1249001,578.17,NO,EXCLUDED_FROM_PRICE_PROPAGATION,NO
4641,0201001|0201001|1249001|1249001|0606011|0608011,"Crudo, Crudo, Granate, Crudo",UD-001,PENDING_BUSINESS_REVIEW_PLACEHOLDER_011,0201001 | 0606011 | 0608011 | 1249001,578.17,NO,EXCLUDED_FROM_PRICE_PROPAGATION,NO
4644,0201001|0201001|1249001|1249001|0606011|0616011,"Crudo, Crudo, Granate, Negro",UD-001,PENDING_BUSINESS_REVIEW_PLACEHOLDER_011,0201001 | 0606011 | 0616011 | 1249001,578.17,NO,EXCLUDED_FROM_PRICE_PROPAGATION,NO
4645,0201001|0201001|1249001|1249001|0606011|0607011,"Crudo, Crudo, Granate, Rojo",UD-001,PENDING_BUSINESS_REVIEW_PLACEHOLDER_011,0201001 | 0606011 | 0607011 | 1249001,578.17,NO,EXCLUDED_FROM_PRICE_PROPAGATION,NO
4668,0201001|0201001|1249001|1249001|0616011|0615011,"Crudo, Crudo, Negro, Amarillo",UD-001,PENDING_BUSINESS_REVIEW_PLACEHOLDER_011,0201001 | 0615011 | 0616011 | 1249001,578.17,NO,EXCLUDED_FROM_PRICE_PROPAGATION,NO
4669,0201001|0201001|1249001|1249001|0616011|0609011,"Crudo, Crudo, Negro, Azul",UD-001,PENDING_BUSINESS_REVIEW_PLACEHOLDER_011,0201001 | 0609011 | 0616011 | 1249001,578.17,NO,EXCLUDED_FROM_PRICE_PROPAGATION,NO
4671,0201001|0201001|1249001|1249001|0616011|0608007,"Crudo, Crudo, Negro, Crudo",UD-001,PENDING_BUSINESS_REVIEW_PLACEHOLDER_011,0201001 | 0608007 | 0616011 | 1249001,749.90,NO,EXCLUDED_FROM_PRICE_PROPAGATION,NO
4672,0201001|0201001|1249001|1249001|0616011|0606011,"Crudo, Crudo, Negro, Granate",UD-001,PENDING_BUSINESS_REVIEW_PLACEHOLDER_011,0201001 | 0606011 | 0616011 | 1249001,578.17,NO,EXCLUDED_FROM_PRICE_PROPAGATION,NO
4675,0201001|0201001|1249001|1249001|0616011|0607011,"Crudo, Crudo, Negro, Rojo",UD-001,PENDING_BUSINESS_REVIEW_PLACEHOLDER_011,0201001 | 0607011 | 0616011 | 1249001,578.17,NO,EXCLUDED_FROM_PRICE_PROPAGATION,NO
4688,0201001|0201001|1249001|1249001|0607011|0615011,"Crudo, Crudo, Rojo, Amarillo",UD-001,PENDING_BUSINESS_REVIEW_PLACEHOLDER_011,0201001 | 0607011 | 0615011 | 1249001,578.17,NO,EXCLUDED_FROM_PRICE_PROPAGATION,NO
4689,0201001|0201001|1249001|1249001|0607011|0609011,"Crudo, Crudo, Rojo, Azul",UD-001,PENDING_BUSINESS_REVIEW_PLACEHOLDER_011,0201001 | 0607011 | 0609011 | 1249001,578.17,NO,EXCLUDED_FROM_PRICE_PROPAGATION,NO
4691,0201001|0201001|1249001|1249001|0607011|0608011,"Crudo, Crudo, Rojo, Crudo",UD-001,PENDING_BUSINESS_REVIEW_PLACEHOLDER_011,0201001 | 0607011 | 0608011 | 1249001,578.17,NO,EXCLUDED_FROM_PRICE_PROPAGATION,NO
4692,0201001|0201001|1249001|1249001|0607011|0606011,"Crudo, Crudo, Rojo, Granate",UD-001,PENDING_BUSINESS_REVIEW_PLACEHOLDER_011,0201001 | 0606011 | 0607011 | 1249001,578.17,NO,EXCLUDED_FROM_PRICE_PROPAGATION,NO
4695,0201001|0201001|1249001|1249001|0607011|0616011,"Crudo, Crudo, Rojo, Negro",UD-001,PENDING_BUSINESS_REVIEW_PLACEHOLDER_011,0201001 | 0607011 | 0616011 | 1249001,578.17,NO,EXCLUDED_FROM_PRICE_PROPAGATION,NO
7333,0504011|0724003|0619002-1,"Futón de algodón, 140x200x14,5 cm, Beige jaspeado",TECH-001,UNRESOLVED_EXACT_EVIDENCE_OUTSIDE_BUSINESS_SCOPE,0504011 | 0619002-1 | 0724003,628.45,NO,EXCLUDED_FROM_PRICE_PROPAGATION,NO
7334,0504011|0724003|0617002-1,"Futón de algodón, 140x200x14,5 cm, Gris jaspeado",TECH-001,UNRESOLVED_EXACT_EVIDENCE_OUTSIDE_BUSINESS_SCOPE,0504011 | 0617002-1 | 0724003,628.45,NO,EXCLUDED_FROM_PRICE_PROPAGATION,NO
7335,0504011|0724003|0615002-1,"Futón de algodón, 140x200x14,5 cm, Amarillo",TECH-001,UNRESOLVED_EXACT_EVIDENCE_OUTSIDE_BUSINESS_SCOPE,0504011 | 0615002-1 | 0724003,628.00,NO,EXCLUDED_FROM_PRICE_PROPAGATION,NO
7336,0504011|0730002|0614002-1,"Futón con dos capas de látex, 140x200x14,5 cm, Verde",TECH-001,UNRESOLVED_EXACT_EVIDENCE_OUTSIDE_BUSINESS_SCOPE,0504011 | 0614002-1 | 0730002,830.00,NO,EXCLUDED_FROM_PRICE_PROPAGATION,NO
7337,0504011|0724003-1,"Futón de algodón, 140x200x14,5 cm, Sin funda",TECH-001,UNRESOLVED_EXACT_EVIDENCE_OUTSIDE_BUSINESS_SCOPE,0504011 | 0724003-1,558.45,NO,EXCLUDED_FROM_PRICE_PROPAGATION,NO
7338,0504011|0724003|0609002-1,"Futón de algodón, 140x200x14,5 cm, Azul",TECH-001,UNRESOLVED_EXACT_EVIDENCE_OUTSIDE_BUSINESS_SCOPE,0504011 | 0609002-1 | 0724003,628.00,NO,EXCLUDED_FROM_PRICE_PROPAGATION,NO
7339,0504011|0724003|0608002-1,"Futón de algodón, 140x200x14,5 cm, Crudo",TECH-001,UNRESOLVED_EXACT_EVIDENCE_OUTSIDE_BUSINESS_SCOPE,0504011 | 0608002-1 | 0724003,628.00,NO,EXCLUDED_FROM_PRICE_PROPAGATION,NO
7340,0504011|0724003|0606002-1,"Futón de algodón, 140x200x14,5 cm, Granate",TECH-001,UNRESOLVED_EXACT_EVIDENCE_OUTSIDE_BUSINESS_SCOPE,0504011 | 0606002-1 | 0724003,628.00,NO,EXCLUDED_FROM_PRICE_PROPAGATION,NO
7341,0504011|0730002|0607002-1,"Futón con dos capas de látex, 140x200x14,5 cm, Rojo",TECH-001,UNRESOLVED_EXACT_EVIDENCE_OUTSIDE_BUSINESS_SCOPE,0504011 | 0607002-1 | 0730002,830.00,NO,EXCLUDED_FROM_PRICE_PROPAGATION,NO
7342,0504011|0724003|0616002-1,"Futón de algodón, 140x200x14,5 cm, Negro",TECH-001,UNRESOLVED_EXACT_EVIDENCE_OUTSIDE_BUSINESS_SCOPE,0504011 | 0616002-1 | 0724003,628.00,NO,EXCLUDED_FROM_PRICE_PROPAGATION,NO
7343,0504011|0724003|0607002-1,"Futón de algodón, 140x200x14,5 cm, Rojo",TECH-001,UNRESOLVED_EXACT_EVIDENCE_OUTSIDE_BUSINESS_SCOPE,0504011 | 0607002-1 | 0724003,628.00,NO,EXCLUDED_FROM_PRICE_PROPAGATION,NO
7344,0504011|0724003|0614002-1,"Futón de algodón, 140x200x14,5 cm, Verde",TECH-001,UNRESOLVED_EXACT_EVIDENCE_OUTSIDE_BUSINESS_SCOPE,0504011 | 0614002-1 | 0724003,628.00,NO,EXCLUDED_FROM_PRICE_PROPAGATION,NO
7345,0504011|0730002|0619002-1,"Futón con dos capas de látex, 140x200x14,5 cm, Beige jaspeado",TECH-001,UNRESOLVED_EXACT_EVIDENCE_OUTSIDE_BUSINESS_SCOPE,0504011 | 0619002-1 | 0730002,830,NO,EXCLUDED_FROM_PRICE_PROPAGATION,NO
7346,0504011|0730002|0617002-1,"Futón con dos capas de látex, 140x200x14,5 cm, Gris jaspeado",TECH-001,UNRESOLVED_EXACT_EVIDENCE_OUTSIDE_BUSINESS_SCOPE,0504011 | 0617002-1 | 0730002,830,NO,EXCLUDED_FROM_PRICE_PROPAGATION,NO
7347,0504011|0728002-1,"Futón con una capa de látex, 140x200x14,5 cm, Sin funda",TECH-001,UNRESOLVED_EXACT_EVIDENCE_OUTSIDE_BUSINESS_SCOPE,0504011 | 0728002-1,642.00,NO,EXCLUDED_FROM_PRICE_PROPAGATION,NO
7348,0504011|0728002|0615002-1,"Futón con una capa de látex, 140x200x14,5 cm, Amarillo",TECH-001,UNRESOLVED_EXACT_EVIDENCE_OUTSIDE_BUSINESS_SCOPE,0504011 | 0615002-1 | 0728002,712.00,NO,EXCLUDED_FROM_PRICE_PROPAGATION,NO
7349,0504011|0728002|0609002-1,"Futón con una capa de látex, 140x200x14,5 cm, Azul",TECH-001,UNRESOLVED_EXACT_EVIDENCE_OUTSIDE_BUSINESS_SCOPE,0504011 | 0609002-1 | 0728002,712.00,NO,EXCLUDED_FROM_PRICE_PROPAGATION,NO
7350,0504011|0728002|0608002-1,"Futón con una capa de látex, 140x200x14,5 cm, Crudo",TECH-001,UNRESOLVED_EXACT_EVIDENCE_OUTSIDE_BUSINESS_SCOPE,0504011 | 0608002-1 | 0728002,712.00,NO,EXCLUDED_FROM_PRICE_PROPAGATION,NO
7351,0504011|0728002|0606002-1,"Futón con una capa de látex, 140x200x14,5 cm, Granate",TECH-001,UNRESOLVED_EXACT_EVIDENCE_OUTSIDE_BUSINESS_SCOPE,0504011 | 0606002-1 | 0728002,712.00,NO,EXCLUDED_FROM_PRICE_PROPAGATION,NO
7352,0504011|0728002|0616002-1,"Futón con una capa de látex, 140x200x14,5 cm, Negro",TECH-001,UNRESOLVED_EXACT_EVIDENCE_OUTSIDE_BUSINESS_SCOPE,0504011 | 0616002-1 | 0728002,712.00,NO,EXCLUDED_FROM_PRICE_PROPAGATION,NO
7353,0504011|0728002|0607002-1,"Futón con una capa de látex, 140x200x14,5 cm, Rojo",TECH-001,UNRESOLVED_EXACT_EVIDENCE_OUTSIDE_BUSINESS_SCOPE,0504011 | 0607002-1 | 0728002,712.00,NO,EXCLUDED_FROM_PRICE_PROPAGATION,NO
7354,0504011|0728002|0614002-1,"Futón con una capa de látex, 140x200x14,5 cm, Verde",TECH-001,UNRESOLVED_EXACT_EVIDENCE_OUTSIDE_BUSINESS_SCOPE,0504011 | 0614002-1 | 0728002,712.00,NO,EXCLUDED_FROM_PRICE_PROPAGATION,NO
7355,0504011|0730002-1,"Futón con dos capas de látex, 140x200x14,5 cm, Sin funda",TECH-001,UNRESOLVED_EXACT_EVIDENCE_OUTSIDE_BUSINESS_SCOPE,0504011 | 0730002-1,760.40,NO,EXCLUDED_FROM_PRICE_PROPAGATION,NO
7356,0504011|0730002|0615002-1,"Futón con dos capas de látex, 140x200x14,5 cm, Amarillo",TECH-001,UNRESOLVED_EXACT_EVIDENCE_OUTSIDE_BUSINESS_SCOPE,0504011 | 0615002-1 | 0730002,830.00,NO,EXCLUDED_FROM_PRICE_PROPAGATION,NO
7357,0504011|0730002|0609002-1,"Futón con dos capas de látex, 140x200x14,5 cm, Azul",TECH-001,UNRESOLVED_EXACT_EVIDENCE_OUTSIDE_BUSINESS_SCOPE,0504011 | 0609002-1 | 0730002,830.00,NO,EXCLUDED_FROM_PRICE_PROPAGATION,NO
7358,0504011|0730002|0608002-1,"Futón con dos capas de látex, 140x200x14,5 cm, Crudo",TECH-001,UNRESOLVED_EXACT_EVIDENCE_OUTSIDE_BUSINESS_SCOPE,0504011 | 0608002-1 | 0730002,830.00,NO,EXCLUDED_FROM_PRICE_PROPAGATION,NO
7359,0504011|0730002|0606002-1,"Futón con dos capas de látex, 140x200x14,5 cm, Granate",TECH-001,UNRESOLVED_EXACT_EVIDENCE_OUTSIDE_BUSINESS_SCOPE,0504011 | 0606002-1 | 0730002,830.00,NO,EXCLUDED_FROM_PRICE_PROPAGATION,NO
7360,0504011|0730002|0616002-1,"Futón con dos capas de látex, 140x200x14,5 cm, Negro",TECH-001,UNRESOLVED_EXACT_EVIDENCE_OUTSIDE_BUSINESS_SCOPE,0504011 | 0616002-1 | 0730002,830.00,NO,EXCLUDED_FROM_PRICE_PROPAGATION,NO
7361,0504011|1253003-1,"Futón de algodón de colores de dos plazas, 140x200x14,5 cm, Gris oscuro, Sin funda",TECH-001,UNRESOLVED_EXACT_EVIDENCE_OUTSIDE_BUSINESS_SCOPE,0504011 | 1253003-1,577.58,NO,EXCLUDED_FROM_PRICE_PROPAGATION,NO
7362,0504011|1253003|0615002-1,"Futón de algodón de colores de dos plazas, 140x200x14,5 cm, Gris oscuro, Amarillo",TECH-001,UNRESOLVED_EXACT_EVIDENCE_OUTSIDE_BUSINESS_SCOPE,0504011 | 0615002-1 | 1253003,647.99,NO,EXCLUDED_FROM_PRICE_PROPAGATION,NO
7363,0504011|1253003|0609002-1,"Futón de algodón de colores de dos plazas, 140x200x14,5 cm, Gris oscuro, Azul",TECH-001,UNRESOLVED_EXACT_EVIDENCE_OUTSIDE_BUSINESS_SCOPE,0504011 | 0609002-1 | 1253003,647.99,NO,EXCLUDED_FROM_PRICE_PROPAGATION,NO
7364,0504011|1253003|0608002-1,"Futón de algodón de colores de dos plazas, 140x200x14,5 cm, Gris oscuro, Crudo",TECH-001,UNRESOLVED_EXACT_EVIDENCE_OUTSIDE_BUSINESS_SCOPE,0504011 | 0608002-1 | 1253003,647.99,NO,EXCLUDED_FROM_PRICE_PROPAGATION,NO
7365,0504011|1253003|0606002-1,"Futón de algodón de colores de dos plazas, 140x200x14,5 cm, Gris oscuro, Granate",TECH-001,UNRESOLVED_EXACT_EVIDENCE_OUTSIDE_BUSINESS_SCOPE,0504011 | 0606002-1 | 1253003,647.99,NO,EXCLUDED_FROM_PRICE_PROPAGATION,NO
7366,0504011|1253003|0616002-1,"Futón de algodón de colores de dos plazas, 140x200x14,5 cm, Gris oscuro, Negro",TECH-001,UNRESOLVED_EXACT_EVIDENCE_OUTSIDE_BUSINESS_SCOPE,0504011 | 0616002-1 | 1253003,647.99,NO,EXCLUDED_FROM_PRICE_PROPAGATION,NO
7367,0504011|1253003|0607002-1,"Futón de algodón de colores de dos plazas, 140x200x14,5 cm, Gris oscuro, Rojo",TECH-001,UNRESOLVED_EXACT_EVIDENCE_OUTSIDE_BUSINESS_SCOPE,0504011 | 0607002-1 | 1253003,647.99,NO,EXCLUDED_FROM_PRICE_PROPAGATION,NO
7368,0504011|1253003|0614002-1,"Futón de algodón de colores de dos plazas, 140x200x14,5 cm, Gris oscuro, Verde",TECH-001,UNRESOLVED_EXACT_EVIDENCE_OUTSIDE_BUSINESS_SCOPE,0504011 | 0614002-1 | 1253003,647.99,NO,EXCLUDED_FROM_PRICE_PROPAGATION,NO
7369,0504011|1251006-1,"futon-de-algodon-de-colores-de-dos-plazas-140x200x14-cm-violeta, Sin funda",TECH-001,UNRESOLVED_EXACT_EVIDENCE_OUTSIDE_BUSINESS_SCOPE,0504011 | 1251006-1,577.58,NO,EXCLUDED_FROM_PRICE_PROPAGATION,NO
7370,0504011|1251006|0615002-1,"futon-de-algodon-de-colores-de-dos-plazas-140x200x14-cm-violeta, Amarillo",TECH-001,UNRESOLVED_EXACT_EVIDENCE_OUTSIDE_BUSINESS_SCOPE,0504011 | 0615002-1 | 1251006,647.58,NO,EXCLUDED_FROM_PRICE_PROPAGATION,NO
7371,0504011|1251006|0609002-1,"futon-de-algodon-de-colores-de-dos-plazas-140x200x14-cm-violeta, Azul",TECH-001,UNRESOLVED_EXACT_EVIDENCE_OUTSIDE_BUSINESS_SCOPE,0504011 | 0609002-1 | 1251006,647.58,NO,EXCLUDED_FROM_PRICE_PROPAGATION,NO
7372,0504011|1251006|0608002-1,"futon-de-algodon-de-colores-de-dos-plazas-140x200x14-cm-violeta, Crudo",TECH-001,UNRESOLVED_EXACT_EVIDENCE_OUTSIDE_BUSINESS_SCOPE,0504011 | 0608002-1 | 1251006,647.58,NO,EXCLUDED_FROM_PRICE_PROPAGATION,NO
7373,0504011|1251006|0606002-1,"futon-de-algodon-de-colores-de-dos-plazas-140x200x14-cm-violeta, Granate",TECH-001,UNRESOLVED_EXACT_EVIDENCE_OUTSIDE_BUSINESS_SCOPE,0504011 | 0606002-1 | 1251006,647.58,NO,EXCLUDED_FROM_PRICE_PROPAGATION,NO
7374,0504011|1251006|0616002-1,"futon-de-algodon-de-colores-de-dos-plazas-140x200x14-cm-violeta, Negro",TECH-001,UNRESOLVED_EXACT_EVIDENCE_OUTSIDE_BUSINESS_SCOPE,0504011 | 0616002-1 | 1251006,647.58,NO,EXCLUDED_FROM_PRICE_PROPAGATION,NO
7375,0504011|1251006|0607002-1,"futon-de-algodon-de-colores-de-dos-plazas-140x200x14-cm-violeta, Rojo",TECH-001,UNRESOLVED_EXACT_EVIDENCE_OUTSIDE_BUSINESS_SCOPE,0504011 | 0607002-1 | 1251006,647.58,NO,EXCLUDED_FROM_PRICE_PROPAGATION,NO
7376,0504011|1251006|0614002-1,"futon-de-algodon-de-colores-de-dos-plazas-140x200x14-cm-violeta, Verde",TECH-001,UNRESOLVED_EXACT_EVIDENCE_OUTSIDE_BUSINESS_SCOPE,0504011 | 0614002-1 | 1251006,647.58,NO,EXCLUDED_FROM_PRICE_PROPAGATION,NO
7377,0504011|1254005-1,"Futón de algodón de colores de dos plazas, 140x200x14,5 cm, Rojo, Sin funda",TECH-001,UNRESOLVED_EXACT_EVIDENCE_OUTSIDE_BUSINESS_SCOPE,0504011 | 1254005-1,577.58,NO,EXCLUDED_FROM_PRICE_PROPAGATION,NO
7378,0504011|1254005|0615002-1,"Futón de algodón de colores de dos plazas, 140x200x14,5 cm, Rojo, Amarillo",TECH-001,UNRESOLVED_EXACT_EVIDENCE_OUTSIDE_BUSINESS_SCOPE,0504011 | 0615002-1 | 1254005,647.58,NO,EXCLUDED_FROM_PRICE_PROPAGATION,NO
7379,0504011|1254005|0609002-1,"Futón de algodón de colores de dos plazas, 140x200x14,5 cm, Rojo, Azul",TECH-001,UNRESOLVED_EXACT_EVIDENCE_OUTSIDE_BUSINESS_SCOPE,0504011 | 0609002-1 | 1254005,647.58,NO,EXCLUDED_FROM_PRICE_PROPAGATION,NO
7380,0504011|1254005|0608002-1,"Futón de algodón de colores de dos plazas, 140x200x14,5 cm, Rojo, Crudo",TECH-001,UNRESOLVED_EXACT_EVIDENCE_OUTSIDE_BUSINESS_SCOPE,0504011 | 0608002-1 | 1254005,647.58,NO,EXCLUDED_FROM_PRICE_PROPAGATION,NO
7381,0504011|1254005|0606002-1,"Futón de algodón de colores de dos plazas, 140x200x14,5 cm, Rojo, Granate",TECH-001,UNRESOLVED_EXACT_EVIDENCE_OUTSIDE_BUSINESS_SCOPE,0504011 | 0606002-1 | 1254005,647.58,NO,EXCLUDED_FROM_PRICE_PROPAGATION,NO
7382,0504011|1254005|0616002-1,"Futón de algodón de colores de dos plazas, 140x200x14,5 cm, Rojo, Negro",TECH-001,UNRESOLVED_EXACT_EVIDENCE_OUTSIDE_BUSINESS_SCOPE,0504011 | 0616002-1 | 1254005,647.58,NO,EXCLUDED_FROM_PRICE_PROPAGATION,NO
7383,0504011|1254005|0607002-1,"Futón de algodón de colores de dos plazas, 140x200x14,5 cm, Rojo, Rojo",TECH-001,UNRESOLVED_EXACT_EVIDENCE_OUTSIDE_BUSINESS_SCOPE,0504011 | 0607002-1 | 1254005,647.58,NO,EXCLUDED_FROM_PRICE_PROPAGATION,NO
7384,0504011|1254005|0614002-1,"Futón de algodón de colores de dos plazas, 140x200x14,5 cm, Rojo, Verde",TECH-001,UNRESOLVED_EXACT_EVIDENCE_OUTSIDE_BUSINESS_SCOPE,0504011 | 0614002-1 | 1254005,647.58,NO,EXCLUDED_FROM_PRICE_PROPAGATION,NO
7385,0504011|1252005-1,"futon-de-algodon-de-colores-de-dos-plazas-140x200x14-cm-verde, Sin funda",TECH-001,UNRESOLVED_EXACT_EVIDENCE_OUTSIDE_BUSINESS_SCOPE,0504011 | 1252005-1,577.58,NO,EXCLUDED_FROM_PRICE_PROPAGATION,NO
7386,0504011|1252005|0615002-1,"futon-de-algodon-de-colores-de-dos-plazas-140x200x14-cm-verde, Amarillo",TECH-001,UNRESOLVED_EXACT_EVIDENCE_OUTSIDE_BUSINESS_SCOPE,0504011 | 0615002-1 | 1252005,647.58,NO,EXCLUDED_FROM_PRICE_PROPAGATION,NO
7387,0504011|1252005|0609002-1,"futon-de-algodon-de-colores-de-dos-plazas-140x200x14-cm-verde, Azul",TECH-001,UNRESOLVED_EXACT_EVIDENCE_OUTSIDE_BUSINESS_SCOPE,0504011 | 0609002-1 | 1252005,647.58,NO,EXCLUDED_FROM_PRICE_PROPAGATION,NO
7388,0504011|1252005|0608002-1,"futon-de-algodon-de-colores-de-dos-plazas-140x200x14-cm-verde, Crudo",TECH-001,UNRESOLVED_EXACT_EVIDENCE_OUTSIDE_BUSINESS_SCOPE,0504011 | 0608002-1 | 1252005,647.58,NO,EXCLUDED_FROM_PRICE_PROPAGATION,NO
7389,0504011|1252005|0606002-1,"futon-de-algodon-de-colores-de-dos-plazas-140x200x14-cm-verde, Granate",TECH-001,UNRESOLVED_EXACT_EVIDENCE_OUTSIDE_BUSINESS_SCOPE,0504011 | 0606002-1 | 1252005,647.58,NO,EXCLUDED_FROM_PRICE_PROPAGATION,NO
7390,0504011|1252005|0616002-1,"futon-de-algodon-de-colores-de-dos-plazas-140x200x14-cm-verde, Negro",TECH-001,UNRESOLVED_EXACT_EVIDENCE_OUTSIDE_BUSINESS_SCOPE,0504011 | 0616002-1 | 1252005,647.58,NO,EXCLUDED_FROM_PRICE_PROPAGATION,NO
7391,0504011|1252005|0607002-1,"futon-de-algodon-de-colores-de-dos-plazas-140x200x14-cm-verde, Rojo",TECH-001,UNRESOLVED_EXACT_EVIDENCE_OUTSIDE_BUSINESS_SCOPE,0504011 | 0607002-1 | 1252005,647.58,NO,EXCLUDED_FROM_PRICE_PROPAGATION,NO
7392,0504011|1252005|0614002-1,"futon-de-algodon-de-colores-de-dos-plazas-140x200x14-cm-verde, Verde",TECH-001,UNRESOLVED_EXACT_EVIDENCE_OUTSIDE_BUSINESS_SCOPE,0504011 | 0614002-1 | 1252005,647.58,NO,EXCLUDED_FROM_PRICE_PROPAGATION,NO
9455,0504012|0724003|01619002,"Futón de algodón, 140x200x14,5 cm, Beige jaspeado",UD-002,PENDING_BUSINESS_REVIEW_MALFORMED_SKU,01619002 | 0504012 | 0724003,787.90,NO,EXCLUDED_FROM_PRICE_PROPAGATION,NO
11478,0727007A|0607007A,"13 cm, 4 cm, 80x200x13 cm, Crudo",TECH-001,UNRESOLVED_EXACT_EVIDENCE_OUTSIDE_BUSINESS_SCOPE,0607007A | 0727007A,230,NO,EXCLUDED_FROM_PRICE_PROPAGATION,NO
11656,1245001A|0609007B,Rojo,TECH-001,UNRESOLVED_EXACT_EVIDENCE_OUTSIDE_BUSINESS_SCOPE,0609007B | 1245001A,169,NO,EXCLUDED_FROM_PRICE_PROPAGATION,NO
11658,1244001A|0607007A,Negro,TECH-001,UNRESOLVED_EXACT_EVIDENCE_OUTSIDE_BUSINESS_SCOPE,0607007A | 1244001A,169,NO,EXCLUDED_FROM_PRICE_PROPAGATION,NO
11717,0201001|0201001|1249001|1249001-1,"Crudo, Crudo, Sin funda, Sin funda",TECH-001,UNRESOLVED_EXACT_EVIDENCE_OUTSIDE_BUSINESS_SCOPE,0201001 | 1249001 | 1249001-1,499.99,NO,EXCLUDED_FROM_PRICE_PROPAGATION,NO
11718,0201001|0201001|1245001|1245001-1,"Rojo, Rojo, Sin funda, Sin funda",TECH-001,UNRESOLVED_EXACT_EVIDENCE_OUTSIDE_BUSINESS_SCOPE,0201001 | 1245001 | 1245001-1,499.99,NO,EXCLUDED_FROM_PRICE_PROPAGATION,NO
11719,0201001|0201001|1249001|1244001-1,"Crudo, Negro, Sin funda, Sin funda",TECH-001,UNRESOLVED_EXACT_EVIDENCE_OUTSIDE_BUSINESS_SCOPE,0201001 | 1244001-1 | 1249001,499.99,NO,EXCLUDED_FROM_PRICE_PROPAGATION,NO
11720,0201001|0201001|1249001|1245001-1,"Crudo, Rojo, Sin funda, Sin funda",TECH-001,UNRESOLVED_EXACT_EVIDENCE_OUTSIDE_BUSINESS_SCOPE,0201001 | 1245001-1 | 1249001,499.99,NO,EXCLUDED_FROM_PRICE_PROPAGATION,NO
11721,0201001|0201001|1249001|1249001|0615011|0615011-1,"Crudo, Crudo, Amarillo, Amarillo",UD-001,PENDING_BUSINESS_REVIEW_PLACEHOLDER_011,0201001 | 0615011 | 0615011-1 | 1249001,578.17,NO,EXCLUDED_FROM_PRICE_PROPAGATION,NO
11722,0201001|0201001|1249001|1249001|0609011|0609011-1,"Crudo, Crudo, Azul, Azul",UD-001,PENDING_BUSINESS_REVIEW_PLACEHOLDER_011,0201001 | 0609011 | 0609011-1 | 1249001,578.17,NO,EXCLUDED_FROM_PRICE_PROPAGATION,NO
11723,0201001|0201001|1244001|1249001-1,"Negro, Crudo, Sin funda, Sin funda",TECH-001,UNRESOLVED_EXACT_EVIDENCE_OUTSIDE_BUSINESS_SCOPE,0201001 | 1244001 | 1249001-1,499.99,NO,EXCLUDED_FROM_PRICE_PROPAGATION,NO
11724,0201001|0201001|1249001|1249001|0608011|0608011-1,"Crudo, Crudo, Crudo, Crudo",UD-001,PENDING_BUSINESS_REVIEW_PLACEHOLDER_011,0201001 | 0608011 | 0608011-1 | 1249001,578.17,NO,EXCLUDED_FROM_PRICE_PROPAGATION,NO
11725,0201001|0201001|1249001|1249001|0606011|0606011-1,"Crudo, Crudo, Granate, Granate",UD-001,PENDING_BUSINESS_REVIEW_PLACEHOLDER_011,0201001 | 0606011 | 0606011-1 | 1249001,578.17,NO,EXCLUDED_FROM_PRICE_PROPAGATION,NO
11726,0201001|0201001|1244001|1245001-1,"Negro, Rojo, Sin funda, Sin funda",TECH-001,UNRESOLVED_EXACT_EVIDENCE_OUTSIDE_BUSINESS_SCOPE,0201001 | 1244001 | 1245001-1,499.99,NO,EXCLUDED_FROM_PRICE_PROPAGATION,NO
11727,0201001|0201001|1249001|1249001|0616011|0616011-1,"Crudo, Crudo, Negro, Negro",UD-001,PENDING_BUSINESS_REVIEW_PLACEHOLDER_011,0201001 | 0616011 | 0616011-1 | 1249001,578.17,NO,EXCLUDED_FROM_PRICE_PROPAGATION,NO
11728,0201001|0201001|1249001|1249001|0607011|0607011-1,"Crudo, Crudo, Rojo, Rojo",UD-001,PENDING_BUSINESS_REVIEW_PLACEHOLDER_011,0201001 | 0607011 | 0607011-1 | 1249001,578.17,NO,EXCLUDED_FROM_PRICE_PROPAGATION,NO
11729,0201001|0201001|1245001|1249001-1,"Rojo, Crudo, Sin funda, Sin funda",TECH-001,UNRESOLVED_EXACT_EVIDENCE_OUTSIDE_BUSINESS_SCOPE,0201001 | 1245001 | 1249001-1,499.99,NO,EXCLUDED_FROM_PRICE_PROPAGATION,NO
11730,0201001|0201001|1249001|1249001|0615011|0609011-1,"Crudo, Crudo, Amarillo, Azul",UD-001,PENDING_BUSINESS_REVIEW_PLACEHOLDER_011,0201001 | 0609011-1 | 0615011 | 1249001,578.17,NO,EXCLUDED_FROM_PRICE_PROPAGATION,NO
11731,0201001|0201001|1245001|1244001-1,"Rojo, Negro, Sin funda, Sin funda",TECH-001,UNRESOLVED_EXACT_EVIDENCE_OUTSIDE_BUSINESS_SCOPE,0201001 | 1244001-1 | 1245001,499.99,NO,EXCLUDED_FROM_PRICE_PROPAGATION,NO
11732,0201001|0201001|1249001|1249001|0615011|0608011-1,"Crudo, Crudo, Amarillo, Crudo",UD-001,PENDING_BUSINESS_REVIEW_PLACEHOLDER_011,0201001 | 0608011-1 | 0615011 | 1249001,578.17,NO,EXCLUDED_FROM_PRICE_PROPAGATION,NO
11733,0201001|0201001|1249001|1249001|0615011|0606011-1,"Crudo, Crudo, Amarillo, Granate",UD-001,PENDING_BUSINESS_REVIEW_PLACEHOLDER_011,0201001 | 0606011-1 | 0615011 | 1249001,578.17,NO,EXCLUDED_FROM_PRICE_PROPAGATION,NO
11734,0201001|0201001|1249001|1249001|0615011|0616011-1,"Crudo, Crudo, Amarillo, Negro",UD-001,PENDING_BUSINESS_REVIEW_PLACEHOLDER_011,0201001 | 0615011 | 0616011-1 | 1249001,578.17,NO,EXCLUDED_FROM_PRICE_PROPAGATION,NO
11735,0201001|0201001|1249001|1249001|0615011|0607011-1,"Crudo, Crudo, Amarillo, Rojo",UD-001,PENDING_BUSINESS_REVIEW_PLACEHOLDER_011,0201001 | 0607011-1 | 0615011 | 1249001,578.17,NO,EXCLUDED_FROM_PRICE_PROPAGATION,NO
11736,0201001|0201001|1249001|1249001|0609011|0615011-1,"Crudo, Crudo, Azul, Amarillo",UD-001,PENDING_BUSINESS_REVIEW_PLACEHOLDER_011,0201001 | 0609011 | 0615011-1 | 1249001,578.17,NO,EXCLUDED_FROM_PRICE_PROPAGATION,NO
11737,0201001|0201001|1249001|1249001|0609011|0608011-1,"Crudo, Crudo, Azul, Crudo",UD-001,PENDING_BUSINESS_REVIEW_PLACEHOLDER_011,0201001 | 0608011-1 | 0609011 | 1249001,578.17,NO,EXCLUDED_FROM_PRICE_PROPAGATION,NO
11738,0201001|0201001|1249001|1249001|0609011|0606011-1,"Crudo, Crudo, Azul, Granate",UD-001,PENDING_BUSINESS_REVIEW_PLACEHOLDER_011,0201001 | 0606011-1 | 0609011 | 1249001,578.17,NO,EXCLUDED_FROM_PRICE_PROPAGATION,NO
11739,0201001|0201001|1249001|1249001|0609011|0616011-1,"Crudo, Crudo, Azul, Negro",UD-001,PENDING_BUSINESS_REVIEW_PLACEHOLDER_011,0201001 | 0609011 | 0616011-1 | 1249001,578.17,NO,EXCLUDED_FROM_PRICE_PROPAGATION,NO
11740,0201001|0201001|1249001|1249001|0609011|0607011-1,"Crudo, Crudo, Azul, Rojo",UD-001,PENDING_BUSINESS_REVIEW_PLACEHOLDER_011,0201001 | 0607011-1 | 0609011 | 1249001,578.17,NO,EXCLUDED_FROM_PRICE_PROPAGATION,NO
11741,0201001|0201001|1249001|1249001|0608011|0615011-1,"Crudo, Crudo, Crudo, Amarillo",UD-001,PENDING_BUSINESS_REVIEW_PLACEHOLDER_011,0201001 | 0608011 | 0615011-1 | 1249001,578.17,NO,EXCLUDED_FROM_PRICE_PROPAGATION,NO
11742,0201001|0201001|1249001|1249001|0608011|0609011-1,"Crudo, Crudo, Crudo, Azul",UD-001,PENDING_BUSINESS_REVIEW_PLACEHOLDER_011,0201001 | 0608011 | 0609011-1 | 1249001,578.17,NO,EXCLUDED_FROM_PRICE_PROPAGATION,NO
11743,0201001|0201001|1249001|1249001|0608011|0606011-1,"Crudo, Crudo, Crudo, Granate",UD-001,PENDING_BUSINESS_REVIEW_PLACEHOLDER_011,0201001 | 0606011-1 | 0608011 | 1249001,578.17,NO,EXCLUDED_FROM_PRICE_PROPAGATION,NO
11744,0201001|0201001|1249001|1249001|0608011|0616011-1,"Crudo, Crudo, Crudo, Negro",UD-001,PENDING_BUSINESS_REVIEW_PLACEHOLDER_011,0201001 | 0608011 | 0616011-1 | 1249001,578.17,NO,EXCLUDED_FROM_PRICE_PROPAGATION,NO
11745,0201001|0201001|1249001|1249001|0608011|0607011-1,"Crudo, Crudo, Crudo, Rojo",UD-001,PENDING_BUSINESS_REVIEW_PLACEHOLDER_011,0201001 | 0607011-1 | 0608011 | 1249001,578.17,NO,EXCLUDED_FROM_PRICE_PROPAGATION,NO
11746,0201001|0201001|1249001|1249001|0606011|0615011-1,"Crudo, Crudo, Granate, Amarillo",UD-001,PENDING_BUSINESS_REVIEW_PLACEHOLDER_011,0201001 | 0606011 | 0615011-1 | 1249001,578.17,NO,EXCLUDED_FROM_PRICE_PROPAGATION,NO
11747,0201001|0201001|1249001|1249001|0606011|0609011-1,"Crudo, Crudo, Granate, Azul",UD-001,PENDING_BUSINESS_REVIEW_PLACEHOLDER_011,0201001 | 0606011 | 0609011-1 | 1249001,578.17,NO,EXCLUDED_FROM_PRICE_PROPAGATION,NO
11748,0201001|0201001|1249001|1249001|0606011|0608011-1,"Crudo, Crudo, Granate, Crudo",UD-001,PENDING_BUSINESS_REVIEW_PLACEHOLDER_011,0201001 | 0606011 | 0608011-1 | 1249001,578.17,NO,EXCLUDED_FROM_PRICE_PROPAGATION,NO
11749,0201001|0201001|1249001|1249001|0606011|0616011-1,"Crudo, Crudo, Granate, Negro",UD-001,PENDING_BUSINESS_REVIEW_PLACEHOLDER_011,0201001 | 0606011 | 0616011-1 | 1249001,578.17,NO,EXCLUDED_FROM_PRICE_PROPAGATION,NO
11750,0201001|0201001|1249001|1249001|0606011|0607011-1,"Crudo, Crudo, Granate, Rojo",UD-001,PENDING_BUSINESS_REVIEW_PLACEHOLDER_011,0201001 | 0606011 | 0607011-1 | 1249001,578.17,NO,EXCLUDED_FROM_PRICE_PROPAGATION,NO
11751,0201001|0201001|1249001|1249001|0616011|0615011-1,"Crudo, Crudo, Negro, Amarillo",UD-001,PENDING_BUSINESS_REVIEW_PLACEHOLDER_011,0201001 | 0615011-1 | 0616011 | 1249001,578.17,NO,EXCLUDED_FROM_PRICE_PROPAGATION,NO
11752,0201001|0201001|1249001|1249001|0616011|0609011-1,"Crudo, Crudo, Negro, Azul",UD-001,PENDING_BUSINESS_REVIEW_PLACEHOLDER_011,0201001 | 0609011-1 | 0616011 | 1249001,578.17,NO,EXCLUDED_FROM_PRICE_PROPAGATION,NO
11753,0201001|0201001|1249001|1249001|0616011|0608011-1,"Crudo, Crudo, Negro, Crudo",UD-001,PENDING_BUSINESS_REVIEW_PLACEHOLDER_011,0201001 | 0608011-1 | 0616011 | 1249001,578.17,NO,EXCLUDED_FROM_PRICE_PROPAGATION,NO
11754,0201001|0201001|1249001|1249001|0616011|0606011-1,"Crudo, Crudo, Negro, Granate",UD-001,PENDING_BUSINESS_REVIEW_PLACEHOLDER_011,0201001 | 0606011-1 | 0616011 | 1249001,578.17,NO,EXCLUDED_FROM_PRICE_PROPAGATION,NO
11755,0201001|0201001|1249001|1249001|0616011|0607011-1,"Crudo, Crudo, Negro, Rojo",UD-001,PENDING_BUSINESS_REVIEW_PLACEHOLDER_011,0201001 | 0607011-1 | 0616011 | 1249001,578.17,NO,EXCLUDED_FROM_PRICE_PROPAGATION,NO
11756,0201001|0201001|1249001|1249001|0607011|0615011-1,"Crudo, Crudo, Rojo, Amarillo",UD-001,PENDING_BUSINESS_REVIEW_PLACEHOLDER_011,0201001 | 0607011 | 0615011-1 | 1249001,578.17,NO,EXCLUDED_FROM_PRICE_PROPAGATION,NO
11757,0201001|0201001|1249001|1249001|0607011|0609011-1,"Crudo, Crudo, Rojo, Azul",UD-001,PENDING_BUSINESS_REVIEW_PLACEHOLDER_011,0201001 | 0607011 | 0609011-1 | 1249001,578.17,NO,EXCLUDED_FROM_PRICE_PROPAGATION,NO
11758,0201001|0201001|1249001|1249001|0607011|0608011-1,"Crudo, Crudo, Rojo, Crudo",UD-001,PENDING_BUSINESS_REVIEW_PLACEHOLDER_011,0201001 | 0607011 | 0608011-1 | 1249001,578.17,NO,EXCLUDED_FROM_PRICE_PROPAGATION,NO
11759,0201001|0201001|1249001|1249001|0607011|0606011-1,"Crudo, Crudo, Rojo, Granate",UD-001,PENDING_BUSINESS_REVIEW_PLACEHOLDER_011,0201001 | 0606011-1 | 0607011 | 1249001,578.17,NO,EXCLUDED_FROM_PRICE_PROPAGATION,NO
11760,0201001|0201001|1249001|1249001|0607011|0616011-1,"Crudo, Crudo, Rojo, Negro",UD-001,PENDING_BUSINESS_REVIEW_PLACEHOLDER_011,0201001 | 0607011 | 0616011-1 | 1249001,578.17,NO,EXCLUDED_FROM_PRICE_PROPAGATION,NO
