combination_woo_id,combination_parent_woo_id,combination_sku,combination_name,woo_status,regular_price,sale_price,effective_price,price_missing,primary_component_rows,all_evidence_rows,distinct_component_count,component_skus,component_quantities,component_item_ids,component_woo_ids,exact_primary_edges,blocked_primary_edges,original_status,operational_status,quarantine_group_ids,quarantine_reason,price_cut_status,affected_woo_variation_ids,physical_components,exact_component_rows,publication_allowed
3662,3610,0302009|0201002|0201002,Con 2 tatamis de 90x200 cm,publish,649.00,581.70,581.70,NO,2,4,2,0201002 | 0302009,0201002=2 | 0302009=1,201002 | 302009,,2,0,COMPLETE_EXACT,INCLUDED_EXACT,,,READY_READ_ONLY_INPUT,3662,201002 | 302009,2,NO
3664,3611,0302002|0201002|0201002,Con 2 tatamis de 90x200 cm,publish,700,668.80,668.80,NO,2,4,2,0201002 | 0302002,0201002=2 | 0302002=1,201002 | 302002,,2,0,COMPLETE_EXACT,INCLUDED_EXACT,,,READY_READ_ONLY_INPUT,3664,201002 | 302002,2,NO
3667,3612,0302018|0201001|0201001,"174x214x20 cm, 160x200 cm, Crudo, sin barniz, Con 2 tatamis de 80x200 cm",publish,822.00,730.70,730.70,NO,2,4,2,0201001 | 0302018,0201001=2 | 0302018=1,201001 | 302018,,2,0,COMPLETE_EXACT,INCLUDED_EXACT,,,READY_READ_ONLY_INPUT,3667,201001 | 302018,2,NO
3668,3612,0302019|0201002|0201002,"194x214x20 cm, 180x200 cm, Crudo, sin barniz, Con 2 tatamis de 90x200 cm",publish,834,751.70,751.70,NO,2,4,2,0201002 | 0302019,0201002=2 | 0302019=1,201002 | 302019,,2,0,COMPLETE_EXACT,INCLUDED_EXACT,,,READY_READ_ONLY_INPUT,3668,201002 | 302019,2,NO
3679,3618,0402010|0201001|0201001,"174x214x40 cm, 160x200 cm, Crudo, sin barniz, Con 2 tatamis de 80x200 cm",publish,778.90,730.70,730.70,NO,2,4,2,0201001 | 0402010,0201001=2 | 0402010=1,201001 | 402010,,2,0,COMPLETE_EXACT,INCLUDED_EXACT,,,READY_READ_ONLY_INPUT,3679,201001 | 402010,2,NO
3680,3618,0402012|0201002|0201002,"194x214x40 cm, 180x200 cm, Crudo, sin barniz, Con 2 tatamis de 90x200 cm",publish,812.90,751.70,751.70,NO,2,4,2,0201002 | 0402012,0201002=2 | 0402012=1,201002 | 402012,,2,0,COMPLETE_EXACT,INCLUDED_EXACT,,,READY_READ_ONLY_INPUT,3680,201002 | 402012,2,NO
3687,3622,0201010|0201010|0730002,"140x200x14,5 cm, Con 2 tatamis de 100x200 cm",publish,838,717.30,717.30,NO,2,4,2,0201010 | 0730002,0201010=2 | 0730002=1,201010 | 730002,,2,0,COMPLETE_EXACT,INCLUDED_EXACT,,,READY_READ_ONLY_INPUT,3687,201010 | 730002,2,NO
3688,3622,0201010|0201010|0730003,"150x200x14,5 cm, Con 2 tatamis de 100x200 cm",publish,850,729.94,729.94,NO,2,4,2,0201010 | 0730003,0201010=2 | 0730003=1,201010 | 730003,,2,0,COMPLETE_EXACT,INCLUDED_EXACT,,,READY_READ_ONLY_INPUT,3688,201010 | 730003,2,NO
3689,3622,0201010|0201010|0730004,"160x200x14,5 cm, Con 2 tatamis de 100x200 cm",publish,864,741.46,741.46,NO,2,4,2,0201010 | 0730004,0201010=2 | 0730004=1,201010 | 730004,,2,0,COMPLETE_EXACT,INCLUDED_EXACT,,,READY_READ_ONLY_INPUT,3689,201010 | 730004,2,NO
3690,3622,0201010|0201010|0730005,"180x200x14,5 cm, Con 2 tatamis de 100x200 cm",publish,874,751.38,751.38,NO,2,4,2,0201010 | 0730005,0201010=2 | 0730005=1,201010 | 730005,,2,0,COMPLETE_EXACT,INCLUDED_EXACT,,,READY_READ_ONLY_INPUT,3690,201010 | 730005,2,NO
3691,3622,0201010|0201010|0730006,"200x200x14,5 cm, Con 2 tatamis de 100x200 cm",publish,907,778.52,778.52,NO,2,4,2,0201010 | 0730006,0201010=2 | 0730006=1,201010 | 730006,,2,0,COMPLETE_EXACT,INCLUDED_EXACT,,,READY_READ_ONLY_INPUT,3691,201010 | 730006,2,NO
3692,3622,0201010|0201010|0730001,"90x200x14,5 cm, Con 2 tatamis de 100x200 cm",publish,692,589.70,589.70,NO,2,4,2,0201010 | 0730001,0201010=2 | 0730001=1,201010 | 730001,,2,0,COMPLETE_EXACT,INCLUDED_EXACT,,,READY_READ_ONLY_INPUT,3692,201010 | 730001,2,NO
3693,3622,0201003|0201003|0730002,"140x200x14,5 cm, Con 2 tatamis de 70x200 cm",publish,838,711.30,711.30,NO,2,4,2,0201003 | 0730002,0201003=2 | 0730002=1,201003 | 730002,,2,0,COMPLETE_EXACT,INCLUDED_EXACT,,,READY_READ_ONLY_INPUT,3693,201003 | 730002,2,NO
3694,3622,0201003|0201003|0730001,"90x200x14,5 cm, Con 2 tatamis de 70x200 cm",publish,692,583.70,583.70,NO,2,4,2,0201003 | 0730001,0201003=2 | 0730001=1,201003 | 730001,,2,0,COMPLETE_EXACT,INCLUDED_EXACT,,,READY_READ_ONLY_INPUT,3694,201003 | 730001,2,NO
3695,3622,0201004|0201004|0730002,"140x200x14,5 cm, Con 2 tatamis de 76x200 cm",publish,838,711.30,711.30,NO,2,4,2,0201004 | 0730002,0201004=2 | 0730002=1,201004 | 730002,,2,0,COMPLETE_EXACT,INCLUDED_EXACT,,,READY_READ_ONLY_INPUT,3695,201004 | 730002,2,NO
3696,3622,0201004|0201004|0730003,"150x200x14,5 cm, Con 2 tatamis de 76x200 cm",publish,850,723.94,723.94,NO,2,4,2,0201004 | 0730003,0201004=2 | 0730003=1,201004 | 730003,,2,0,COMPLETE_EXACT,INCLUDED_EXACT,,,READY_READ_ONLY_INPUT,3696,201004 | 730003,2,NO
3697,3622,0201004|0201004|0730001,"90x200x14,5 cm, Con 2 tatamis de 76x200 cm",publish,692,583.70,583.70,NO,2,4,2,0201004 | 0730001,0201004=2 | 0730001=1,201004 | 730001,,2,0,COMPLETE_EXACT,INCLUDED_EXACT,,,READY_READ_ONLY_INPUT,3697,201004 | 730001,2,NO
3698,3622,0201001|0201001|0728004,"160x200x14,5 cm, Con 2 tatamis de 80x200 cm",publish,816.00,735.46,735.46,NO,2,4,2,0201001 | 0728004,0201001=2 | 0728004=1,201001 | 728004,,2,0,COMPLETE_EXACT,INCLUDED_EXACT,,,READY_READ_ONLY_INPUT,3698,201001 | 728004,2,NO
3699,3622,0201001|0201001|0730002,"140x200x14,5 cm, Con 2 tatamis de 80x200 cm",publish,838,711.30,711.30,NO,2,4,2,0201001 | 0730002,0201001=2 | 0730002=1,201001 | 730002,,2,0,COMPLETE_EXACT,INCLUDED_EXACT,,,READY_READ_ONLY_INPUT,3699,201001 | 730002,2,NO
3700,3622,0201001|0201001|0730003,"150x200x14,5 cm, Con 2 tatamis de 80x200 cm",publish,850,723.94,723.94,NO,2,4,2,0201001 | 0730003,0201001=2 | 0730003=1,201001 | 730003,,2,0,COMPLETE_EXACT,INCLUDED_EXACT,,,READY_READ_ONLY_INPUT,3700,201001 | 730003,2,NO
3701,3622,0201001|0201001|0730004,"160x200x14,5 cm, Con 2 tatamis de 80x200 cm",publish,864,735.46,735.46,NO,2,4,2,0201001 | 0730004,0201001=2 | 0730004=1,201001 | 730004,,2,0,COMPLETE_EXACT,INCLUDED_EXACT,,,READY_READ_ONLY_INPUT,3701,201001 | 730004,2,NO
3702,3622,0201001|0201001|0730001,"90x200x14,5 cm, Con 2 tatamis de 80x200 cm",publish,692,583.70,583.70,NO,2,4,2,0201001 | 0730001,0201001=2 | 0730001=1,201001 | 730001,,2,0,COMPLETE_EXACT,INCLUDED_EXACT,,,READY_READ_ONLY_INPUT,3702,201001 | 730001,2,NO
3703,3622,0201002|0201002|0730002,"140x200x14,5 cm, Con 2 tatamis de 90x200 cm",publish,838,711.30,711.30,NO,2,4,2,0201002 | 0730002,0201002=2 | 0730002=1,201002 | 730002,,2,0,COMPLETE_EXACT,INCLUDED_EXACT,,,READY_READ_ONLY_INPUT,3703,201002 | 730002,2,NO
3704,3622,0201002|0201002|0730003,"150x200x14,5 cm, Con 2 tatamis de 90x200 cm",publish,850,723.94,723.94,NO,2,4,2,0201002 | 0730003,0201002=2 | 0730003=1,201002 | 730003,,2,0,COMPLETE_EXACT,INCLUDED_EXACT,,,READY_READ_ONLY_INPUT,3704,201002 | 730003,2,NO
3705,3622,0201002|0201002|0730004,"160x200x14,5 cm, Con 2 tatamis de 90x200 cm",publish,864,735.46,735.46,NO,2,4,2,0201002 | 0730004,0201002=2 | 0730004=1,201002 | 730004,,2,0,COMPLETE_EXACT,INCLUDED_EXACT,,,READY_READ_ONLY_INPUT,3705,201002 | 730004,2,NO
3706,3622,0201002|0201002|0730005,"180x200x14,5 cm, Con 2 tatamis de 90x200 cm",publish,874,745.38,745.38,NO,2,4,2,0201002 | 0730005,0201002=2 | 0730005=1,201002 | 730005,,2,0,COMPLETE_EXACT,INCLUDED_EXACT,,,READY_READ_ONLY_INPUT,3706,201002 | 730005,2,NO
3707,3622,0201002|0201002|0730001,"90x200x14,5 cm, Con 2 tatamis de 90x200 cm",publish,692,583.70,583.70,NO,2,4,2,0201002 | 0730001,0201002=2 | 0730001=1,201002 | 730001,,2,0,COMPLETE_EXACT,INCLUDED_EXACT,,,READY_READ_ONLY_INPUT,3707,201002 | 730001,2,NO
3708,3623,0201010|0201010|0728002,"140x200x14,5 cm, Con 2 tatamis de 100x200 cm",publish,685,598.22,598.22,NO,2,4,2,0201010 | 0728002,0201010=2 | 0728002=1,201010 | 728002,,2,0,COMPLETE_EXACT,INCLUDED_EXACT,,,READY_READ_ONLY_INPUT,3708,201010 | 728002,2,NO
3709,3623,0201010|0201010|0728003,"150x200x14,5 cm, Con 2 tatamis de 100x200 cm",publish,699,609.58,609.58,NO,2,4,2,0201010 | 0728003,0201010=2 | 0728003=1,201010 | 728003,,2,0,COMPLETE_EXACT,INCLUDED_EXACT,,,READY_READ_ONLY_INPUT,3709,201010 | 728003,2,NO
3710,3623,0201010|0201010|0728004,"160x200x14,5 cm, Con 2 tatamis de 100x200 cm",publish,789,686.14,686.14,NO,2,4,2,0201010 | 0728004,0201010=2 | 0728004=1,201010 | 728004,,2,0,COMPLETE_EXACT,INCLUDED_EXACT,,,READY_READ_ONLY_INPUT,3710,201010 | 728004,2,NO
3711,3623,0201010|0201010|0728005,"180x200x14,5 cm, Con 2 tatamis de 100x200 cm",publish,854,742.22,742.22,NO,2,4,2,0201010 | 0728005,0201010=2 | 0728005=1,201010 | 728005,,2,0,COMPLETE_EXACT,INCLUDED_EXACT,,,READY_READ_ONLY_INPUT,3711,201010 | 728005,2,NO
3712,3623,0201010|0201010|0728006,"200x200x14,5 cm, Con 2 tatamis de 100x200 cm",publish,918,796.36,796.36,NO,2,4,2,0201010 | 0728006,0201010=2 | 0728006=1,201010 | 728006,,2,0,COMPLETE_EXACT,INCLUDED_EXACT,,,READY_READ_ONLY_INPUT,3712,201010 | 728006,2,NO
3713,3623,0201010|0201010|0728001,"90x200x14,5 cm, Con 2 tatamis de 100x200 cm",publish,617,527.70,527.70,NO,2,2,2,0201010 | 0728001,0201010=2 | 0728001=1,201010 | 728001,,2,0,COMPLETE_EXACT,INCLUDED_EXACT,,,READY_READ_ONLY_INPUT,3713,201010 | 728001,2,NO
3714,3623,0201003|0201003|0728002,"140x200x14,5 cm, Con 2 tatamis de 70x200 cm",publish,685,592.22,592.22,NO,2,4,2,0201003 | 0728002,0201003=2 | 0728002=1,201003 | 728002,,2,0,COMPLETE_EXACT,INCLUDED_EXACT,,,READY_READ_ONLY_INPUT,3714,201003 | 728002,2,NO
3715,3623,0201003|0201003|0728001,"90x200x14,5 cm, Con 2 tatamis de 70x200 cm",publish,617,521.70,521.70,NO,2,4,2,0201003 | 0728001,0201003=2 | 0728001=1,201003 | 728001,,2,0,COMPLETE_EXACT,INCLUDED_EXACT,,,READY_READ_ONLY_INPUT,3715,201003 | 728001,2,NO
3716,3623,0201004|0201004|0728002,"140x200x14,5 cm, Con 2 tatamis de 76x200 cm",publish,685,592.22,592.22,NO,2,4,2,0201004 | 0728002,0201004=2 | 0728002=1,201004 | 728002,,2,0,COMPLETE_EXACT,INCLUDED_EXACT,,,READY_READ_ONLY_INPUT,3716,201004 | 728002,2,NO
3717,3623,0201004|0201004|0728003,"150x200x14,5 cm, Con 2 tatamis de 76x200 cm",publish,699,603.58,603.58,NO,2,4,2,0201004 | 0728003,0201004=2 | 0728003=1,201004 | 728003,,2,0,COMPLETE_EXACT,INCLUDED_EXACT,,,READY_READ_ONLY_INPUT,3717,201004 | 728003,2,NO
3718,3623,0201004|0201004|0728001,"90x200x14,5 cm, Con 2 tatamis de 76x200 cm",publish,617,521.70,521.70,NO,2,4,2,0201004 | 0728001,0201004=2 | 0728001=1,201004 | 728001,,2,0,COMPLETE_EXACT,INCLUDED_EXACT,,,READY_READ_ONLY_INPUT,3718,201004 | 728001,2,NO
3719,3623,0201001|0201001|0728002,"140x200x14,5 cm, Con 2 tatamis de 80x200 cm",publish,685,592.22,592.22,NO,2,4,2,0201001 | 0728002,0201001=2 | 0728002=1,201001 | 728002,,2,0,COMPLETE_EXACT,INCLUDED_EXACT,,,READY_READ_ONLY_INPUT,3719,201001 | 728002,2,NO
3720,3623,0201001|0201001|0728003,"150x200x14,5 cm, Con 2 tatamis de 80x200 cm",publish,699,603.58,603.58,NO,2,4,2,0201001 | 0728003,0201001=2 | 0728003=1,201001 | 728003,,2,0,COMPLETE_EXACT,INCLUDED_EXACT,,,READY_READ_ONLY_INPUT,3720,201001 | 728003,2,NO
3721,3623,0201001|0201001|0728001,"90x200x14,5 cm, Con 2 tatamis de 80x200 cm",publish,617,521.70,521.70,NO,2,4,2,0201001 | 0728001,0201001=2 | 0728001=1,201001 | 728001,,2,0,COMPLETE_EXACT,INCLUDED_EXACT,,,READY_READ_ONLY_INPUT,3721,201001 | 728001,2,NO
3722,3623,0201002|0201002|0728002,"140x200x14,5 cm, Con 2 tatamis de 90x200 cm",publish,685,592.22,592.22,NO,2,4,2,0201002 | 0728002,0201002=2 | 0728002=1,201002 | 728002,,2,0,COMPLETE_EXACT,INCLUDED_EXACT,,,READY_READ_ONLY_INPUT,3722,201002 | 728002,2,NO
3723,3623,0201002|0201002|0728003,"150x200x14,5 cm, Con 2 tatamis de 90x200 cm",publish,699,603.58,603.58,NO,2,4,2,0201002 | 0728003,0201002=2 | 0728003=1,201002 | 728003,,2,0,COMPLETE_EXACT,INCLUDED_EXACT,,,READY_READ_ONLY_INPUT,3723,201002 | 728003,2,NO
3724,3623,0201002|0201002|0728004,"160x200x14,5 cm, Con 2 tatamis de 90x200 cm",publish,789,680.14,680.14,NO,2,4,2,0201002 | 0728004,0201002=2 | 0728004=1,201002 | 728004,,2,0,COMPLETE_EXACT,INCLUDED_EXACT,,,READY_READ_ONLY_INPUT,3724,201002 | 728004,2,NO
3725,3623,0201002|0201002|0728005,"180x200x14,5 cm, Con 2 tatamis de 90x200 cm",publish,854,736.22,736.22,NO,2,4,2,0201002 | 0728005,0201002=2 | 0728005=1,201002 | 728005,,2,0,COMPLETE_EXACT,INCLUDED_EXACT,,,READY_READ_ONLY_INPUT,3725,201002 | 728005,2,NO
3726,3623,0201002|0201002|0728001,"90x200x14,5 cm, Con 2 tatamis de 90x200 cm",publish,617,521.70,521.70,NO,2,2,2,0201002 | 0728001,0201002=2 | 0728001=1,201002 | 728001,,2,0,COMPLETE_EXACT,INCLUDED_EXACT,,,READY_READ_ONLY_INPUT,3726,201002 | 728001,2,NO
3727,3624,0201010|0201010|0724003,"Con 2 tatamis de 100x200 cm, 140x200x14,5 cm",publish,584,511.48,511.48,NO,2,4,2,0201010 | 0724003,0201010=2 | 0724003=1,201010 | 724003,,2,0,COMPLETE_EXACT,INCLUDED_EXACT,,,READY_READ_ONLY_INPUT,3727,201010 | 724003,2,NO
3728,3624,0201010|0201010|0724004,"Con 2 tatamis de 100x200 cm, 150x200x14,5 cm",publish,634,554.58,554.58,NO,2,4,2,0201010 | 0724004,0201010=2 | 0724004=1,201010 | 724004,,2,0,COMPLETE_EXACT,INCLUDED_EXACT,,,READY_READ_ONLY_INPUT,3728,201010 | 724004,2,NO
3729,3624,0201010|0201010|0724005,"Con 2 tatamis de 100x200 cm, 160x200x14,5 cm",publish,660,576.26,576.26,NO,2,4,2,0201010 | 0724005,0201010=2 | 0724005=1,201010 | 724005,,2,0,COMPLETE_EXACT,INCLUDED_EXACT,,,READY_READ_ONLY_INPUT,3729,201010 | 724005,2,NO
3730,3624,0201010|0201010|0724006,"Con 2 tatamis de 100x200 cm, 180x200x14,5 cm",publish,668,582.96,582.96,NO,2,4,2,0201010 | 0724006,0201010=2 | 0724006=1,201010 | 724006,,2,0,COMPLETE_EXACT,INCLUDED_EXACT,,,READY_READ_ONLY_INPUT,3730,201010 | 724006,2,NO
3731,3624,0201010|0201010|0724007,"Con 2 tatamis de 100x200 cm, 200x200x14,5 cm",publish,694,606.70,606.70,NO,2,4,2,0201010 | 0724007,0201010=2 | 0724007=1,201010 | 724007,,2,0,COMPLETE_EXACT,INCLUDED_EXACT,,,READY_READ_ONLY_INPUT,3731,201010 | 724007,2,NO
3732,3624,0201010|0201010|0724001,"Con 2 tatamis de 100x200 cm, 90x200x14,5 cm",publish,514,443.70,443.70,NO,2,4,2,0201010 | 0724001,0201010=2 | 0724001=1,201010 | 724001,,2,0,COMPLETE_EXACT,INCLUDED_EXACT,,,READY_READ_ONLY_INPUT,3732,201010 | 724001,2,NO
3733,3624,0201003|0201003|0724003,"Con 2 tatamis de 70x200 cm, 140x200x14,5 cm",publish,584,505.48,505.48,NO,2,4,2,0201003 | 0724003,0201003=2 | 0724003=1,201003 | 724003,,2,0,COMPLETE_EXACT,INCLUDED_EXACT,,,READY_READ_ONLY_INPUT,3733,201003 | 724003,2,NO
3734,3624,0201003|0201003|0724001,"Con 2 tatamis de 70x200 cm, 90x200x14,5 cm",publish,514,437.70,437.70,NO,2,4,2,0201003 | 0724001,0201003=2 | 0724001=1,201003 | 724001,,2,0,COMPLETE_EXACT,INCLUDED_EXACT,,,READY_READ_ONLY_INPUT,3734,201003 | 724001,2,NO
3735,3624,0201004|0201004|0724003,"Con 2 tatamis de 76x200 cm, 140x200x14,5 cm",publish,584,505.48,505.48,NO,2,4,2,0201004 | 0724003,0201004=2 | 0724003=1,201004 | 724003,,2,0,COMPLETE_EXACT,INCLUDED_EXACT,,,READY_READ_ONLY_INPUT,3735,201004 | 724003,2,NO
3736,3624,0201004|0201004|0724004,"Con 2 tatamis de 76x200 cm, 150x200x14,5 cm",publish,634,548.58,548.58,NO,2,4,2,0201004 | 0724004,0201004=2 | 0724004=1,201004 | 724004,,2,0,COMPLETE_EXACT,INCLUDED_EXACT,,,READY_READ_ONLY_INPUT,3736,201004 | 724004,2,NO
3737,3624,0201004|0201004|0724001,"Con 2 tatamis de 76x200 cm, 90x200x14,5 cm",publish,514,437.70,437.70,NO,2,4,2,0201004 | 0724001,0201004=2 | 0724001=1,201004 | 724001,,2,0,COMPLETE_EXACT,INCLUDED_EXACT,,,READY_READ_ONLY_INPUT,3737,201004 | 724001,2,NO
3738,3624,0201001|0201001|0724003,"Con 2 tatamis de 80x200 cm, 140x200x14,5 cm",publish,584,505.48,505.48,NO,2,4,2,0201001 | 0724003,0201001=2 | 0724003=1,201001 | 724003,,2,0,COMPLETE_EXACT,INCLUDED_EXACT,,,READY_READ_ONLY_INPUT,3738,201001 | 724003,2,NO
3739,3624,0201001|0201001|0724004,"Con 2 tatamis de 80x200 cm, 150x200x14,5 cm",publish,634,548.58,548.58,NO,2,4,2,0201001 | 0724004,0201001=2 | 0724004=1,201001 | 724004,,2,0,COMPLETE_EXACT,INCLUDED_EXACT,,,READY_READ_ONLY_INPUT,3739,201001 | 724004,2,NO
3740,3624,0201001|0201001|0724005,"Con 2 tatamis de 80x200 cm, 160x200x14,5 cm",publish,660,570.26,570.26,NO,2,4,2,0201001 | 0724005,0201001=2 | 0724005=1,201001 | 724005,,2,0,COMPLETE_EXACT,INCLUDED_EXACT,,,READY_READ_ONLY_INPUT,3740,201001 | 724005,2,NO
3741,3624,0201001|0201001|0724001,"Con 2 tatamis de 80x200 cm, 90x200x14,5 cm",publish,514,437.70,437.70,NO,2,4,2,0201001 | 0724001,0201001=2 | 0724001=1,201001 | 724001,,2,0,COMPLETE_EXACT,INCLUDED_EXACT,,,READY_READ_ONLY_INPUT,3741,201001 | 724001,2,NO
3742,3624,0201002|0201002|0724003,"Con 2 tatamis de 90x200 cm, 140x200x14,5 cm",publish,584,505.48,505.48,NO,2,4,2,0201002 | 0724003,0201002=2 | 0724003=1,201002 | 724003,,2,0,COMPLETE_EXACT,INCLUDED_EXACT,,,READY_READ_ONLY_INPUT,3742,201002 | 724003,2,NO
3743,3624,0201002|0201002|0724004,"Con 2 tatamis de 90x200 cm, 150x200x14,5 cm",publish,634,548.58,548.58,NO,2,4,2,0201002 | 0724004,0201002=2 | 0724004=1,201002 | 724004,,2,0,COMPLETE_EXACT,INCLUDED_EXACT,,,READY_READ_ONLY_INPUT,3743,201002 | 724004,2,NO
3744,3624,0201002|0201002|0724005,"Con 2 tatamis de 90x200 cm, 160x200x14,5 cm",publish,660,570.26,570.26,NO,2,4,2,0201002 | 0724005,0201002=2 | 0724005=1,201002 | 724005,,2,0,COMPLETE_EXACT,INCLUDED_EXACT,,,READY_READ_ONLY_INPUT,3744,201002 | 724005,2,NO
3745,3624,0201002|0201002|0724006,"Con 2 tatamis de 90x200 cm, 180x200x14,5 cm",publish,668,576.96,576.96,NO,2,4,2,0201002 | 0724006,0201002=2 | 0724006=1,201002 | 724006,,2,0,COMPLETE_EXACT,INCLUDED_EXACT,,,READY_READ_ONLY_INPUT,3745,201002 | 724006,2,NO
3746,3624,0201002|0201002|0724001,"Con 2 tatamis de 90x200 cm, 90x200x14,5 cm",publish,514,437.70,437.70,NO,2,4,2,0201002 | 0724001,0201002=2 | 0724001=1,201002 | 724001,,2,0,COMPLETE_EXACT,INCLUDED_EXACT,,,READY_READ_ONLY_INPUT,3746,201002 | 724001,2,NO
3753,3629,0502012|1002004,Con cajón,publish,582.00,507.00,507.00,NO,2,4,2,0502012 | 1002004,0502012=1 | 1002004=1,1002004 | 502012,,2,0,COMPLETE_EXACT,INCLUDED_EXACT,,,READY_READ_ONLY_INPUT,3753,1002004 | 502012,2,NO
3921,3647,0504012|0730002,"Futón con dos capas de látex, 140x200x14,5 cm, Sin funda",publish,1059,919.90,919.90,NO,2,4,2,0504012 | 0730002,0504012=1 | 0730002=1,504012 | 730002,,2,0,COMPLETE_EXACT,INCLUDED_EXACT,,,READY_READ_ONLY_INPUT,3921,504012 | 730002,2,NO
3925,3647,0504012|0730002|0608002,"Futón con dos capas de látex, 140x200x14,5 cm, Crudo",publish,1147,991.90,991.90,NO,3,3,3,0504012 | 0608002 | 0730002,0504012=1 | 0608002=1 | 0730002=1,504012 | 608002 | 730002,,3,0,COMPLETE_EXACT,INCLUDED_EXACT,,,READY_READ_ONLY_INPUT,3925,504012 | 608002 | 730002,3,NO
3929,3647,0504012|0730002|0616002,"Futón con dos capas de látex, 140x200x14,5 cm, Negro",publish,1147,991.90,991.90,NO,3,3,3,0504012 | 0616002 | 0730002,0504012=1 | 0616002=1 | 0730002=1,504012 | 616002 | 730002,,3,0,COMPLETE_EXACT,INCLUDED_EXACT,,,READY_READ_ONLY_INPUT,3929,504012 | 616002 | 730002,3,NO
3933,3647,0504012|0728002,"Futón con una capa de látex, 140x200x14,5 cm, Sin funda",publish,914,799.90,799.90,NO,2,4,2,0504012 | 0728002,0504012=1 | 0728002=1,504012 | 728002,,2,0,COMPLETE_EXACT,INCLUDED_EXACT,,,READY_READ_ONLY_INPUT,3933,504012 | 728002,2,NO
3937,3647,0504012|0728002|0608002,"Futón con una capa de látex, 140x200x14,5 cm, Crudo",publish,943,871.90,871.90,NO,3,3,3,0504012 | 0608002 | 0728002,0504012=1 | 0608002=1 | 0728002=1,504012 | 608002 | 728002,,3,0,COMPLETE_EXACT,INCLUDED_EXACT,,,READY_READ_ONLY_INPUT,3937,504012 | 608002 | 728002,3,NO
3941,3647,0504012|0728002|0616002,"Futón con una capa de látex, 140x200x14,5 cm, Negro",publish,943,871.90,871.90,NO,3,3,3,0504012 | 0616002 | 0728002,0504012=1 | 0616002=1 | 0728002=1,504012 | 616002 | 728002,,3,0,COMPLETE_EXACT,INCLUDED_EXACT,,,READY_READ_ONLY_INPUT,3941,504012 | 616002 | 728002,3,NO
3993,3647,0504012|0724003,"Futón de algodón, 140x200x14,5 cm, Sin funda",publish,812,715.90,715.90,NO,2,4,2,0504012 | 0724003,0504012=1 | 0724003=1,504012 | 724003,,2,0,COMPLETE_EXACT,INCLUDED_EXACT,,,READY_READ_ONLY_INPUT,3993,504012 | 724003,2,NO
3997,3647,0504012|0724003|0608002,"Futón de algodón, 140x200x14,5 cm, Crudo",publish,899,787.90,787.90,NO,3,3,3,0504012 | 0608002 | 0724003,0504012=1 | 0608002=1 | 0724003=1,504012 | 608002 | 724003,,3,0,COMPLETE_EXACT,INCLUDED_EXACT,,,READY_READ_ONLY_INPUT,3997,504012 | 608002 | 724003,3,NO
4001,3647,0504012|0724003|0616002,"Futón de algodón, 140x200x14,5 cm, Negro",publish,899,787.90,787.90,NO,3,3,3,0504012 | 0616002 | 0724003,0504012=1 | 0616002=1 | 0724003=1,504012 | 616002 | 724003,,3,0,COMPLETE_EXACT,INCLUDED_EXACT,,,READY_READ_ONLY_INPUT,4001,504012 | 616002 | 724003,3,NO
4005,3648,0504009|0728001,"90x200x8 cm, 90x120x100 cm, 90x200 cm, Futón con una capa de látex, 90x200x14,5 cm, Sin funda",publish,463.19,385.99,385.99,NO,2,4,2,0504009 | 0728001,0504009=1 | 0728001=1,504009 | 728001,,2,0,COMPLETE_EXACT,INCLUDED_EXACT,,,READY_READ_ONLY_INPUT,4005,504009 | 728001,2,NO
4006,3648,0504009|0728001|0615001,"90x200x8 cm, 90x120x100 cm, 90x200 cm, Futón con una capa de látex, 90x200x14,5 cm, Amarillo",publish,491.99,409.99,409.99,NO,3,3,3,0504009 | 0615001 | 0728001,0504009=1 | 0615001=1 | 0728001=1,504009 | 615001 | 728001,,3,0,COMPLETE_EXACT,INCLUDED_EXACT,,,READY_READ_ONLY_INPUT,4006,504009 | 615001 | 728001,3,NO
4007,3648,0504009|0728001|0609001,"90x200x8 cm, 90x120x100 cm, 90x200 cm, Futón con una capa de látex, 90x200x14,5 cm, Azul",publish,491.99,409.99,409.99,NO,3,3,3,0504009 | 0609001 | 0728001,0504009=1 | 0609001=1 | 0728001=1,504009 | 609001 | 728001,,3,0,COMPLETE_EXACT,INCLUDED_EXACT,,,READY_READ_ONLY_INPUT,4007,504009 | 609001 | 728001,3,NO
4009,3648,0504009|0728001|0608001,"90x200x8 cm, 90x120x100 cm, 90x200 cm, Futón con una capa de látex, 90x200x14,5 cm, Crudo",publish,491.99,409.99,409.99,NO,3,6,3,0504009 | 0608001 | 0728001,0504009=1 | 0608001=1 | 0728001=1,504009 | 608001 | 728001,,3,0,COMPLETE_EXACT,INCLUDED_EXACT,,,READY_READ_ONLY_INPUT,4009,504009 | 608001 | 728001,3,NO
4010,3648,0504009|0728001|0606001,"90x200x8 cm, 90x120x100 cm, 90x200 cm, Futón con una capa de látex, 90x200x14,5 cm, Granate",publish,491.99,409.99,409.99,NO,3,3,3,0504009 | 0606001 | 0728001,0504009=1 | 0606001=1 | 0728001=1,504009 | 606001 | 728001,,3,0,COMPLETE_EXACT,INCLUDED_EXACT,,,READY_READ_ONLY_INPUT,4010,504009 | 606001 | 728001,3,NO
4013,3648,0504009|0728001|0616001,"90x200x8 cm, 90x120x100 cm, 90x200 cm, Futón con una capa de látex, 90x200x14,5 cm, Negro",publish,491.99,409.99,409.99,NO,3,3,3,0504009 | 0616001 | 0728001,0504009=1 | 0616001=1 | 0728001=1,504009 | 616001 | 728001,,3,0,COMPLETE_EXACT,INCLUDED_EXACT,,,READY_READ_ONLY_INPUT,4013,504009 | 616001 | 728001,3,NO
4014,3648,0504009|0728001|0607001,"90x200x8 cm, 90x120x100 cm, 90x200 cm, Futón con una capa de látex, 90x200x14,5 cm, Rojo",publish,491.99,409.99,409.99,NO,3,3,3,0504009 | 0607001 | 0728001,0504009=1 | 0607001=1 | 0728001=1,504009 | 607001 | 728001,,3,0,COMPLETE_EXACT,INCLUDED_EXACT,,,READY_READ_ONLY_INPUT,4014,504009 | 607001 | 728001,3,NO
4017,3648,0504009|0730001,"90x200x8 cm, 90x120x100 cm, 90x200 cm, Futón con dos capas de látex, 90x200x14,5 cm, Sin funda",publish,520.79,433.99,433.99,NO,2,4,2,0504009 | 0730001,0504009=1 | 0730001=1,504009 | 730001,,2,0,COMPLETE_EXACT,INCLUDED_EXACT,,,READY_READ_ONLY_INPUT,4017,504009 | 730001,2,NO
4018,3648,0504009|0730001|0615001,"90x200x8 cm, 90x120x100 cm, 90x200 cm, Futón con dos capas de látex, 90x200x14,5 cm, Amarillo",publish,549.59,457.99,457.99,NO,3,3,3,0504009 | 0615001 | 0730001,0504009=1 | 0615001=1 | 0730001=1,504009 | 615001 | 730001,,3,0,COMPLETE_EXACT,INCLUDED_EXACT,,,READY_READ_ONLY_INPUT,4018,504009 | 615001 | 730001,3,NO
4019,3648,0504009|0730001|0609001,"90x200x8 cm, 90x120x100 cm, 90x200 cm, Futón con dos capas de látex, 90x200x14,5 cm, Azul",publish,549.59,457.99,457.99,NO,3,3,3,0504009 | 0609001 | 0730001,0504009=1 | 0609001=1 | 0730001=1,504009 | 609001 | 730001,,3,0,COMPLETE_EXACT,INCLUDED_EXACT,,,READY_READ_ONLY_INPUT,4019,504009 | 609001 | 730001,3,NO
4021,3648,0504009|0730001|0608001,"90x200x8 cm, 90x120x100 cm, 90x200 cm, Futón con dos capas de látex, 90x200x14,5 cm, Crudo",publish,549.59,457.99,457.99,NO,3,6,3,0504009 | 0608001 | 0730001,0504009=1 | 0608001=1 | 0730001=1,504009 | 608001 | 730001,,3,0,COMPLETE_EXACT,INCLUDED_EXACT,,,READY_READ_ONLY_INPUT,4021,504009 | 608001 | 730001,3,NO
4022,3648,0504009|0730001|0606001,"90x200x8 cm, 90x120x100 cm, 90x200 cm, Futón con dos capas de látex, 90x200x14,5 cm, Granate",publish,549.59,457.99,457.99,NO,3,3,3,0504009 | 0606001 | 0730001,0504009=1 | 0606001=1 | 0730001=1,504009 | 606001 | 730001,,3,0,COMPLETE_EXACT,INCLUDED_EXACT,,,READY_READ_ONLY_INPUT,4022,504009 | 606001 | 730001,3,NO
4025,3648,0504009|0730001|0616001,"90x200x8 cm, 90x120x100 cm, 90x200 cm, Futón con dos capas de látex, 90x200x14,5 cm, Negro",publish,549.59,457.99,457.99,NO,3,3,3,0504009 | 0616001 | 0730001,0504009=1 | 0616001=1 | 0730001=1,504009 | 616001 | 730001,,3,0,COMPLETE_EXACT,INCLUDED_EXACT,,,READY_READ_ONLY_INPUT,4025,504009 | 616001 | 730001,3,NO
4026,3648,0504009|0730001|0607001,"90x200x8 cm, 90x120x100 cm, 90x200 cm, Futón con dos capas de látex, 90x200x14,5 cm, Rojo",publish,549.59,457.99,457.99,NO,3,3,3,0504009 | 0607001 | 0730001,0504009=1 | 0607001=1 | 0730001=1,504009 | 607001 | 730001,,3,0,COMPLETE_EXACT,INCLUDED_EXACT,,,READY_READ_ONLY_INPUT,4026,504009 | 607001 | 730001,3,NO
4029,3648,0504009|0724001,"90x200x8 cm, 90x120x100 cm, 90x200 cm, Futón de algodón, 90x200x14,5 cm, Sin funda",publish,405.59,337.99,337.99,NO,2,4,2,0504009 | 0724001,0504009=1 | 0724001=1,504009 | 724001,,2,0,COMPLETE_EXACT,INCLUDED_EXACT,,,READY_READ_ONLY_INPUT,4029,504009 | 724001,2,NO
4030,3648,0504009|0724001|0615001,"90x200x8 cm, 90x120x100 cm, 90x200 cm, Futón de algodón, 90x200x14,5 cm, Amarillo",publish,434.39,361.99,361.99,NO,3,3,3,0504009 | 0615001 | 0724001,0504009=1 | 0615001=1 | 0724001=1,504009 | 615001 | 724001,,3,0,COMPLETE_EXACT,INCLUDED_EXACT,,,READY_READ_ONLY_INPUT,4030,504009 | 615001 | 724001,3,NO
4031,3648,0504009|0724001|0609001,"90x200x8 cm, 90x120x100 cm, 90x200 cm, Futón de algodón, 90x200x14,5 cm, Azul",publish,434.39,361.99,361.99,NO,3,3,3,0504009 | 0609001 | 0724001,0504009=1 | 0609001=1 | 0724001=1,504009 | 609001 | 724001,,3,0,COMPLETE_EXACT,INCLUDED_EXACT,,,READY_READ_ONLY_INPUT,4031,504009 | 609001 | 724001,3,NO
4033,3648,0504009|0724001|0608001,"90x200x8 cm, 90x120x100 cm, 90x200 cm, Futón de algodón, 90x200x14,5 cm, Crudo",publish,434.39,361.99,361.99,NO,3,6,3,0504009 | 0608001 | 0724001,0504009=1 | 0608001=1 | 0724001=1,504009 | 608001 | 724001,,3,0,COMPLETE_EXACT,INCLUDED_EXACT,,,READY_READ_ONLY_INPUT,4033,504009 | 608001 | 724001,3,NO
4034,3648,0504009|0724001|0606001,"90x200x8 cm, 90x120x100 cm, 90x200 cm, Futón de algodón, 90x200x14,5 cm, Granate",publish,434.39,361.99,361.99,NO,3,3,3,0504009 | 0606001 | 0724001,0504009=1 | 0606001=1 | 0724001=1,504009 | 606001 | 724001,,3,0,COMPLETE_EXACT,INCLUDED_EXACT,,,READY_READ_ONLY_INPUT,4034,504009 | 606001 | 724001,3,NO
4037,3648,0504009|0724001|0616001,"90x200x8 cm, 90x120x100 cm, 90x200 cm, Futón de algodón, 90x200x14,5 cm, Negro",publish,434.39,361.99,361.99,NO,3,3,3,0504009 | 0616001 | 0724001,0504009=1 | 0616001=1 | 0724001=1,504009 | 616001 | 724001,,3,0,COMPLETE_EXACT,INCLUDED_EXACT,,,READY_READ_ONLY_INPUT,4037,504009 | 616001 | 724001,3,NO
4038,3648,0504009|0724001|0607001,"90x200x8 cm, 90x120x100 cm, 90x200 cm, Futón de algodón, 90x200x14,5 cm, Rojo",publish,434.39,361.99,361.99,NO,3,3,3,0504009 | 0607001 | 0724001,0504009=1 | 0607001=1 | 0724001=1,504009 | 607001 | 724001,,3,0,COMPLETE_EXACT,INCLUDED_EXACT,,,READY_READ_ONLY_INPUT,4038,504009 | 607001 | 724001,3,NO
4041,3648,0504010|0728002,"140x200x8 cm, 140x120x100 cm, 140x200 cm, Futón con una capa de látex, 140x200x14,5 cm, Sin funda",publish,508.19,441.90,441.90,NO,2,4,2,0504010 | 0728002,0504010=1 | 0728002=1,504010 | 728002,,2,0,COMPLETE_EXACT,INCLUDED_EXACT,,,READY_READ_ONLY_INPUT,4041,504010 | 728002,2,NO
4042,3648,0504010|0728002|0615002,"140x200x8 cm, 140x120x100 cm, 140x200 cm, Futón con una capa de látex, 140x200x14,5 cm, Amarillo",publish,545.09,473.99,473.99,NO,3,3,3,0504010 | 0615002 | 0728002,0504010=1 | 0615002=1 | 0728002=1,504010 | 615002 | 728002,,3,0,COMPLETE_EXACT,INCLUDED_EXACT,,,READY_READ_ONLY_INPUT,4042,504010 | 615002 | 728002,3,NO
4043,3648,0504010|0728002|0609002,"140x200x8 cm, 140x120x100 cm, 140x200 cm, Futón con una capa de látex, 140x200x14,5 cm, Azul",publish,545.09,473.99,473.99,NO,3,3,3,0504010 | 0609002 | 0728002,0504010=1 | 0609002=1 | 0728002=1,504010 | 609002 | 728002,,3,0,COMPLETE_EXACT,INCLUDED_EXACT,,,READY_READ_ONLY_INPUT,4043,504010 | 609002 | 728002,3,NO
4045,3648,0504010|0728002|0608002,"140x200x8 cm, 140x120x100 cm, 140x200 cm, Futón con una capa de látex, 140x200x14,5 cm, Crudo",publish,545.09,473.99,473.99,NO,3,6,3,0504010 | 0608002 | 0728002,0504010=1 | 0608002=1 | 0728002=1,504010 | 608002 | 728002,,3,0,COMPLETE_EXACT,INCLUDED_EXACT,,,READY_READ_ONLY_INPUT,4045,504010 | 608002 | 728002,3,NO
4046,3648,0504010|0728002|0606002,"140x200x8 cm, 140x120x100 cm, 140x200 cm, Futón con una capa de látex, 140x200x14,5 cm, Granate",publish,545.09,473.99,473.99,NO,3,3,3,0504010 | 0606002 | 0728002,0504010=1 | 0606002=1 | 0728002=1,504010 | 606002 | 728002,,3,0,COMPLETE_EXACT,INCLUDED_EXACT,,,READY_READ_ONLY_INPUT,4046,504010 | 606002 | 728002,3,NO
4049,3648,0504010|0728002|0616002,"140x200x8 cm, 140x120x100 cm, 140x200 cm, Futón con una capa de látex, 140x200x14,5 cm, Negro",publish,545.09,473.99,473.99,NO,3,3,3,0504010 | 0616002 | 0728002,0504010=1 | 0616002=1 | 0728002=1,504010 | 616002 | 728002,,3,0,COMPLETE_EXACT,INCLUDED_EXACT,,,READY_READ_ONLY_INPUT,4049,504010 | 616002 | 728002,3,NO
4050,3648,0504010|0728002|0607002,"140x200x8 cm, 140x120x100 cm, 140x200 cm, Futón con una capa de látex, 140x200x14,5 cm, Rojo",publish,545.09,473.99,473.99,NO,3,3,3,0504010 | 0607002 | 0728002,0504010=1 | 0607002=1 | 0728002=1,504010 | 607002 | 728002,,3,0,COMPLETE_EXACT,INCLUDED_EXACT,,,READY_READ_ONLY_INPUT,4050,504010 | 607002 | 728002,3,NO
4052,3648,0504010|0728002|0614002,"140x200x8 cm, 140x120x100 cm, 140x200 cm, Futón con una capa de látex, 140x200x14,5 cm, Verde",publish,545.09,473.99,473.99,NO,3,3,3,0504010 | 0614002 | 0728002,0504010=1 | 0614002=1 | 0728002=1,504010 | 614002 | 728002,,3,0,COMPLETE_EXACT,INCLUDED_EXACT,,,READY_READ_ONLY_INPUT,4052,504010 | 614002 | 728002,3,NO
4053,3648,0504010|0730002,"140x200x8 cm, 140x120x100 cm, 140x200 cm, Futón con dos capas de látex, 140x200x14,5 cm, Sin funda",publish,765.89,665.99,665.99,NO,2,4,2,0504010 | 0730002,0504010=1 | 0730002=1,504010 | 730002,,2,0,COMPLETE_EXACT,INCLUDED_EXACT,,,READY_READ_ONLY_INPUT,4053,504010 | 730002,2,NO
4054,3648,0504010|0730002|0615002,"140x200x8 cm, 140x120x100 cm, 140x200 cm, Futón con dos capas de látex, 140x200x14,5 cm, Amarillo",publish,811.89,705.99,705.99,NO,3,3,3,0504010 | 0615002 | 0730002,0504010=1 | 0615002=1 | 0730002=1,504010 | 615002 | 730002,,3,0,COMPLETE_EXACT,INCLUDED_EXACT,,,READY_READ_ONLY_INPUT,4054,504010 | 615002 | 730002,3,NO
4055,3648,0504010|0730002|0609002,"140x200x8 cm, 140x120x100 cm, 140x200 cm, Futón con dos capas de látex, 140x200x14,5 cm, Azul",publish,811.89,705.99,705.99,NO,3,3,3,0504010 | 0609002 | 0730002,0504010=1 | 0609002=1 | 0730002=1,504010 | 609002 | 730002,,3,0,COMPLETE_EXACT,INCLUDED_EXACT,,,READY_READ_ONLY_INPUT,4055,504010 | 609002 | 730002,3,NO
4057,3648,0504010|0730002|0608002,"140x200x8 cm, 140x120x100 cm, 140x200 cm, Futón con dos capas de látex, 140x200x14,5 cm, Crudo",publish,811.89,705.99,705.99,NO,3,6,3,0504010 | 0608002 | 0730002,0504010=1 | 0608002=1 | 0730002=1,504010 | 608002 | 730002,,3,0,COMPLETE_EXACT,INCLUDED_EXACT,,,READY_READ_ONLY_INPUT,4057,504010 | 608002 | 730002,3,NO
4058,3648,0504010|0730002|0606002,"140x200x8 cm, 140x120x100 cm, 140x200 cm, Futón con dos capas de látex, 140x200x14,5 cm, Granate",publish,811.89,705.99,705.99,NO,3,3,3,0504010 | 0606002 | 0730002,0504010=1 | 0606002=1 | 0730002=1,504010 | 606002 | 730002,,3,0,COMPLETE_EXACT,INCLUDED_EXACT,,,READY_READ_ONLY_INPUT,4058,504010 | 606002 | 730002,3,NO
4061,3648,0504010|0730002|0616002,"140x200x8 cm, 140x120x100 cm, 140x200 cm, Futón con dos capas de látex, 140x200x14,5 cm, Negro",publish,811.89,705.99,705.99,NO,3,3,3,0504010 | 0616002 | 0730002,0504010=1 | 0616002=1 | 0730002=1,504010 | 616002 | 730002,,3,0,COMPLETE_EXACT,INCLUDED_EXACT,,,READY_READ_ONLY_INPUT,4061,504010 | 616002 | 730002,3,NO
4062,3648,0504010|0730002|0607002,"140x200x8 cm, 140x120x100 cm, 140x200 cm, Futón con dos capas de látex, 140x200x14,5 cm, Rojo",publish,811.89,705.99,705.99,NO,3,3,3,0504010 | 0607002 | 0730002,0504010=1 | 0607002=1 | 0730002=1,504010 | 607002 | 730002,,3,0,COMPLETE_EXACT,INCLUDED_EXACT,,,READY_READ_ONLY_INPUT,4062,504010 | 607002 | 730002,3,NO
4064,3648,0504010|0730002|0614002,"140x200x8 cm, 140x120x100 cm, 140x200 cm, Futón con dos capas de látex, 140x200x14,5 cm, Verde",publish,811.89,705.99,705.99,NO,3,3,3,0504010 | 0614002 | 0730002,0504010=1 | 0614002=1 | 0730002=1,504010 | 614002 | 730002,,3,0,COMPLETE_EXACT,INCLUDED_EXACT,,,READY_READ_ONLY_INPUT,4064,504010 | 614002 | 730002,3,NO
4065,3648,0504010|0724003,"140x200x8 cm, 140x120x100 cm, 140x200 cm, Futón de algodón, 140x200x14,5 cm, Sin funda",publish,434.69,377.99,377.99,NO,2,4,2,0504010 | 0724003,0504010=1 | 0724003=1,504010 | 724003,,2,0,COMPLETE_EXACT,INCLUDED_EXACT,,,READY_READ_ONLY_INPUT,4065,504010 | 724003,2,NO
4066,3648,0504010|0724003|0615002,"140x200x8 cm, 140x120x100 cm, 140x200 cm, Futón de algodón, 140x200x14,5 cm, Amarillo",publish,471.49,409.99,409.99,NO,3,3,3,0504010 | 0615002 | 0724003,0504010=1 | 0615002=1 | 0724003=1,504010 | 615002 | 724003,,3,0,COMPLETE_EXACT,INCLUDED_EXACT,,,READY_READ_ONLY_INPUT,4066,504010 | 615002 | 724003,3,NO
4068,3648,0504010|0724003|0608002,"140x200x8 cm, 140x120x100 cm, 140x200 cm, Futón de algodón, 140x200x14,5 cm, Crudo",publish,471.49,409.99,409.99,NO,3,6,3,0504010 | 0608002 | 0724003,0504010=1 | 0608002=1 | 0724003=1,504010 | 608002 | 724003,,3,0,COMPLETE_EXACT,INCLUDED_EXACT,,,READY_READ_ONLY_INPUT,4068,504010 | 608002 | 724003,3,NO
4069,3648,0504010|0724003|0606002,"140x200x8 cm, 140x120x100 cm, 140x200 cm, Futón de algodón, 140x200x14,5 cm, Granate",publish,471.49,409.99,409.99,NO,3,3,3,0504010 | 0606002 | 0724003,0504010=1 | 0606002=1 | 0724003=1,504010 | 606002 | 724003,,3,0,COMPLETE_EXACT,INCLUDED_EXACT,,,READY_READ_ONLY_INPUT,4069,504010 | 606002 | 724003,3,NO
4072,3648,0504010|0724003|0616002,"140x200x8 cm, 140x120x100 cm, 140x200 cm, Futón de algodón, 140x200x14,5 cm, Negro",publish,471.49,409.99,409.99,NO,3,3,3,0504010 | 0616002 | 0724003,0504010=1 | 0616002=1 | 0724003=1,504010 | 616002 | 724003,,3,0,COMPLETE_EXACT,INCLUDED_EXACT,,,READY_READ_ONLY_INPUT,4072,504010 | 616002 | 724003,3,NO
4073,3648,0504010|0724003|0607002,"140x200x8 cm, 140x120x100 cm, 140x200 cm, Futón de algodón, 140x200x14,5 cm, Rojo",publish,471.49,409.99,409.99,NO,3,3,3,0504010 | 0607002 | 0724003,0504010=1 | 0607002=1 | 0724003=1,504010 | 607002 | 724003,,3,0,COMPLETE_EXACT,INCLUDED_EXACT,,,READY_READ_ONLY_INPUT,4073,504010 | 607002 | 724003,3,NO
4075,3648,0504010|0724003|0614002,"140x200x8 cm, 140x120x100 cm, 140x200 cm, Futón de algodón, 140x200x14,5 cm, Verde",publish,471.49,409.99,409.99,NO,3,3,3,0504010 | 0614002 | 0724003,0504010=1 | 0614002=1 | 0724003=1,504010 | 614002 | 724003,,3,0,COMPLETE_EXACT,INCLUDED_EXACT,,,READY_READ_ONLY_INPUT,4075,504010 | 614002 | 724003,3,NO
4076,3648,0504010|1253003,"140x200x8 cm, 140x120x100 cm, 140x200 cm, Futón de algodón de colores de dos plazas, 140x200x14,5 cm, Gris oscuro, Sin funda",publish,417.44,362.99,362.99,NO,2,2,2,0504010 | 1253003,0504010=1 | 1253003=1,1253003 | 504010,,2,0,COMPLETE_EXACT,INCLUDED_EXACT,,,READY_READ_ONLY_INPUT,4076,1253003 | 504010,2,NO
4077,3648,0504010|1253003|0615002,"140x200x8 cm, 140x120x100 cm, 140x200 cm, Futón de algodón de colores de dos plazas, 140x200x14,5 cm, Gris oscuro, Amarillo",publish,719.89,553.48,553.48,NO,3,3,3,0504010 | 0615002 | 1253003,0504010=1 | 0615002=1 | 1253003=1,1253003 | 504010 | 615002,,3,0,COMPLETE_EXACT,INCLUDED_EXACT,,,READY_READ_ONLY_INPUT,4077,1253003 | 504010 | 615002,3,NO
4078,3648,0504010|1253003|0609002,"140x200x8 cm, 140x120x100 cm, 140x200 cm, Futón de algodón de colores de dos plazas, 140x200x14,5 cm, Gris oscuro, Azul",publish,496.79,431.99,431.99,NO,3,3,3,0504010 | 0609002 | 1253003,0504010=1 | 0609002=1 | 1253003=1,1253003 | 504010 | 609002,,3,0,COMPLETE_EXACT,INCLUDED_EXACT,,,READY_READ_ONLY_INPUT,4078,1253003 | 504010 | 609002,3,NO
4080,3648,0504010|1253003|0608002,"140x200x8 cm, 140x120x100 cm, 140x200 cm, Futón de algodón de colores de dos plazas, 140x200x14,5 cm, Gris oscuro, Crudo",publish,496.79,431.99,431.99,NO,3,3,3,0504010 | 0608002 | 1253003,0504010=1 | 0608002=1 | 1253003=1,1253003 | 504010 | 608002,,3,0,COMPLETE_EXACT,INCLUDED_EXACT,,,READY_READ_ONLY_INPUT,4080,1253003 | 504010 | 608002,3,NO
4081,3648,0504010|1253003|0606002,"140x200x8 cm, 140x120x100 cm, 140x200 cm, Futón de algodón de colores de dos plazas, 140x200x14,5 cm, Gris oscuro, Granate",publish,496.79,431.99,431.99,NO,3,3,3,0504010 | 0606002 | 1253003,0504010=1 | 0606002=1 | 1253003=1,1253003 | 504010 | 606002,,3,0,COMPLETE_EXACT,INCLUDED_EXACT,,,READY_READ_ONLY_INPUT,4081,1253003 | 504010 | 606002,3,NO
4084,3648,0504010|1253003|0616002,"140x200x8 cm, 140x120x100 cm, 140x200 cm, Futón de algodón de colores de dos plazas, 140x200x14,5 cm, Gris oscuro, Negro",publish,496.79,431.99,431.99,NO,3,3,3,0504010 | 0616002 | 1253003,0504010=1 | 0616002=1 | 1253003=1,1253003 | 504010 | 616002,,3,0,COMPLETE_EXACT,INCLUDED_EXACT,,,READY_READ_ONLY_INPUT,4084,1253003 | 504010 | 616002,3,NO
4085,3648,0504010|1253003|0607002,"140x200x8 cm, 140x120x100 cm, 140x200 cm, Futón de algodón de colores de dos plazas, 140x200x14,5 cm, Gris oscuro, Rojo",publish,496.79,431.99,431.99,NO,3,3,3,0504010 | 0607002 | 1253003,0504010=1 | 0607002=1 | 1253003=1,1253003 | 504010 | 607002,,3,0,COMPLETE_EXACT,INCLUDED_EXACT,,,READY_READ_ONLY_INPUT,4085,1253003 | 504010 | 607002,3,NO
4087,3648,0504010|1253003|0614002,"140x200x8 cm, 140x120x100 cm, 140x200 cm, Futón de algodón de colores de dos plazas, 140x200x14,5 cm, Gris oscuro, Verde",publish,496.79,431.99,431.99,NO,3,3,3,0504010 | 0614002 | 1253003,0504010=1 | 0614002=1 | 1253003=1,1253003 | 504010 | 614002,,3,0,COMPLETE_EXACT,INCLUDED_EXACT,,,READY_READ_ONLY_INPUT,4087,1253003 | 504010 | 614002,3,NO
4100,3648,0504010|1254005,"140x200x8 cm, 140x120x100 cm, 140x200 cm, Futón de algodón de colores de dos plazas, 140x200x14,5 cm, Rojo, Sin funda",publish,417.44,362.99,362.99,NO,2,2,2,0504010 | 1254005,0504010=1 | 1254005=1,1254005 | 504010,,2,0,COMPLETE_EXACT,INCLUDED_EXACT,,,READY_READ_ONLY_INPUT,4100,1254005 | 504010,2,NO
4101,3648,0504010|1254005|0615002,"140x200x8 cm, 140x120x100 cm, 140x200 cm, Futón de algodón de colores de dos plazas, 140x200x14,5 cm, Rojo, Amarillo",publish,496.79,431.99,431.99,NO,3,3,3,0504010 | 0615002 | 1254005,0504010=1 | 0615002=1 | 1254005=1,1254005 | 504010 | 615002,,3,0,COMPLETE_EXACT,INCLUDED_EXACT,,,READY_READ_ONLY_INPUT,4101,1254005 | 504010 | 615002,3,NO
4102,3648,0504010|1254005|0609002,"140x200x8 cm, 140x120x100 cm, 140x200 cm, Futón de algodón de colores de dos plazas, 140x200x14,5 cm, Rojo, Azul",publish,496.79,431.99,431.99,NO,3,3,3,0504010 | 0609002 | 1254005,0504010=1 | 0609002=1 | 1254005=1,1254005 | 504010 | 609002,,3,0,COMPLETE_EXACT,INCLUDED_EXACT,,,READY_READ_ONLY_INPUT,4102,1254005 | 504010 | 609002,3,NO
4104,3648,0504010|1254005|0608002,"140x200x8 cm, 140x120x100 cm, 140x200 cm, Futón de algodón de colores de dos plazas, 140x200x14,5 cm, Rojo, Crudo",publish,496.79,431.99,431.99,NO,3,3,3,0504010 | 0608002 | 1254005,0504010=1 | 0608002=1 | 1254005=1,1254005 | 504010 | 608002,,3,0,COMPLETE_EXACT,INCLUDED_EXACT,,,READY_READ_ONLY_INPUT,4104,1254005 | 504010 | 608002,3,NO
4105,3648,0504010|1254005|0606002,"140x200x8 cm, 140x120x100 cm, 140x200 cm, Futón de algodón de colores de dos plazas, 140x200x14,5 cm, Rojo, Granate",publish,496.79,431.99,431.99,NO,3,3,3,0504010 | 0606002 | 1254005,0504010=1 | 0606002=1 | 1254005=1,1254005 | 504010 | 606002,,3,0,COMPLETE_EXACT,INCLUDED_EXACT,,,READY_READ_ONLY_INPUT,4105,1254005 | 504010 | 606002,3,NO
4108,3648,0504010|1254005|0616002,"140x200x8 cm, 140x120x100 cm, 140x200 cm, Futón de algodón de colores de dos plazas, 140x200x14,5 cm, Rojo, Negro",publish,496.79,431.99,431.99,NO,3,3,3,0504010 | 0616002 | 1254005,0504010=1 | 0616002=1 | 1254005=1,1254005 | 504010 | 616002,,3,0,COMPLETE_EXACT,INCLUDED_EXACT,,,READY_READ_ONLY_INPUT,4108,1254005 | 504010 | 616002,3,NO
4109,3648,0504010|1254005|0607002,"140x200x8 cm, 140x120x100 cm, 140x200 cm, Futón de algodón de colores de dos plazas, 140x200x14,5 cm, Rojo, Rojo",publish,496.79,431.99,431.99,NO,3,3,3,0504010 | 0607002 | 1254005,0504010=1 | 0607002=1 | 1254005=1,1254005 | 504010 | 607002,,3,0,COMPLETE_EXACT,INCLUDED_EXACT,,,READY_READ_ONLY_INPUT,4109,1254005 | 504010 | 607002,3,NO
4111,3648,0504010|1254005|0614002,"140x200x8 cm, 140x120x100 cm, 140x200 cm, Futón de algodón de colores de dos plazas, 140x200x14,5 cm, Rojo, Verde",publish,496.79,431.99,431.99,NO,3,3,3,0504010 | 0614002 | 1254005,0504010=1 | 0614002=1 | 1254005=1,1254005 | 504010 | 614002,,3,0,COMPLETE_EXACT,INCLUDED_EXACT,,,READY_READ_ONLY_INPUT,4111,1254005 | 504010 | 614002,3,NO
4124,3649,0502005|0727007,"Futón con una capa de látex, 80x200x13 cm, Sin funda",publish,539,478.74,478.74,NO,2,4,2,0502005 | 0727007,0502005=1 | 0727007=1,502005 | 727007,,2,0,COMPLETE_EXACT,INCLUDED_EXACT,,,READY_READ_ONLY_INPUT,4124,502005 | 727007,2,NO
4128,3649,0502005|0727007|0608007,"Futón con una capa de látex, 80x200x13 cm, Crudo",publish,626,550.74,550.74,NO,3,6,3,0502005 | 0608007 | 0727007,0502005=1 | 0608007=1 | 0727007=1,502005 | 608007 | 727007,,3,0,COMPLETE_EXACT,INCLUDED_EXACT,,,READY_READ_ONLY_INPUT,4128,502005 | 608007 | 727007,3,NO
4132,3649,0502005|0727007|0616007,"Futón con una capa de látex, 80x200x13 cm, Negro",publish,626,550.74,550.74,NO,3,3,3,0502005 | 0616007 | 0727007,0502005=1 | 0616007=1 | 0727007=1,502005 | 616007 | 727007,,3,0,COMPLETE_EXACT,INCLUDED_EXACT,,,READY_READ_ONLY_INPUT,4132,502005 | 616007 | 727007,3,NO
4136,3649,0502005|0730009,"Futón con dos capas de látex, 80x200x13 cm, Sin funda",publish,610,532.94,532.94,NO,2,4,2,0502005 | 0730009,0502005=1 | 0730009=1,502005 | 730009,,2,0,COMPLETE_EXACT,INCLUDED_EXACT,,,READY_READ_ONLY_INPUT,4136,502005 | 730009,2,NO
4140,3649,0502005|0730009|0608007,"Futón con dos capas de látex, 80x200x13 cm, Crudo",publish,697,604.94,604.94,NO,3,6,3,0502005 | 0608007 | 0730009,0502005=1 | 0608007=1 | 0730009=1,502005 | 608007 | 730009,,3,0,COMPLETE_EXACT,INCLUDED_EXACT,,,READY_READ_ONLY_INPUT,4140,502005 | 608007 | 730009,3,NO
4144,3649,0502005|0730009|0616007,"Futón con dos capas de látex, 80x200x13 cm, Negro",publish,697,604.94,604.94,NO,3,3,3,0502005 | 0616007 | 0730009,0502005=1 | 0616007=1 | 0730009=1,502005 | 616007 | 730009,,3,0,COMPLETE_EXACT,INCLUDED_EXACT,,,READY_READ_ONLY_INPUT,4144,502005 | 616007 | 730009,3,NO
4200,3649,0502005|1249001|0608007,"Futón de algodón de colores individual, 80x200x13 cm, Crudo, Crudo",publish,525.72,494.82,494.82,NO,3,6,3,0502005 | 0608007 | 1249001,0502005=1 | 0608007=1 | 1249001=1,1249001 | 502005 | 608007,,3,0,COMPLETE_EXACT,INCLUDED_EXACT,,,READY_READ_ONLY_INPUT,4200,1249001 | 502005 | 608007,3,NO
4208,3650,0502002|0728007,"Futón con una capa de látex, 140x190x14,5 cm, Sin funda",publish,858,764.42,764.42,NO,2,2,2,0502002 | 0728007,0502002=1 | 0728007=1,502002 | 728007,,2,0,COMPLETE_EXACT,INCLUDED_EXACT,,,READY_READ_ONLY_INPUT,4208,502002 | 728007,2,NO
4212,3650,0502002|0728007|0608006,"Futón con una capa de látex, 140x190x14,5 cm, Crudo",publish,939,831.42,831.42,NO,3,3,3,0502002 | 0608006 | 0728007,0502002=1 | 0608006=1 | 0728007=1,502002 | 608006 | 728007,,3,0,COMPLETE_EXACT,INCLUDED_EXACT,,,READY_READ_ONLY_INPUT,4212,502002 | 608006 | 728007,3,NO
4216,3650,0502002|0728007|0616006,"Futón con una capa de látex, 140x190x14,5 cm, Negro",publish,939,831.42,831.42,NO,3,3,3,0502002 | 0616006 | 0728007,0502002=1 | 0616006=1 | 0728007=1,502002 | 616006 | 728007,,3,0,COMPLETE_EXACT,INCLUDED_EXACT,,,READY_READ_ONLY_INPUT,4216,502002 | 616006 | 728007,3,NO
4220,3650,0502002|0730007,"Futón con dos capas de látex, 140x190x14,5 cm, Sin funda",publish,1045,912.50,912.50,NO,2,2,2,0502002 | 0730007,0502002=1 | 0730007=1,502002 | 730007,,2,0,COMPLETE_EXACT,INCLUDED_EXACT,,,READY_READ_ONLY_INPUT,4220,502002 | 730007,2,NO
4224,3650,0502002|0730007|0608006,"Futón con dos capas de látex, 140x190x14,5 cm, Crudo",publish,1127,979.50,979.50,NO,3,3,3,0502002 | 0608006 | 0730007,0502002=1 | 0608006=1 | 0730007=1,502002 | 608006 | 730007,,3,0,COMPLETE_EXACT,INCLUDED_EXACT,,,READY_READ_ONLY_INPUT,4224,502002 | 608006 | 730007,3,NO
4228,3650,0502002|0730007|0616006,"Futón con dos capas de látex, 140x190x14,5 cm, Negro",publish,1127,979.50,979.50,NO,3,3,3,0502002 | 0616006 | 0730007,0502002=1 | 0616006=1 | 0730007=1,502002 | 616006 | 730007,,3,0,COMPLETE_EXACT,INCLUDED_EXACT,,,READY_READ_ONLY_INPUT,4228,502002 | 616006 | 730007,3,NO
4232,3650,0502002|0724008,"Futón de algodón, 140x190x14,5 cm, Sin funda",publish,764,684.54,684.54,NO,2,2,2,0502002 | 0724008,0502002=1 | 0724008=1,502002 | 724008,,2,0,COMPLETE_EXACT,INCLUDED_EXACT,,,READY_READ_ONLY_INPUT,4232,502002 | 724008,2,NO
4236,3650,0502002|0724008|0608006,"Futón de algodón, 140x190x14,5 cm, Crudo",publish,845,751.58,751.58,NO,3,3,3,0502002 | 0608006 | 0724008,0502002=1 | 0608006=1 | 0724008=1,502002 | 608006 | 724008,,3,0,COMPLETE_EXACT,INCLUDED_EXACT,,,READY_READ_ONLY_INPUT,4236,502002 | 608006 | 724008,3,NO
4240,3650,0502002|0724008|0616006,"Futón de algodón, 140x190x14,5 cm, Negro",publish,845,751.58,751.58,NO,3,3,3,0502002 | 0616006 | 0724008,0502002=1 | 0616006=1 | 0724008=1,502002 | 616006 | 724008,,3,0,COMPLETE_EXACT,INCLUDED_EXACT,,,READY_READ_ONLY_INPUT,4240,502002 | 616006 | 724008,3,NO
4292,3651,0502012|0728003,"Futón con una capa de látex, 150x200x14,5 cm, Sin funda, Sin cajón",publish,795.00,770.78,770.78,NO,2,4,2,0502012 | 0728003,0502012=1 | 0728003=1,502012 | 728003,,2,0,COMPLETE_EXACT,INCLUDED_EXACT,,,READY_READ_ONLY_INPUT,4292,502012 | 728003,2,NO
4296,3651,0502012|0728003|0608004,"Futón con una capa de látex, 150x200x14,5 cm, Crudo, Sin cajón",publish,884.00,842.78,842.78,NO,3,6,3,0502012 | 0608004 | 0728003,0502012=1 | 0608004=1 | 0728003=1,502012 | 608004 | 728003,,3,0,COMPLETE_EXACT,INCLUDED_EXACT,,,READY_READ_ONLY_INPUT,4296,502012 | 608004 | 728003,3,NO
4300,3651,0502012|0728003|0616004,"Futón con una capa de látex, 150x200x14,5 cm, Negro, Sin cajón",publish,884.00,842.78,842.78,NO,3,3,3,0502012 | 0616004 | 0728003,0502012=1 | 0616004=1 | 0728003=1,502012 | 616004 | 728003,,3,0,COMPLETE_EXACT,INCLUDED_EXACT,,,READY_READ_ONLY_INPUT,4300,502012 | 616004 | 728003,3,NO
4308,3651,0502012|0730003|0608004,"Futón con dos capas de látex, 150x200x14,5 cm, Crudo, Sin cajón",publish,980.00,944.14,944.14,NO,3,6,3,0502012 | 0608004 | 0730003,0502012=1 | 0608004=1 | 0730003=1,502012 | 608004 | 730003,,3,0,COMPLETE_EXACT,INCLUDED_EXACT,,,READY_READ_ONLY_INPUT,4308,502012 | 608004 | 730003,3,NO
4312,3651,0502012|0730003|0616004,"Futón con dos capas de látex, 150x200x14,5 cm, Negro, Sin cajón",publish,980.00,944.14,944.14,NO,3,3,3,0502012 | 0616004 | 0730003,0502012=1 | 0616004=1 | 0730003=1,502012 | 616004 | 730003,,3,0,COMPLETE_EXACT,INCLUDED_EXACT,,,READY_READ_ONLY_INPUT,4312,502012 | 616004 | 730003,3,NO
4320,3651,0502012|0724004|0608004,"Futón de algodón, 150x200x14,5 cm, Crudo, Sin cajón",publish,818,730.78,730.78,NO,3,6,3,0502012 | 0608004 | 0724004,0502012=1 | 0608004=1 | 0724004=1,502012 | 608004 | 724004,,3,0,COMPLETE_EXACT,INCLUDED_EXACT,,,READY_READ_ONLY_INPUT,4320,502012 | 608004 | 724004,3,NO
4324,3651,0502012|0724004|0616004,"Futón de algodón, 150x200x14,5 cm, Negro, Sin cajón",publish,818,730.78,730.78,NO,3,3,3,0502012 | 0616004 | 0724004,0502012=1 | 0616004=1 | 0724004=1,502012 | 616004 | 724004,,3,0,COMPLETE_EXACT,INCLUDED_EXACT,,,READY_READ_ONLY_INPUT,4324,502012 | 616004 | 724004,3,NO
4376,3651,0502012|0728003|1002004,"Futón con una capa de látex, 150x200x14,5 cm, Sin funda, Con cajón",publish,1018,907.78,907.78,NO,3,6,3,0502012 | 0728003 | 1002004,0502012=1 | 0728003=1 | 1002004=1,1002004 | 502012 | 728003,,3,0,COMPLETE_EXACT,INCLUDED_EXACT,,,READY_READ_ONLY_INPUT,4376,1002004 | 502012 | 728003,3,NO
4377,3651,0502012|0730003|1002004,"Futón con dos capas de látex, 150x200x14,5 cm, Sin funda, Con cajón",publish,1050,1009.14,1009.14,NO,3,6,3,0502012 | 0730003 | 1002004,0502012=1 | 0730003=1 | 1002004=1,1002004 | 502012 | 730003,,3,0,COMPLETE_EXACT,INCLUDED_EXACT,,,READY_READ_ONLY_INPUT,4377,1002004 | 502012 | 730003,3,NO
4378,3651,0502012|0724004|1002004,"Futón de algodón, 150x200x14,5 cm, Sin funda, Con cajón",publish,870,783.78,783.78,NO,3,6,3,0502012 | 0724004 | 1002004,0502012=1 | 0724004=1 | 1002004=1,1002004 | 502012 | 724004,,3,0,COMPLETE_EXACT,INCLUDED_EXACT,,,READY_READ_ONLY_INPUT,4378,1002004 | 502012 | 724004,3,NO
4382,3651,0502012|0730003|1002004|0608004,"Futón con dos capas de látex, 150x200x14,5 cm, Crudo, Con cajón",publish,1170,1081.14,1081.14,NO,4,8,4,0502012 | 0608004 | 0730003 | 1002004,0502012=1 | 0608004=1 | 0730003=1 | 1002004=1,1002004 | 502012 | 608004 | 730003,,4,0,COMPLETE_EXACT,INCLUDED_EXACT,,,READY_READ_ONLY_INPUT,4382,1002004 | 502012 | 608004 | 730003,4,NO
4386,3651,0502012|0730003|1002004|0616004,"Futón con dos capas de látex, 150x200x14,5 cm, Negro, Con cajón",publish,1170,1081.14,1081.14,NO,4,4,4,0502012 | 0616004 | 0730003 | 1002004,0502012=1 | 0616004=1 | 0730003=1 | 1002004=1,1002004 | 502012 | 616004 | 730003,,4,0,COMPLETE_EXACT,INCLUDED_EXACT,,,READY_READ_ONLY_INPUT,4386,1002004 | 502012 | 616004 | 730003,4,NO
4393,3651,0502012|0724004|1002004|0608004,"Futón de algodón, 150x200x14,5 cm, Crudo, Con cajón",publish,969,855.78,855.78,NO,4,8,4,0502012 | 0608004 | 0724004 | 1002004,0502012=1 | 0608004=1 | 0724004=1 | 1002004=1,1002004 | 502012 | 608004 | 724004,,4,0,COMPLETE_EXACT,INCLUDED_EXACT,,,READY_READ_ONLY_INPUT,4393,1002004 | 502012 | 608004 | 724004,4,NO
4397,3651,0502012|0724004|1002004|0616004,"Futón de algodón, 150x200x14,5 cm, Negro, Con cajón",publish,969,855.78,855.78,NO,4,4,4,0502012 | 0616004 | 0724004 | 1002004,0502012=1 | 0616004=1 | 0724004=1 | 1002004=1,1002004 | 502012 | 616004 | 724004,,4,0,COMPLETE_EXACT,INCLUDED_EXACT,,,READY_READ_ONLY_INPUT,4397,1002004 | 502012 | 616004 | 724004,4,NO
4452,3651,0502012|0728003|1002004|0608004,"Futón con una capa de látex, 150x200x14,5 cm, Crudo, Con cajón",publish,1106,979.78,979.78,NO,4,8,4,0502012 | 0608004 | 0728003 | 1002004,0502012=1 | 0608004=1 | 0728003=1 | 1002004=1,1002004 | 502012 | 608004 | 728003,,4,0,COMPLETE_EXACT,INCLUDED_EXACT,,,READY_READ_ONLY_INPUT,4452,1002004 | 502012 | 608004 | 728003,4,NO
4456,3651,0502012|0728003|1002004|0616004,"Futón con una capa de látex, 150x200x14,5 cm, Negro, Con cajón",publish,1106,979.78,979.78,NO,4,4,4,0502012 | 0616004 | 0728003 | 1002004,0502012=1 | 0616004=1 | 0728003=1 | 1002004=1,1002004 | 502012 | 616004 | 728003,,4,0,COMPLETE_EXACT,INCLUDED_EXACT,,,READY_READ_ONLY_INPUT,4456,1002004 | 502012 | 616004 | 728003,4,NO
4460,3652,0504011|0728002,"Futón con una capa de látex, 140x200x14,5 cm, Sin funda",publish,808,738.42,738.42,NO,2,4,2,0504011 | 0728002,0504011=1 | 0728002=1,504011 | 728002,,2,0,COMPLETE_EXACT,INCLUDED_EXACT,,,READY_READ_ONLY_INPUT,4460,504011 | 728002,2,NO
4464,3652,0504011|0728002|0608002,"Futón con una capa de látex, 140x200x14,5 cm, Crudo",publish,895,810.42,810.42,NO,3,6,3,0504011 | 0608002 | 0728002,0504011=1 | 0608002=1 | 0728002=1,504011 | 608002 | 728002,,3,0,COMPLETE_EXACT,INCLUDED_EXACT,,,READY_READ_ONLY_INPUT,4464,504011 | 608002 | 728002,3,NO
4468,3652,0504011|0728002|0616002,"Futón con una capa de látex, 140x200x14,5 cm, Negro",publish,895,810.42,810.42,NO,3,3,3,0504011 | 0616002 | 0728002,0504011=1 | 0616002=1 | 0728002=1,504011 | 616002 | 728002,,3,0,COMPLETE_EXACT,INCLUDED_EXACT,,,READY_READ_ONLY_INPUT,4468,504011 | 616002 | 728002,3,NO
4472,3652,0504011|0730002,"Futón con dos capas de látex, 140x200x14,5 cm, Sin funda",publish,908,853.50,853.50,NO,2,4,2,0504011 | 0730002,0504011=1 | 0730002=1,504011 | 730002,,2,0,COMPLETE_EXACT,INCLUDED_EXACT,,,READY_READ_ONLY_INPUT,4472,504011 | 730002,2,NO
4476,3652,0504011|0730002|0608002,"Futón con dos capas de látex, 140x200x14,5 cm, Crudo",publish,1043,925.50,925.50,NO,3,6,3,0504011 | 0608002 | 0730002,0504011=1 | 0608002=1 | 0730002=1,504011 | 608002 | 730002,,3,0,COMPLETE_EXACT,INCLUDED_EXACT,,,READY_READ_ONLY_INPUT,4476,504011 | 608002 | 730002,3,NO
4480,3652,0504011|0730002|0616002,"Futón con dos capas de látex, 140x200x14,5 cm, Negro",publish,1043,925.50,925.50,NO,3,3,3,0504011 | 0616002 | 0730002,0504011=1 | 0616002=1 | 0730002=1,504011 | 616002 | 730002,,3,0,COMPLETE_EXACT,INCLUDED_EXACT,,,READY_READ_ONLY_INPUT,4480,504011 | 616002 | 730002,3,NO
4484,3652,0504011|0724003,"Futón de algodón, 140x200x14,5 cm, Sin funda",publish,706,649.58,649.58,NO,2,4,2,0504011 | 0724003,0504011=1 | 0724003=1,504011 | 724003,,2,0,COMPLETE_EXACT,INCLUDED_EXACT,,,READY_READ_ONLY_INPUT,4484,504011 | 724003,2,NO
4488,3652,0504011|0724003|0608002,"Futón de algodón, 140x200x14,5 cm, Crudo",publish,794,721.58,721.58,NO,3,6,3,0504011 | 0608002 | 0724003,0504011=1 | 0608002=1 | 0724003=1,504011 | 608002 | 724003,,3,0,COMPLETE_EXACT,INCLUDED_EXACT,,,READY_READ_ONLY_INPUT,4488,504011 | 608002 | 724003,3,NO
4492,3652,0504011|0724003|0616002,"Futón de algodón, 140x200x14,5 cm, Negro",publish,794,721.58,721.58,NO,3,3,3,0504011 | 0616002 | 0724003,0504011=1 | 0616002=1 | 0724003=1,504011 | 616002 | 724003,,3,0,COMPLETE_EXACT,INCLUDED_EXACT,,,READY_READ_ONLY_INPUT,4492,504011 | 616002 | 724003,3,NO
4556,3657,0201011|0809001,Azul,publish,264.00,232,232,NO,2,4,2,0201011 | 0809001,0201011=1 | 0809001=1,201011 | 809001,,2,0,COMPLETE_EXACT,INCLUDED_EXACT,,,READY_READ_ONLY_INPUT,4556,201011 | 809001,2,NO
4557,3657,0201011|0817001,Granate,private,264.00,219.00,219.00,NO,2,4,2,0201011 | 0817001,0201011=1 | 0817001=1,201011 | 817001,,2,0,COMPLETE_EXACT,INCLUDED_EXACT,,,READY_READ_ONLY_INPUT,4557,201011 | 817001,2,NO
4558,3657,0201011|0808001,Crudo,publish,264.00,232,232,NO,2,4,2,0201011 | 0808001,0201011=1 | 0808001=1,201011 | 808001,,2,0,COMPLETE_EXACT,INCLUDED_EXACT,,,READY_READ_ONLY_INPUT,4558,201011 | 808001,2,NO
4559,3657,0201011|0859002,Verde oscuro,private,264.00,219.00,219.00,NO,2,2,2,0201011 | 0859002,0201011=1 | 0859002=1,201011 | 859002,,2,0,COMPLETE_EXACT,INCLUDED_EXACT,,,READY_READ_ONLY_INPUT,4559,201011 | 859002,2,NO
4561,3657,0201011|0816001,Negro,publish,264.00,232,232,NO,2,4,2,0201011 | 0816001,0201011=1 | 0816001=1,201011 | 816001,,2,0,COMPLETE_EXACT,INCLUDED_EXACT,,,READY_READ_ONLY_INPUT,4561,201011 | 816001,2,NO
4562,3658,0201001|0201001|1249001|1249001,"Crudo, Crudo, Sin funda, Sin funda",publish,816.00,615.90,615.90,NO,2,6,2,0201001 | 1249001,0201001=2 | 1249001=2,1249001 | 201001,,2,0,COMPLETE_EXACT,INCLUDED_EXACT,,,READY_READ_ONLY_INPUT,4562,1249001 | 201001,2,NO
4590,3658,0201001|0201001|1249001|1249001|0608007|0608007,"Crudo, Crudo, Crudo, Crudo",publish,950.00,749.90,749.90,NO,3,6,3,0201001 | 0608007 | 1249001,0201001=2 | 0608007=2 | 1249001=2,1249001 | 201001 | 608007,,3,0,COMPLETE_EXACT,INCLUDED_EXACT,,,READY_READ_ONLY_INPUT,4590,1249001 | 201001 | 608007,3,NO
4628,3658,0201001|0201001|1249001|1249001|0608007|0619007,"Crudo, Crudo, Crudo, Marrón",publish,950,749.90,749.90,NO,4,4,4,0201001 | 0608007 | 0619007 | 1249001,0201001=2 | 0608007=1 | 0619007=1 | 1249001=2,1249001 | 201001 | 608007 | 619007,,4,0,COMPLETE_EXACT,INCLUDED_EXACT,,,READY_READ_ONLY_INPUT,4628,1249001 | 201001 | 608007 | 619007,4,NO
6093,3652,0504011|0724003|0617002,"Futón de algodón, 140x200x14,5 cm, Gris jaspeado",publish,794,721.58,721.58,NO,3,6,3,0504011 | 0617002 | 0724003,0504011=1 | 0617002=1 | 0724003=1,504011 | 617002 | 724003,,3,0,COMPLETE_EXACT,INCLUDED_EXACT,,,READY_READ_ONLY_INPUT,6093,504011 | 617002 | 724003,3,NO
6094,3652,0504011|0724003|0619002,"Futón de algodón, 140x200x14,5 cm, Beige jaspeado",publish,794,721.58,721.58,NO,3,3,3,0504011 | 0619002 | 0724003,0504011=1 | 0619002=1 | 0724003=1,504011 | 619002 | 724003,,3,0,COMPLETE_EXACT,INCLUDED_EXACT,,,READY_READ_ONLY_INPUT,6094,504011 | 619002 | 724003,3,NO
6095,3652,0504011|0730002|0617002,"Futón con dos capas de látex, 140x200x14,5 cm, Gris jaspeado",publish,1043,925.50,925.50,NO,3,6,3,0504011 | 0617002 | 0730002,0504011=1 | 0617002=1 | 0730002=1,504011 | 617002 | 730002,,3,0,COMPLETE_EXACT,INCLUDED_EXACT,,,READY_READ_ONLY_INPUT,6095,504011 | 617002 | 730002,3,NO
6096,3652,0504011|0730002|0619002,"Futón con dos capas de látex, 140x200x14,5 cm, Beige jaspeado",publish,1043,925.50,925.50,NO,3,3,3,0504011 | 0619002 | 0730002,0504011=1 | 0619002=1 | 0730002=1,504011 | 619002 | 730002,,3,0,COMPLETE_EXACT,INCLUDED_EXACT,,,READY_READ_ONLY_INPUT,6096,504011 | 619002 | 730002,3,NO
6284,3651,0502012|0728003|1002004|0617004,"Futón con una capa de látex, 150x200x14,5 cm, Gris jaspeado, Con cajón",publish,1106,979.78,979.78,NO,4,8,4,0502012 | 0617004 | 0728003 | 1002004,0502012=1 | 0617004=1 | 0728003=1 | 1002004=1,1002004 | 502012 | 617004 | 728003,,4,0,COMPLETE_EXACT,INCLUDED_EXACT,,,READY_READ_ONLY_INPUT,6284,1002004 | 502012 | 617004 | 728003,4,NO
6285,3651,0502012|0724004|0617004,"Futón de algodón, 150x200x14,5 cm, Gris jaspeado, Sin cajón",publish,818,730.78,730.78,NO,3,6,3,0502012 | 0617004 | 0724004,0502012=1 | 0617004=1 | 0724004=1,502012 | 617004 | 724004,,3,0,COMPLETE_EXACT,INCLUDED_EXACT,,,READY_READ_ONLY_INPUT,6285,502012 | 617004 | 724004,3,NO
6286,3651,0502012|0724004|0619004,"Futón de algodón, 150x200x14,5 cm, Beige jaspeado, Sin cajón",publish,818,730.78,730.78,NO,3,3,3,0502012 | 0619004 | 0724004,0502012=1 | 0619004=1 | 0724004=1,502012 | 619004 | 724004,,3,0,COMPLETE_EXACT,INCLUDED_EXACT,,,READY_READ_ONLY_INPUT,6286,502012 | 619004 | 724004,3,NO
6287,3651,0502012|0724004|1002004|0617004,"Futón de algodón, 150x200x14,5 cm, Gris jaspeado, Con cajón",publish,969,855.78,855.78,NO,4,8,4,0502012 | 0617004 | 0724004 | 1002004,0502012=1 | 0617004=1 | 0724004=1 | 1002004=1,1002004 | 502012 | 617004 | 724004,,4,0,COMPLETE_EXACT,INCLUDED_EXACT,,,READY_READ_ONLY_INPUT,6287,1002004 | 502012 | 617004 | 724004,4,NO
6288,3651,0502012|0724004|1002004|0619004,"Futón de algodón, 150x200x14,5 cm, Beige jaspeado, Con cajón",publish,969,855.78,855.78,NO,4,4,4,0502012 | 0619004 | 0724004 | 1002004,0502012=1 | 0619004=1 | 0724004=1 | 1002004=1,1002004 | 502012 | 619004 | 724004,,4,0,COMPLETE_EXACT,INCLUDED_EXACT,,,READY_READ_ONLY_INPUT,6288,1002004 | 502012 | 619004 | 724004,4,NO
6289,3651,0502012|0730003|1002004|0617004,"Futón con dos capas de látex, 150x200x14,5 cm, Gris jaspeado, Con cajón",publish,1170,1081.14,1081.14,NO,4,8,4,0502012 | 0617004 | 0730003 | 1002004,0502012=1 | 0617004=1 | 0730003=1 | 1002004=1,1002004 | 502012 | 617004 | 730003,,4,0,COMPLETE_EXACT,INCLUDED_EXACT,,,READY_READ_ONLY_INPUT,6289,1002004 | 502012 | 617004 | 730003,4,NO
6292,3650,0502002|0724008|0617002,"Futón de algodón, 140x190x14,5 cm, Gris jaspeado",publish,845,751.58,751.58,NO,3,3,3,0502002 | 0617002 | 0724008,0502002=1 | 0617002=1 | 0724008=1,502002 | 617002 | 724008,,3,0,COMPLETE_EXACT,INCLUDED_EXACT,,,READY_READ_ONLY_INPUT,6292,502002 | 617002 | 724008,3,NO
6293,3650,0502002|0724008|0619002,"Futón de algodón, 140x190x14,5 cm, Beige jaspeado",publish,845,751.58,751.58,NO,3,3,3,0502002 | 0619002 | 0724008,0502002=1 | 0619002=1 | 0724008=1,502002 | 619002 | 724008,,3,0,COMPLETE_EXACT,INCLUDED_EXACT,,,READY_READ_ONLY_INPUT,6293,502002 | 619002 | 724008,3,NO
6294,3650,0502002|0730007|0619002,"Futón con dos capas de látex, 140x190x14,5 cm, Beige jaspeado",publish,1127,979.50,979.50,NO,3,3,3,0502002 | 0619002 | 0730007,0502002=1 | 0619002=1 | 0730007=1,502002 | 619002 | 730007,,3,0,COMPLETE_EXACT,INCLUDED_EXACT,,,READY_READ_ONLY_INPUT,6294,502002 | 619002 | 730007,3,NO
6295,3650,0502002|0728007|0619002,"Futón con una capa de látex, 140x190x14,5 cm, Beige jaspeado",publish,939,831.42,831.42,NO,3,3,3,0502002 | 0619002 | 0728007,0502002=1 | 0619002=1 | 0728007=1,502002 | 619002 | 728007,,3,0,COMPLETE_EXACT,INCLUDED_EXACT,,,READY_READ_ONLY_INPUT,6295,502002 | 619002 | 728007,3,NO
6298,3647,0504012|0724003|0617002,"Futón de algodón, 140x200x14,5 cm, Gris jaspeado",publish,899,787.90,787.90,NO,3,6,3,0504012 | 0617002 | 0724003,0504012=1 | 0617002=1 | 0724003=1,504012 | 617002 | 724003,,3,0,COMPLETE_EXACT,INCLUDED_EXACT,,,READY_READ_ONLY_INPUT,6298,504012 | 617002 | 724003,3,NO
6304,3647,0504012|0724003|0619002,"Futón de algodón, 140x200x14,5 cm, Beige jaspeado",publish,899,787.90,787.90,NO,3,3,3,0504012 | 0619002 | 0724003,0504012=1 | 0619002=1 | 0724003=1,504012 | 619002 | 724003,,3,0,COMPLETE_EXACT,INCLUDED_EXACT,,,READY_READ_ONLY_INPUT,6304,504012 | 619002 | 724003,3,NO
6305,3647,0504012|0730002|0617002,"Futón con dos capas de látex, 140x200x14,5 cm, Gris jaspeado",publish,1147,991.90,991.90,NO,3,6,3,0504012 | 0617002 | 0730002,0504012=1 | 0617002=1 | 0730002=1,504012 | 617002 | 730002,,3,0,COMPLETE_EXACT,INCLUDED_EXACT,,,READY_READ_ONLY_INPUT,6305,504012 | 617002 | 730002,3,NO
6306,3647,0504012|0730002|0619002,"Futón con dos capas de látex, 140x200x14,5 cm, Beige jaspeado",publish,1147,991.90,991.90,NO,3,3,3,0504012 | 0619002 | 0730002,0504012=1 | 0619002=1 | 0730002=1,504012 | 619002 | 730002,,3,0,COMPLETE_EXACT,INCLUDED_EXACT,,,READY_READ_ONLY_INPUT,6306,504012 | 619002 | 730002,3,NO
6307,3647,0504012|0728002|0617002,"Futón con una capa de látex, 140x200x14,5 cm, Gris jaspeado",publish,943,871.90,871.90,NO,3,6,3,0504012 | 0617002 | 0728002,0504012=1 | 0617002=1 | 0728002=1,504012 | 617002 | 728002,,3,0,COMPLETE_EXACT,INCLUDED_EXACT,,,READY_READ_ONLY_INPUT,6307,504012 | 617002 | 728002,3,NO
6308,3647,0504012|0728002|0619002,"Futón con una capa de látex, 140x200x14,5 cm, Beige jaspeado",publish,943,871.90,871.90,NO,3,3,3,0504012 | 0619002 | 0728002,0504012=1 | 0619002=1 | 0728002=1,504012 | 619002 | 728002,,3,0,COMPLETE_EXACT,INCLUDED_EXACT,,,READY_READ_ONLY_INPUT,6308,504012 | 619002 | 728002,3,NO
8235,3651,0502012|0724004,"Futón de algodón, 150x200x14,5 cm, Sin funda, Sin cajón",publish,731,658.78,658.78,NO,2,4,2,0502012 | 0724004,0502012=1 | 0724004=1,502012 | 724004,,2,0,COMPLETE_EXACT,INCLUDED_EXACT,,,READY_READ_ONLY_INPUT,8235,502012 | 724004,2,NO
9441,3651,0502012|0728003|0617004,"Futón con una capa de látex, 150x200x14,5 cm, Gris jaspeado, Sin cajón",publish,884,842.78,842.78,NO,3,6,3,0502012 | 0617004 | 0728003,0502012=1 | 0617004=1 | 0728003=1,502012 | 617004 | 728003,,3,0,COMPLETE_EXACT,INCLUDED_EXACT,,,READY_READ_ONLY_INPUT,9441,502012 | 617004 | 728003,3,NO
9442,3651,0502012|0728003|0619004,"Futón con una capa de látex, 150x200x14,5 cm, Beige jaspeado, Sin cajón",publish,884,842.78,842.78,NO,3,3,3,0502012 | 0619004 | 0728003,0502012=1 | 0619004=1 | 0728003=1,502012 | 619004 | 728003,,3,0,COMPLETE_EXACT,INCLUDED_EXACT,,,READY_READ_ONLY_INPUT,9442,502012 | 619004 | 728003,3,NO
9443,3651,0502012|0730003|0619004,"Futón con dos capas de látex, 150x200x14,5 cm, Beige jaspeado, Sin cajón",publish,1080,944.14,944.14,NO,3,3,3,0502012 | 0619004 | 0730003,0502012=1 | 0619004=1 | 0730003=1,502012 | 619004 | 730003,,3,0,COMPLETE_EXACT,INCLUDED_EXACT,,,READY_READ_ONLY_INPUT,9443,502012 | 619004 | 730003,3,NO
9447,3651,0502012|0730003|0617004,"Futón con dos capas de látex, 150x200x14,5 cm, Gris jaspeado, Sin cajón",publish,1080,944.14,944.14,NO,3,6,3,0502012 | 0617004 | 0730003,0502012=1 | 0617004=1 | 0730003=1,502012 | 617004 | 730003,,3,0,COMPLETE_EXACT,INCLUDED_EXACT,,,READY_READ_ONLY_INPUT,9447,502012 | 617004 | 730003,3,NO
9448,3651,0502012|0730003|1002004|0619004,"Futón con dos capas de látex, 150x200x14,5 cm, Beige jaspeado, Con cajón",publish,1170,1081.14,1081.14,NO,4,4,4,0502012 | 0619004 | 0730003 | 1002004,0502012=1 | 0619004=1 | 0730003=1 | 1002004=1,1002004 | 502012 | 619004 | 730003,,4,0,COMPLETE_EXACT,INCLUDED_EXACT,,,READY_READ_ONLY_INPUT,9448,1002004 | 502012 | 619004 | 730003,4,NO
9452,3651,0502012|0728003|1002004|0619004,"Futón con una capa de látex, 150x200x14,5 cm, Beige jaspeado, Con cajón",publish,1106,979.78,979.78,NO,4,4,4,0502012 | 0619004 | 0728003 | 1002004,0502012=1 | 0619004=1 | 0728003=1 | 1002004=1,1002004 | 502012 | 619004 | 728003,,4,0,COMPLETE_EXACT,INCLUDED_EXACT,,,READY_READ_ONLY_INPUT,9452,1002004 | 502012 | 619004 | 728003,4,NO
9456,3650,0502002|0728007|0617002,"Futón con una capa de látex, 140x190x14,5 cm, Gris jaspeado",publish,939,831.42,831.42,NO,3,3,3,0502002 | 0617002 | 0728007,0502002=1 | 0617002=1 | 0728007=1,502002 | 617002 | 728007,,3,0,COMPLETE_EXACT,INCLUDED_EXACT,,,READY_READ_ONLY_INPUT,9456,502002 | 617002 | 728007,3,NO
9457,3650,0502002|0730007|0617002,"Futón con dos capas de látex, 140x190x14,5 cm, Gris jaspeado",publish,1127,979.50,979.50,NO,3,3,3,0502002 | 0617002 | 0730007,0502002=1 | 0617002=1 | 0730007=1,502002 | 617002 | 730007,,3,0,COMPLETE_EXACT,INCLUDED_EXACT,,,READY_READ_ONLY_INPUT,9457,502002 | 617002 | 730007,3,NO
9458,3652,0504011|0728002|0617002,"Futón con una capa de látex, 140x200x14,5 cm, Gris jaspeado",publish,895,810.42,810.42,NO,3,6,3,0504011 | 0617002 | 0728002,0504011=1 | 0617002=1 | 0728002=1,504011 | 617002 | 728002,,3,0,COMPLETE_EXACT,INCLUDED_EXACT,,,READY_READ_ONLY_INPUT,9458,504011 | 617002 | 728002,3,NO
9459,3652,0504011|0728002|0619002,"Futón con una capa de látex, 140x200x14,5 cm, Beige jaspeado",publish,895,810.42,810.42,NO,3,3,3,0504011 | 0619002 | 0728002,0504011=1 | 0619002=1 | 0728002=1,504011 | 619002 | 728002,,3,0,COMPLETE_EXACT,INCLUDED_EXACT,,,READY_READ_ONLY_INPUT,9459,504011 | 619002 | 728002,3,NO
9526,3651,0502012|0730003,"Futón con dos capas de látex, 150x200x14,5 cm, Sin funda, Sin cajón",publish,923,872.14,872.14,NO,2,4,2,0502012 | 0730003,0502012=1 | 0730003=1,502012 | 730003,,2,0,COMPLETE_EXACT,INCLUDED_EXACT,,,READY_READ_ONLY_INPUT,9526,502012 | 730003,2,NO
11119,3647,0504012|0724003|0619009,"Futón de algodón, 140x200x14,5 cm, Marrón",publish,899,787.90,787.90,NO,3,3,3,0504012 | 0619009 | 0724003,0504012=1 | 0619009=1 | 0724003=1,504012 | 619009 | 724003,,3,0,COMPLETE_EXACT,INCLUDED_EXACT,,,READY_READ_ONLY_INPUT,11119,504012 | 619009 | 724003,3,NO
11120,3647,0504012|0728002|0619009,"Futón con una capa de látex, 140x200x14,5 cm, Marrón",publish,943,871.90,871.90,NO,3,3,3,0504012 | 0619009 | 0728002,0504012=1 | 0619009=1 | 0728002=1,504012 | 619009 | 728002,,3,0,COMPLETE_EXACT,INCLUDED_EXACT,,,READY_READ_ONLY_INPUT,11120,504012 | 619009 | 728002,3,NO
11121,3647,0504012|0730002|0619009,"Futón con dos capas de látex, 140x200x14,5 cm, Marrón",publish,1147,991.90,991.90,NO,3,3,3,0504012 | 0619009 | 0730002,0504012=1 | 0619009=1 | 0730002=1,504012 | 619009 | 730002,,3,0,COMPLETE_EXACT,INCLUDED_EXACT,,,READY_READ_ONLY_INPUT,11121,504012 | 619009 | 730002,3,NO
11123,3650,0502002|0724008|0619009,"Futón de algodón, 140x190x14,5 cm, Marrón",publish,845,751.58,751.58,NO,3,3,3,0502002 | 0619009 | 0724008,0502002=1 | 0619009=1 | 0724008=1,502002 | 619009 | 724008,,3,0,COMPLETE_EXACT,INCLUDED_EXACT,,,READY_READ_ONLY_INPUT,11123,502002 | 619009 | 724008,3,NO
11125,3650,0502002|0728007|0619009,"Futón con una capa de látex, 140x190x14,5 cm, Marrón",publish,939,831.42,831.42,NO,3,3,3,0502002 | 0619009 | 0728007,0502002=1 | 0619009=1 | 0728007=1,502002 | 619009 | 728007,,3,0,COMPLETE_EXACT,INCLUDED_EXACT,,,READY_READ_ONLY_INPUT,11125,502002 | 619009 | 728007,3,NO
11126,3650,0502002|0730007|0619009,"Futón con dos capas de látex, 140x190x14,5 cm, Marrón",publish,1127,979.50,979.50,NO,3,3,3,0502002 | 0619009 | 0730007,0502002=1 | 0619009=1 | 0730007=1,502002 | 619009 | 730007,,3,0,COMPLETE_EXACT,INCLUDED_EXACT,,,READY_READ_ONLY_INPUT,11126,502002 | 619009 | 730007,3,NO
11127,3652,0504011|0724003|0619009,"Futón de algodón, 140x200x14,5 cm, Marrón",publish,794,721.58,721.58,NO,3,3,3,0504011 | 0619009 | 0724003,0504011=1 | 0619009=1 | 0724003=1,504011 | 619009 | 724003,,3,0,COMPLETE_EXACT,INCLUDED_EXACT,,,READY_READ_ONLY_INPUT,11127,504011 | 619009 | 724003,3,NO
11128,3652,0504011|0728002|0619009,"Futón con una capa de látex, 140x200x14,5 cm, Marrón",publish,895,810.42,810.42,NO,3,3,3,0504011 | 0619009 | 0728002,0504011=1 | 0619009=1 | 0728002=1,504011 | 619009 | 728002,,3,0,COMPLETE_EXACT,INCLUDED_EXACT,,,READY_READ_ONLY_INPUT,11128,504011 | 619009 | 728002,3,NO
11129,3652,0504011|0730002|0619009,"Futón con dos capas de látex, 140x200x14,5 cm, Marrón",publish,1043,925.50,925.50,NO,3,3,3,0504011 | 0619009 | 0730002,0504011=1 | 0619009=1 | 0730002=1,504011 | 619009 | 730002,,3,0,COMPLETE_EXACT,INCLUDED_EXACT,,,READY_READ_ONLY_INPUT,11129,504011 | 619009 | 730002,3,NO
11131,3649,0502005|1249001|0619007,"Futón de algodón de colores individual, 80x200x13 cm, Crudo, Marrón",publish,525.72,494.82,494.82,NO,3,3,3,0502005 | 0619007 | 1249001,0502005=1 | 0619007=1 | 1249001=1,1249001 | 502005 | 619007,,3,0,COMPLETE_EXACT,INCLUDED_EXACT,,,READY_READ_ONLY_INPUT,11131,1249001 | 502005 | 619007,3,NO
11132,3649,0502005|0727007|0619007,"Futón con una capa de látex, 80x200x13 cm, Marrón",publish,626,550.74,550.74,NO,3,3,3,0502005 | 0619007 | 0727007,0502005=1 | 0619007=1 | 0727007=1,502005 | 619007 | 727007,,3,0,COMPLETE_EXACT,INCLUDED_EXACT,,,READY_READ_ONLY_INPUT,11132,502005 | 619007 | 727007,3,NO
11133,3649,0502005|0730009|0619007,"Futón con dos capas de látex, 80x200x13 cm, Marrón",publish,697,604.94,604.94,NO,3,3,3,0502005 | 0619007 | 0730009,0502005=1 | 0619007=1 | 0730009=1,502005 | 619007 | 730009,,3,0,COMPLETE_EXACT,INCLUDED_EXACT,,,READY_READ_ONLY_INPUT,11133,502005 | 619007 | 730009,3,NO
11135,3651,0502012|0728003|0619010,"Futón con una capa de látex, 150x200x14,5 cm, Marrón, Sin cajón",publish,884,842.78,842.78,NO,3,3,3,0502012 | 0619010 | 0728003,0502012=1 | 0619010=1 | 0728003=1,502012 | 619010 | 728003,,3,0,COMPLETE_EXACT,INCLUDED_EXACT,,,READY_READ_ONLY_INPUT,11135,502012 | 619010 | 728003,3,NO
11136,3651,0502012|0730003|0619010,"Futón con dos capas de látex, 150x200x14,5 cm, Marrón, Sin cajón",publish,980,944.14,944.14,NO,3,3,3,0502012 | 0619010 | 0730003,0502012=1 | 0619010=1 | 0730003=1,502012 | 619010 | 730003,,3,0,COMPLETE_EXACT,INCLUDED_EXACT,,,READY_READ_ONLY_INPUT,11136,502012 | 619010 | 730003,3,NO
11137,3651,0502012|0724004|0619010,"Futón de algodón, 150x200x14,5 cm, Marrón, Sin cajón",publish,818,730.78,730.78,NO,3,3,3,0502012 | 0619010 | 0724004,0502012=1 | 0619010=1 | 0724004=1,502012 | 619010 | 724004,,3,0,COMPLETE_EXACT,INCLUDED_EXACT,,,READY_READ_ONLY_INPUT,11137,502012 | 619010 | 724004,3,NO
11139,3651,0502012|0730003|1002004|0619010,"Futón con dos capas de látex, 150x200x14,5 cm, Marrón, Con cajón",publish,1170,1081.14,1081.14,NO,4,4,4,0502012 | 0619010 | 0730003 | 1002004,0502012=1 | 0619010=1 | 0730003=1 | 1002004=1,1002004 | 502012 | 619010 | 730003,,4,0,COMPLETE_EXACT,INCLUDED_EXACT,,,READY_READ_ONLY_INPUT,11139,1002004 | 502012 | 619010 | 730003,4,NO
11140,3651,0502012|0728003|1002004|0619010,"Futón con una capa de látex, 150x200x14,5 cm, Marrón, Con cajón",publish,1106,979.78,979.78,NO,4,4,4,0502012 | 0619010 | 0728003 | 1002004,0502012=1 | 0619010=1 | 0728003=1 | 1002004=1,1002004 | 502012 | 619010 | 728003,,4,0,COMPLETE_EXACT,INCLUDED_EXACT,,,READY_READ_ONLY_INPUT,11140,1002004 | 502012 | 619010 | 728003,4,NO
11141,3651,0502012|0724004|1002004|0619010,"Futón de algodón, 150x200x14,5 cm, Marrón, Con cajón",publish,958,855.78,855.78,NO,4,4,4,0502012 | 0619010 | 0724004 | 1002004,0502012=1 | 0619010=1 | 0724004=1 | 1002004=1,1002004 | 502012 | 619010 | 724004,,4,0,COMPLETE_EXACT,INCLUDED_EXACT,,,READY_READ_ONLY_INPUT,11141,1002004 | 502012 | 619010 | 724004,4,NO
11653,11652,1242002A|0609007B,Violeta,publish,248,169,169,NO,2,2,2,0609007B | 1242002A,0609007B=1 | 1242002A=1,,10035 | 9094,2,0,COMPLETE_EXACT,INCLUDED_EXACT,,,READY_READ_ONLY_INPUT,11653,,2,NO
11663,11662,0726007A|0606001A,"13 cm, 4 cm, 80x200x13 cm, Crudo",publish,334,226,226,NO,2,2,2,0606001A | 0726007A,0606001A=1 | 0726007A=1,,10406 | 10497,2,0,COMPLETE_EXACT,INCLUDED_EXACT,,,READY_READ_ONLY_INPUT,11663,,2,NO
11836,3649,0502005|1249001|0616007,"Futón de algodón de colores individual, 80x200x13 cm, Crudo, Negro",publish,525.72,494.82,494.82,NO,3,3,3,0502005 | 0616007 | 1249001,0502005=1 | 0616007=1 | 1249001=1,1249001 | 502005 | 616007,,3,0,COMPLETE_EXACT,INCLUDED_EXACT,,,READY_READ_ONLY_INPUT,11836,1249001 | 502005 | 616007,3,NO
11837,3649,0502005|1249001,"Futón de algodón de colores individual, 80x200x13 cm, Crudo, Sin funda",publish,450.90,417.82,417.82,NO,2,4,2,0502005 | 1249001,0502005=1 | 1249001=1,1249001 | 502005,,2,0,COMPLETE_EXACT,INCLUDED_EXACT,,,READY_READ_ONLY_INPUT,11837,1249001 | 502005,2,NO
13091,3657,0201011|0818001,Marrón Chocolate,publish,264,232,232,NO,2,2,2,0201011 | 0818001,0201011=1 | 0818001=1,201011 | 818001,,2,0,COMPLETE_EXACT,INCLUDED_EXACT,,,READY_READ_ONLY_INPUT,13091,201011 | 818001,2,NO
13092,3658,0201001|0201001|1249001|1249001|0619007|0619007,"Crudo, Crudo, Marrón, Marrón",publish,950,749.90,749.90,NO,3,3,3,0201001 | 0619007 | 1249001,0201001=2 | 0619007=2 | 1249001=2,1249001 | 201001 | 619007,,3,0,COMPLETE_EXACT,INCLUDED_EXACT,,,READY_READ_ONLY_INPUT,13092,1249001 | 201001 | 619007,3,NO
